candidate,case_id,case_index,collision_event_error,disagreement_mse,disagreement_pixel_frechet,disagreement_ssim_error,disagreement_temporal_gradient_mse,energy_drift,exact_miss_mse,exact_miss_pixel_frechet,exact_miss_ssim_error,exact_miss_temporal_gradient_mse,failed_collision_event_error,failed_energy_drift,failed_kinematic_residual,failed_momentum_drift,failed_position_rmse,failed_velocity_rmse,initial_condition_error,kinematic_residual,model_seed,momentum_drift,mse,partial_error,pixel_frechet,position_rmse,post_contact_position_rmse,psnr,ratio_to_random_mse,ratio_to_random_pixel_frechet,ratio_to_random_ssim_error,ratio_to_random_temporal_gradient_mse,ssim,ssim_error,state_failure,temporal_gradient_mse,velocity_rmse
analytic-oracle,test-0000,0,0.0,False,False,False,False,0.0,False,False,False,False,False,False,False,False,False,False,0.0,0.0007464962975241056,,0.0,0.0,False,0.0,0.0,0.0,120.0,0.0,0.0,0.0,0.0,1.0,0.0,False,0.0,0.0
persistence,test-0000,0,1.0,False,True,False,True,0.0,False,False,False,False,True,False,True,False,False,True,0.0,0.5811352540183394,,0.0,0.010400273837149143,True,0.003828377687593706,0.03010710609319395,0.02887204307170256,19.829552256630322,0.4400520234448332,0.052021390950928954,0.4398479428603252,0.014304010722124776,0.5760932404076744,0.4239067595923256,True,0.00034591153962537646,0.8707379792473493
linear-extrapolation,test-0000,0,1.0,False,True,False,True,0.0,False,False,False,False,True,False,False,False,True,True,0.0,3.3990168201047087e-14,,0.0,0.00941447727382183,True,0.0030064086346731737,0.06096187789843635,0.08130332151221845,20.262037885944242,0.3983414128215212,0.04085217596200234,0.43991359308753497,0.014595958437690465,0.5760299695079584,0.4239700304920416,True,0.00035297166323289275,0.8707379792473493
learned-seed-11,test-0000,0,1.0,False,True,False,True,43.23201223278141,False,False,False,False,True,True,True,True,False,True,0.0,1.6989356698144544,11,5.674258033634286,0.011463354341685772,True,0.002936329562335037,0.040827570265468925,0.05359066145620561,19.406882829857693,0.4850326397662137,0.03989991599261775,0.4850957541918016,0.022960210423412477,0.5324853222816096,0.4675146777183904,True,0.0005552429938688874,1.9114912663026777
learned-seed-29,test-0000,0,0.0,False,True,False,True,6.765355844763148,False,False,False,False,False,True,True,True,False,True,0.0,0.4753507766330653,29,1.278940331803811,0.010466061532497406,True,0.009609837612143141,0.03802269658540538,0.05051392026499335,19.802167162669512,0.4428356048109668,0.1305819749750079,0.4427722913808281,0.0399342001281516,0.5732748775498568,0.42672512245014316,True,0.0009657221962697804,0.7038384973640134
learned-seed-47,test-0000,0,1.0,False,True,False,True,37.856877898891724,False,False,False,False,True,True,True,True,False,True,0.0,1.932541662879485,47,6.009894510386603,0.014485323801636696,True,0.00430485257701952,0.046328173679649184,0.05938974729527951,18.390717922315496,0.6128969437703875,0.058495905359850955,0.6128010002411236,0.016464560293215906,0.40940843192793697,0.590591568072063,True,0.0003981597546953708,2.0234231199186827
analytic-oracle,test-0001,1,0.0,False,False,False,False,4.124077244363888e-16,False,False,False,False,False,False,False,False,False,False,0.0,0.01387992828841285,,0.0,0.0,False,0.0,0.0,0.0,120.0,0.0,0.0,0.0,0.0,1.0,0.0,False,0.0,0.0
persistence,test-0001,1,1.0,False,True,False,True,0.0,False,False,False,False,True,False,True,False,False,True,0.0,0.5188498785016663,,0.0,0.0077703665010631084,True,0.0017971498305640562,0.029090786447165128,0.028261550253156104,21.09558496561309,0.5133099410153307,0.06345814783300657,0.5137279591328907,0.014926852432602795,0.518519904022476,0.48148009597752395,True,0.00023104102001525462,0.7611663797328481
linear-extrapolation,test-0001,1,1.0,False,True,False,True,0.0,False,False,False,False,True,False,False,False,True,True,0.0,2.94436182491435e-14,,0.0,0.005949290934950113,True,0.0007145104357018149,0.051656576810722256,0.07037309904640641,22.255347924880574,0.3930097992783831,0.025229676505470193,0.42876114160628004,0.015218603106475569,0.5981531626963236,0.40184683730367643,True,0.00023555679945275187,0.7611663797328481
learned-seed-11,test-0001,1,1.0,False,True,False,True,32.92033959175743,False,False,False,False,True,True,True,True,True,True,0.0,2.1752427753896293,11,5.617753174711048,0.007928295060992241,True,0.00097710457415098,0.052338351486329204,0.07071456958796993,21.00820195432945,0.523742692130837,0.034501990574329996,0.5382643036053024,0.020723238715767388,0.49552376125568065,0.5044762387443193,True,0.0003207587287761271,2.3610230129708705
learned-seed-29,test-0001,1,1.0,False,True,False,True,70.71373226885395,False,False,False,False,True,True,True,True,False,True,0.0,0.9959274153720242,29,5.155385405732982,0.00522076990455389,True,0.001584785486083401,0.022910536780739798,0.028447303704982465,22.82265447065978,0.34488374408009226,0.05595946979441294,0.3449831504703808,0.05183618296968051,0.6766722202944374,0.3233277797055626,True,0.00080233154585585,1.2826141895109033
learned-seed-47,test-0001,1,0.0,False,True,False,True,4.733326184310835,False,False,False,False,False,True,True,True,False,True,0.0,0.8336360449987796,47,2.4200654867954716,0.006571648642420769,True,0.0008518828352682677,0.029677758089195396,0.03995581284167794,21.823256644604996,0.4341227117862411,0.03008035611582119,0.43452984035816566,0.018098458531447738,0.5927465781814153,0.4072534218185847,True,0.0002801318187266588,0.9837220469763215
analytic-oracle,test-0002,2,0.0,False,False,False,False,4.0643147952726693e-16,False,False,False,False,False,False,False,False,False,False,0.0,0.01668639558204934,,0.0,0.0,False,0.0,0.0,0.0,120.0,0.0,0.0,0.0,0.0,1.0,0.0,False,0.0,0.0
persistence,test-0002,2,1.0,False,True,False,True,0.0,False,False,False,False,True,False,True,False,False,True,0.0,0.4526286890955959,,0.0,0.011312264017760754,True,0.00434512517928073,0.03323417282565832,0.03435392479365904,19.464504673980805,0.5425534423885116,0.0779335929225649,0.5387123055086509,0.011124072606560034,0.4849965330335208,0.5150034669664791,True,0.00023564115690533072,0.6206694605841037
linear-extrapolation,test-0002,2,1.0,False,True,False,True,0.0,False,False,False,False,True,False,False,False,False,True,0.0,1.8414820401580774e-14,,0.0,0.006057094316929579,True,0.0013571904155253005,0.039299934716339455,0.057319634846089894,22.17735663747437,0.2905074852710652,0.024342388538381356,0.33540493962914947,0.008774017599025652,0.6793563002359879,0.3206436997640121,True,0.00018585995712783188,0.6206694605841037
learned-seed-11,test-0002,2,1.0,False,True,False,True,51.46970337992988,False,False,False,False,True,True,True,True,False,True,0.0,2.407737575230433,11,7.1125107505153204,0.010616022162139416,True,0.001922790352473768,0.04779001379971426,0.06695124106054448,19.740381835041326,0.5091606206766738,0.034486914512766954,0.5329490828986627,0.020056702902071157,0.49050611503989644,0.5094938849601036,True,0.0004248610057402402,2.5242313923451567
learned-seed-29,test-0002,2,0.0,False,False,False,True,4977.456629777035,False,False,False,False,False,True,True,True,True,True,0.0,7.783735603143529,29,47.54143435727756,0.01086774654686451,True,0.019733989834104355,0.31974468907014325,0.46544645301088505,19.63860498574141,0.5212337062456901,0.3539462425162411,0.6215428246123232,0.13548287791295044,0.40581140198523924,0.5941885980147608,True,0.0028699329122900963,10.04601019067674
learned-seed-47,test-0002,2,0.0,True,True,True,True,15.199950684053782,False,False,False,False,False,True,True,True,False,True,0.0,1.1815830690087947,47,4.00955442792222,0.005183309782296419,True,0.000544440086702029,0.018224648933712204,0.024834482486955363,22.853928346253483,0.24859944578164506,0.009765005687312683,0.24887468226957923,0.015221771064546483,0.7620783433042333,0.2379216566957667,True,0.0003224426764063537,1.2427453734603036
analytic-oracle,test-0003,3,0.0,False,False,False,False,9.698024042077826e-16,False,False,False,False,False,False,False,False,False,False,0.0,0.03319596204927779,,0.0,0.0,False,0.0,0.0,0.0,120.0,0.0,0.0,0.0,0.0,1.0,0.0,False,0.0,0.0
persistence,test-0003,3,1.0,False,True,False,True,0.0,False,False,False,False,True,False,True,False,False,True,0.0,0.5349750044525098,,0.0,0.012107840739190578,True,0.0028260331688028163,0.03490544527009971,0.035801788620297564,19.169333001820654,0.5518452080536229,0.04437295961372679,0.5486661494514748,0.012654603698768625,0.47106996259308537,0.5289300374069146,True,0.0002785953402053565,0.7406155786322526
linear-extrapolation,test-0003,3,1.0,False,True,False,True,0.0,False,False,False,False,True,False,False,False,False,True,0.0,2.0356827849546976e-14,,0.0,0.006763027980923653,True,0.001763259749711872,0.044012115656460765,0.06343961225038391,21.698588157484554,0.3082419618491599,0.027685822843905233,0.3514595365253505,0.010601742090308699,0.6611828413558587,0.3388171586441413,True,0.00023340090410783887,0.7406155786322526
learned-seed-11,test-0003,3,0.0,False,False,False,True,97.13738488641357,False,False,False,False,False,True,True,True,True,True,0.0,2.292882770337018,11,8.404965737047617,0.014626659452915192,True,0.018416506710931316,0.10352582993261177,0.14531142626887644,18.348548500075015,0.6666466881082441,0.2891667789080726,0.6671035444270298,0.0805393305730675,0.3568928882147466,0.6431071117852534,True,0.001773100346326828,2.285998162951152
learned-seed-29,test-0003,3,0.0,False,True,False,True,60.775374569903704,False,False,False,False,False,True,True,True,True,True,0.0,2.4583548126411165,29,7.181916624942876,0.011488355696201324,True,0.01441716036855015,0.0661934873798588,0.0946606404926595,19.397421265048017,0.5236106235559937,0.22637104257672458,0.5238744330316306,0.039379795667171744,0.49496989428458776,0.5050301057154123,True,0.000866959395352751,2.7341018235008128
learned-seed-47,test-0003,3,0.0,False,True,False,True,48.07359504172472,False,False,False,False,False,True,True,True,False,True,0.0,1.6480973622315271,47,5.214558810541877,0.012669363059103489,True,0.005923643709552086,0.04197726654485351,0.05611068821743685,18.97245218334392,0.5774379960770148,0.09301009131517433,0.577365871224567,0.02338202245242205,0.4434026007079283,0.5565973992920716,True,0.0005147630581632257,1.7278301975402448
analytic-oracle,test-0004,4,0.0,False,False,False,False,6.831351509513608e-16,False,False,False,False,False,False,False,False,False,False,0.0,0.004980921230073335,,0.0,0.0,False,0.0,0.0,0.0,120.0,0.0,0.0,0.0,0.0,1.0,0.0,False,0.0,0.0
persistence,test-0004,4,1.0,False,True,False,True,0.0,False,False,False,False,True,False,True,False,False,True,0.0,0.4937389943008515,,0.0,0.010469849221408367,True,0.0030525324790924182,0.03856450827084686,0.040110826870888065,19.800595726460713,0.67186165115343,0.09034041132867743,0.6701446792512235,0.01708169888878269,0.37279215376861147,0.6272078462313886,True,0.0002716326271183789,0.6765461517370439
linear-extrapolation,test-0004,4,1.0,False,True,False,True,0.0,False,False,False,False,True,False,False,False,False,True,0.0,2.8616770385138375e-14,,0.0,0.005234791897237301,True,0.0008270647774128359,0.04545409457295187,0.0661768240562959,22.811005784890387,0.3359223092087039,0.024477175164783725,0.36943427872412793,0.0147490410175156,0.6542357412409706,0.3457642587590294,True,0.0002345387765672058,0.6765461517370439
learned-seed-11,test-0004,4,1.0,False,True,False,True,35.11194918513565,False,False,False,False,True,True,True,True,True,True,0.0,2.0598003696217053,11,5.730658038689291,0.009321504272520542,True,0.0014667573083692298,0.05127414125384777,0.07165695287557915,20.30513997030281,0.5981711024991208,0.04340902495386953,0.6073548606963399,0.030206328528889215,0.43155896648892034,0.5684410335110797,True,0.000480340066133067,2.22464783283417
learned-seed-29,test-0004,4,0.0,False,False,False,True,16558.955781644374,False,False,False,False,False,True,True,True,True,True,0.0,15.536370245921479,29,88.68912856610619,0.008440743200480938,True,0.014758342876164413,0.6431598374126516,0.9342718869329765,20.736193124196433,0.5416517032586612,0.4367766027370034,0.6938210622562864,0.16359533700568704,0.35063274006148853,0.6493672599385114,True,0.002601487794891,19.788316895079426
learned-seed-47,test-0004,4,1.0,False,True,False,True,49.29510511261367,False,False,False,False,True,True,True,True,False,True,0.0,2.028392242583172,47,7.010280013078104,0.005439422558993101,True,0.00044934824697828593,0.021707730387933645,0.028961266419561784,22.644472019109443,0.34905368210400306,0.013298566269115677,0.3479452734629323,0.023071102496174438,0.6743479246617045,0.32565207533829554,True,0.0003668759309221059,2.0792214536654376
analytic-oracle,test-0005,5,0.0,False,False,False,False,0.0,False,False,False,False,False,False,False,False,False,False,0.0,0.008873597990583942,,0.0,0.0,False,0.0,0.0,0.0,120.0,0.0,0.0,0.0,0.0,1.0,0.0,False,0.0,0.0
persistence,test-0005,5,1.0,False,True,False,True,0.0,False,False,False,False,True,False,True,False,False,True,0.0,0.5059718901965918,,0.0,0.011401645839214325,True,0.005648427272685679,0.03735345317749398,0.03880540762378212,19.43032453286609,0.625190239280953,0.14521826019050754,0.6239632171295199,0.014926906060232822,0.4037609238291502,0.5962390761708498,True,0.0002758490445557982,0.693803362561637
linear-extrapolation,test-0005,5,1.0,False,True,False,True,0.0,False,False,False,False,True,False,False,False,False,True,0.0,1.2726077519285394e-14,,0.0,0.005794581491500139,True,0.0007443152585948449,0.044243093210729084,0.06437510113771581,22.36977925100824,0.31773621460369716,0.019135975673985797,0.35439366575361614,0.012555141557847668,0.6613528713410113,0.3386471286589887,True,0.00023201886506285518,0.693803362561637
learned-seed-11,test-0005,5,1.0,False,True,False,True,267.6170226923412,False,False,False,False,True,True,True,True,True,True,0.0,4.724582121355698,11,15.971605644114698,0.015613776631653309,True,0.005054975512624996,0.13241810327369266,0.17928900601147568,18.064920378786123,0.8561554082700172,0.12996091014552227,0.8539399601907051,0.06773011922347805,0.1840025838193112,0.8159974161806888,True,0.0012516517890617251,4.993637800196894
learned-seed-29,test-0005,5,1.0,False,True,False,True,13.53591034156489,False,False,False,False,True,True,True,True,False,True,0.0,1.3923059948336782,29,3.7370506143975137,0.007848961278796196,True,0.0009486132019139392,0.026803795141371163,0.0316482629914029,21.05187813412129,0.4303847049099072,0.024388374343038952,0.4291313612183876,0.019156834017244394,0.5899359459907406,0.4100640540092594,True,0.00035401806235313416,1.5181166731942104
learned-seed-47,test-0005,5,0.0,False,True,False,True,31.761596851457146,False,False,False,False,False,True,True,True,True,True,0.0,0.6569409804018508,47,2.848950451804705,0.012726498767733574,True,0.008878901822482892,0.053362042980186986,0.06935093961725033,18.952910602110837,0.6978363406485514,0.2282721566228517,0.696050219227088,0.03300111625231521,0.3348769153577688,0.6651230846422311,True,0.0006098602316342294,1.062478122412962
analytic-oracle,test-0006,6,0.0,False,False,False,False,7.4892129963461e-16,False,False,False,False,False,False,False,False,False,False,0.0,0.030045552458307798,,9.011004938876194e-18,0.0,False,0.0,0.0,0.0,120.0,0.0,0.0,0.0,0.0,1.0,0.0,False,0.0,0.0
persistence,test-0006,6,1.0,False,True,False,True,0.0,False,False,False,False,True,False,True,False,False,True,0.0,0.5445051874534557,,0.0,0.011283336207270622,True,0.0007370195048326554,0.030658568103770722,0.030445901114644597,19.475624710809264,0.44834937248651185,0.009541279285635166,0.44791046624694975,0.011257050093312768,0.5641745823860952,0.4358254176139048,True,0.00028729718178510666,0.7824539048391538
linear-extrapolation,test-0006,6,1.0,False,True,False,True,0.0,False,False,False,False,True,False,False,False,False,True,0.0,1.9250948193306553e-14,,0.0,0.008336706086993217,True,0.0016427408354805233,0.04826642422000558,0.06697100974421007,20.790055094118124,0.3312634555991872,0.021266532299977818,0.3774566227387501,0.010347770833459533,0.6327275144636785,0.3672724855363215,True,0.00026409098063595593,0.7824539048391538
learned-seed-11,test-0006,6,1.0,False,True,False,True,11.286009841671923,False,False,False,False,True,True,True,True,False,True,0.0,1.1092144954307919,11,3.08169986638011,0.009761354885995388,True,0.003184503264563072,0.03192065960849073,0.04351968612822147,20.10489897633216,0.38787263424217594,0.041225822158006686,0.3871588980454509,0.017126467848786533,0.623287015734594,0.376712984265406,True,0.00043709372403100133,1.399231158898846
learned-seed-29,test-0006,6,1.0,False,True,False,True,2.263374479901415,False,False,False,False,True,True,True,True,False,True,0.0,0.2454582605591047,29,0.8182454986972968,0.007886875420808792,True,0.0009585475110723619,0.028564901356201922,0.03909671313192721,21.030950191311963,0.31338919454694447,0.012409128186869995,0.31276056541555014,0.012110066088911586,0.6956780108812173,0.3043219891187827,True,0.00030906745814718306,0.6704723663439028
learned-seed-47,test-0006,6,0.0,True,True,True,True,2.818981614261194,False,False,False,False,False,True,True,True,False,True,0.0,0.4263275645971169,47,1.3403424866350102,0.005413528997451067,True,0.0015299584403066831,0.016900547689252202,0.022945135479343657,22.66519532589576,0.2151094573766881,0.019806478225695465,0.21477226467029148,0.01455253241388028,0.7910224944594018,0.20897750554059824,True,0.00037140294443815947,0.5630449221507765
analytic-oracle,test-0007,7,0.0,False,False,False,False,3.351671142758877e-16,False,False,False,False,False,False,False,False,False,False,0.0,0.026961394664812753,,0.0,0.0,False,5.273559366969494e-16,0.0,0.0,120.0,0.0,6.449882389313272e-15,0.0,0.0,1.0,0.0,False,0.0,0.0
persistence,test-0007,7,1.0,False,True,False,True,0.0,False,False,False,False,True,False,True,False,False,True,0.0,0.5755385453543269,,0.0,0.013764305971562862,True,0.008349977936334433,0.0363210489764592,0.03703779226029683,18.61245681860144,0.5321160317616792,0.10212528558992401,0.5290797245842495,0.012754711621779184,0.4896628437334392,0.5103371562665608,True,0.00033115054247900844,0.8000906043553333
linear-extrapolation,test-0007,7,1.0,False,True,False,True,0.0,False,False,False,False,True,False,False,False,False,True,0.0,3.0058490943096106e-14,,0.0,0.007962950505316257,True,0.00256807087744427,0.04654230286545057,0.06695150193954419,20.98925983675332,0.3078407028118711,0.03140906164948441,0.35262462837860065,0.01062617809825223,0.6598670451457985,0.3401329548542015,True,0.0002758874325081706,0.8000906043553333
learned-seed-11,test-0007,7,1.0,False,True,False,True,130.44659365181218,False,False,False,False,True,True,True,True,True,True,0.0,3.408541301678338,11,11.0886165485765,0.020068418234586716,True,0.010620167227018881,0.1148403059193622,0.15858107970754942,16.974868566635983,0.7758274988062835,0.12989107508326891,0.774685196686857,0.051164707551838474,0.25275790791333336,0.7472420920866667,True,0.001328389160335064,3.755660210965449
learned-seed-29,test-0007,7,1.0,False,True,False,True,9.416180989664586,False,False,False,False,True,True,True,True,False,True,0.0,1.1686995973323047,29,3.0960714845830597,0.010640816763043404,True,0.0033527323102943724,0.04083725135660087,0.05769739410415802,19.730250353803626,0.41136467050004893,0.0410059460403423,0.41068437104355127,0.015463502476687698,0.6038640599841908,0.3961359400158092,True,0.00040147887193597853,1.4043269858354566
learned-seed-47,test-0007,7,0.0,False,False,False,True,1694.8125892452013,False,False,False,False,False,True,True,True,True,True,0.0,3.867144389459505,47,21.64530008928248,0.01606857404112816,True,0.028665196872379978,0.24878285924667357,0.3559392998936251,17.94022661727447,0.6211970202129269,0.3505927128674933,0.6920979771321154,0.1318576133431496,0.3324194878475261,0.6675805121524738,True,0.0034234188497066498,7.904513564803963
analytic-oracle,test-0008,8,0.0,False,False,False,False,0.0,False,False,False,False,False,False,False,False,False,False,0.0,0.0016172945833766933,,0.0,0.0,False,1.7650811368064012e-16,0.0,0.0,120.0,0.0,2.79551008457578e-15,0.0,0.0,1.0,0.0,False,0.0,0.0
persistence,test-0008,8,1.0,False,True,False,True,0.0,False,False,False,False,True,False,True,False,False,True,0.0,0.5102894267279329,,0.0,0.01102442666888237,True,0.004753656269110547,0.03221680202880342,0.031699111059012006,19.576439869862124,0.48115934912740543,0.0752877233901513,0.4800908016985894,0.013110316218056426,0.5407216277866232,0.45927837221337675,True,0.000307688198518008,0.7383258526768139
linear-extrapolation,test-0008,8,1.0,False,True,False,True,0.0,False,False,False,False,True,False,False,False,True,True,0.0,2.513439028330219e-14,,0.0,0.008134090341627598,True,0.0021410801929821754,0.05212718965993994,0.07205194134434774,20.896910083941226,0.3550110796752954,0.033910119747790526,0.3979696029594881,0.01196593455645289,0.6192827881914102,0.38071721180858975,True,0.00028083051438443363,0.7383258526768139
learned-seed-11,test-0008,8,1.0,False,True,False,True,57.418998832366725,False,False,False,False,True,True,True,True,False,True,0.0,2.183730962586464,11,7.135142286479597,0.011974763125181198,True,0.0036748497159009557,0.046380518611589545,0.06302034094701701,19.217330686811806,0.5226366326631982,0.05820174056524599,0.522708041179417,0.023066892902355755,0.4999518894210242,0.5000481105789758,True,0.00054136075777933,2.397577167929631
learned-seed-29,test-0008,8,0.0,False,True,False,True,39.32975695710993,False,False,False,False,False,True,True,True,False,True,0.0,1.6596861764539128,29,6.319261542738222,0.009244810789823532,True,0.009232452221546332,0.03443495582260505,0.0470183437189302,20.341019729608874,0.40348829703707906,0.14622224866894423,0.4035283967387665,0.036619479039260036,0.6139649738334095,0.38603502616659047,True,0.0008594286628067493,1.6296764180353818
learned-seed-47,test-0008,8,1.0,False,True,False,True,8.682185283249746,False,False,False,False,True,True,True,True,False,True,0.0,0.5559448254362158,47,1.6754398297519675,0.011744647286832333,True,0.0009205635479480768,0.03235681256169229,0.03980495647933335,19.30160021345511,0.512593263485881,0.014579752897013543,0.5125839671433814,0.022484706342813635,0.5096370744464133,0.49036292555358674,True,0.0005276973242871463,0.813798032203633
analytic-oracle,test-0009,9,0.0,False,False,False,False,3.824585761511147e-16,False,False,False,False,False,False,False,False,False,False,0.0,0.02726329358852564,,0.0,0.0,False,2.4383706859198995e-16,0.0,0.0,120.0,0.0,4.273289166342488e-15,0.0,0.0,1.0,0.0,False,0.0,0.0
persistence,test-0009,9,1.0,False,True,False,True,0.0,False,False,False,False,True,False,True,False,False,True,0.0,0.5387817951579785,,0.0,0.010286048986017704,True,0.0010801825144889303,0.031508634824936085,0.030733493625328057,19.877514117370247,0.5158088503146816,0.018930395872507496,0.5140189635634604,0.015565706512464571,0.5145137180025942,0.48548628199740584,True,0.0003197477199137211,0.7952315855650173
linear-extrapolation,test-0009,9,1.0,False,True,False,True,0.0,False,False,False,False,True,False,False,False,True,True,0.0,2.21714698077614e-14,,0.0,0.008008819073438644,True,0.0010536076848394753,0.058690051392463555,0.07918400529289621,20.964315173364167,0.40161385234157104,0.01846466712874362,0.44041349628305343,0.0161248433915188,0.5840334189819428,0.41596658101805717,True,0.00033123340108431876,0.7952315855650173
learned-seed-11,test-0009,9,0.0,False,False,False,True,134.01985780432435,False,False,False,False,False,True,True,True,True,True,0.0,2.5701200351498867,11,9.728346593380605,0.013998571783304214,True,0.017527279554750697,0.12156624147945704,0.16162082196927602,18.53916271341083,0.701978692441477,0.3071687757290927,0.7203916074670036,0.10098271736944359,0.3195966143608795,0.6804033856391205,True,0.002074367366731167,2.633224692224567
learned-seed-29,test-0009,9,0.0,False,True,False,True,59.619325937024655,False,False,False,False,False,True,True,True,True,True,0.0,2.6060014048656464,29,7.243220582997615,0.010714257135987282,True,0.012178635002455852,0.05874294267432752,0.07892239635381233,19.70037935021184,0.5372819692772131,0.21343280296695472,0.5368555449582642,0.04018765803662542,0.4929447725340568,0.5070552274659432,True,0.0008255270658992231,2.753336595823798
learned-seed-47,test-0009,9,1.0,False,True,False,True,27.513926336463616,False,False,False,False,True,True,True,True,False,True,0.0,1.778188982656177,47,5.032060064649023,0.009812809526920319,True,0.004668576886810978,0.03437866602507894,0.04438610066131308,20.082066310147553,0.49207757102052485,0.0818176627034043,0.4919907560173038,0.023718542630059507,0.5353191616510374,0.46468083834896257,True,0.00048722169594839215,1.827945267142958
analytic-oracle,test-0010,10,0.0,False,False,False,False,1.212533305065626e-15,False,False,False,False,False,False,False,False,False,False,0.0,0.0224395696684873,,0.0,0.0,False,0.0,0.0,0.0,120.0,0.0,0.0,0.0,0.0,1.0,0.0,False,0.0,0.0
persistence,test-0010,10,1.0,False,True,False,True,0.0,False,False,False,False,True,False,True,False,False,True,0.0,0.4538888725377229,,0.0,0.014595147222280502,True,0.012638909328059531,0.03699492987991906,0.039463824431991194,18.357915198947705,0.5526331695284735,0.1640875899096071,0.5508710905973522,0.010228161977878736,0.46934790049451963,0.5306520995054804,True,0.00027643845533020794,0.6021657722172004
linear-extrapolation,test-0010,10,1.0,False,True,False,True,0.0,False,False,False,False,True,False,False,False,False,True,0.0,2.6133147192586603e-14,,0.0,0.006676549091935158,True,0.0014616322055913617,0.036790541469976984,0.05535908048752587,21.754479533302362,0.25280200535120484,0.01897598121202537,0.29706493539158263,0.007482239991995926,0.713838438165154,0.286161561834846,True,0.00020222390594426543,0.6021657722172004
learned-seed-11,test-0010,10,1.0,False,True,False,True,58.80190231008043,False,False,False,False,True,True,True,True,False,True,0.0,2.667108533428956,11,7.380419021100385,0.01584400236606598,True,0.0024113427056830696,0.048198521047945184,0.06783618136698764,18.001351014123216,0.5999200359013273,0.03130581941459294,0.5989775696868889,0.02206995306583113,0.4230071057706626,0.5769928942293374,True,0.0005964887677691877,2.7919465153804666
learned-seed-29,test-0010,10,1.0,False,True,False,True,151.90868378085355,False,False,False,False,True,True,True,True,False,True,0.0,2.4755724049822683,29,12.197028567730097,0.009006905369460583,True,0.0026099551869158385,0.024457034565341058,0.03377404483291498,20.454244001225668,0.3410390170213225,0.03388435230264046,0.3404963265350641,0.020859883067055794,0.6720011384990188,0.32799886150098123,True,0.0005637839785777032,2.4308107961589065
learned-seed-47,test-0010,10,0.0,False,False,False,True,110.38440615168261,False,False,False,False,False,True,True,True,True,True,0.0,2.3595187044106734,47,10.51052291192969,0.016485247761011124,True,0.021086922045044428,0.06934323485548331,0.10036763354049125,17.829045213487703,0.6242002620379363,0.2737658865311551,0.623324499742813,0.03745577394273552,0.39955379741737906,0.6004462025826209,True,0.001012324239127338,2.5461662745299316
analytic-oracle,test-0011,11,0.0,False,False,False,False,1.2486175976639237e-15,False,False,False,False,False,False,False,False,False,False,0.0,0.03749794580580032,,3.290901289301589e-17,0.0,False,0.0,0.0,0.0,120.0,0.0,0.0,0.0,0.0,1.0,0.0,False,0.0,0.0
persistence,test-0011,11,1.0,False,True,False,True,0.0,False,False,False,False,True,False,True,False,False,True,0.0,0.5963763117827319,,0.0,0.008814875036478043,True,0.0024381957389559322,0.033172614093943634,0.03204450562744105,20.547838400694474,0.5790487251555495,0.09426748326421051,0.5780258911319486,0.020437502593904044,0.4624033879677367,0.5375966120322633,True,0.0003228692803531885,0.8846340725519255
linear-extrapolation,test-0011,11,1.0,False,True,False,True,0.0,False,False,False,False,True,False,False,False,True,True,0.0,2.1740129327773984e-14,,0.0,0.006618861109018326,True,0.0008333248743801998,0.0638216655681116,0.08581581807898407,21.79216732104091,0.4347926738947883,0.03221867604564197,0.4639387982593288,0.022711735597111996,0.5685108055521332,0.4314891944478668,True,0.0003587973478715867,0.8846340725519255
learned-seed-11,test-0011,11,0.0,False,True,False,True,13.977141766438088,False,False,False,False,False,True,True,True,False,True,0.0,0.7744998423315902,11,2.6530510726665315,0.00819524098187685,True,0.0008763146101805515,0.04790464785304999,0.06359294078530292,20.864382714332486,0.5383449933505049,0.03388077976247802,0.536566134220739,0.04758017344728904,0.5009632953924711,0.4990367046075289,True,0.0007516660261899233,1.074040700816106
learned-seed-29,test-0011,11,1.0,False,True,False,True,6.973043864605081,False,False,False,False,True,True,True,True,False,True,0.0,0.8941946568486797,29,2.6971890745237794,0.006161986850202084,True,0.0009358092882753855,0.031051037701874982,0.04134464407629021,22.102792328108286,0.4047806253939133,0.036181010823506755,0.4036841141480428,0.022752134547217542,0.6245510531159005,0.37544894688409947,True,0.0003594355657696724,1.0636394076220002
learned-seed-47,test-0011,11,0.0,False,True,False,True,28.132051577907237,False,False,False,False,False,True,True,True,False,True,0.0,1.7288054705051106,47,4.337923735964172,0.008616135455667973,True,0.003801999819042166,0.037007062775115736,0.04906685526948976,20.646874820421637,0.5659935314710343,0.1469959727128235,0.5640908205027434,0.04488399073669704,0.4753637879664643,0.5246362120335357,True,0.0007090720464475453,1.7372045024379976
analytic-oracle,test-0012,12,0.0,False,False,False,False,1.7854632852857136e-16,False,False,False,False,False,False,False,False,False,False,0.0,0.01699719383409595,,0.0,0.0,False,1.5265566588595902e-16,0.0,0.0,120.0,0.0,2.3529349690698352e-15,0.0,0.0,1.0,0.0,False,0.0,0.0
persistence,test-0012,12,1.0,False,True,False,True,0.0,False,False,False,False,True,False,True,False,False,True,0.0,0.5575895873649502,,0.0,0.013720662333071232,True,0.010525895503012965,0.03698494128565986,0.038217493772739225,18.626249235669384,0.5577104450470939,0.16223929499161896,0.5569544478315172,0.012983268148042104,0.4616779746273374,0.5383220253726626,True,0.0003196034231223166,0.7693855058816025
linear-extrapolation,test-0012,12,1.0,False,True,False,True,0.0,False,False,False,False,True,False,False,False,False,True,0.0,2.726890562951107e-14,,0.0,0.007498579099774361,True,0.0017104742301086058,0.045568580567512014,0.06583640654909273,21.25021022953569,0.3047983971499639,0.02636413529991042,0.3489455272167636,0.010597034335342325,0.6627281392806396,0.33727186071936044,True,0.0002608625509310514,0.7693855058816025
learned-seed-11,test-0012,12,1.0,False,True,False,True,38.14295028577999,False,False,False,False,True,True,True,True,False,True,0.0,2.5907456895499337,11,6.17591072025053,0.012643251568078995,True,0.0029406432692927033,0.04689658992216013,0.06585913759549511,18.98141220636455,0.5139164048866545,0.04532515933635619,0.5205085779794136,0.01895132188529346,0.49690457987600917,0.5030954201239908,True,0.00046651638695038855,2.700099099551356
learned-seed-29,test-0012,12,0.0,False,False,False,True,1930.8518139268733,False,False,False,False,False,True,True,True,True,True,0.0,6.118746521689017,29,29.143843916790328,0.012820797972381115,True,0.02173778425613176,0.24715721301217852,0.3562836926246628,18.92084943287035,0.5211332200633663,0.3350520429720427,0.6062698386460706,0.12737484484616882,0.4140123869501102,0.5859876130498898,True,0.0031355307437479496,7.905966248796539
learned-seed-47,test-0012,12,0.0,True,True,True,True,2.6555668359421727,False,False,False,False,False,True,True,True,False,True,0.0,0.864661824841226,47,1.9404173280905528,0.005411985330283642,True,0.0007789904106241096,0.017883387913886068,0.02461574151522607,22.666433892705527,0.21998360384292123,0.01200685062745598,0.21997214941332716,0.01614309570937043,0.7873868258727293,0.21261317412727065,True,0.0003973875136580318,0.9981849011241017
analytic-oracle,test-0013,13,0.0,False,False,False,False,1.3074339003289171e-16,False,False,False,False,False,False,False,False,False,False,0.0,0.04321767962090532,,0.0,0.0,False,8.387388006347862e-16,0.0,0.0,120.0,0.0,1.82256568449239e-14,0.0,0.0,1.0,0.0,False,0.0,0.0
persistence,test-0013,13,1.0,False,True,False,True,0.0,False,False,False,False,True,False,True,False,False,True,0.0,0.6515987556859191,,0.0,0.009701419621706009,True,0.0031809316958204105,0.032385271581254406,0.031377638118835975,20.131647101912815,0.5337053264476284,0.06912112506454633,0.5331535143154227,0.017699695456462078,0.4929606960328306,0.5070393039671695,True,0.0003273701586294919,0.9636220660441812
linear-extrapolation,test-0013,13,1.0,False,True,False,True,0.0,False,False,False,False,True,False,False,False,True,True,0.0,3.6056558971524205e-14,,0.0,0.007470684591680765,True,0.0017049327000556074,0.06117189071722999,0.08248416061634588,21.26639598885219,0.4109856406859664,0.037047908492352524,0.44513501261561794,0.019007647425779674,0.5766679935368266,0.42333200646317337,True,0.0003515617863740772,0.9636220660441812
learned-seed-11,test-0013,13,0.0,False,True,False,True,4.0045472746874875,False,False,False,False,False,True,True,True,False,True,0.0,0.7772830525569898,11,1.4948739185174458,0.010295878164470196,True,0.0017498390777018397,0.04613760692144577,0.06038197297258817,19.873366052656124,0.5664083434283277,0.03802371672789542,0.566270306111366,0.03306360167075853,0.4614659865148763,0.5385340134851238,True,0.0006115380092523992,0.951832876084524
learned-seed-29,test-0013,13,1.0,False,True,False,True,2.0972560587469617,False,False,False,False,True,True,True,True,False,True,0.0,0.5670697740286402,29,1.7480061846463393,0.007218664512038231,True,0.0013423447623130882,0.03285933214817404,0.043779759900428074,21.415431415854975,0.39712123072105415,0.02916893195710422,0.39691665365341033,0.021646030908690463,0.6225245855130218,0.3774754144869782,True,0.00040036081918515265,0.9212559431964135
learned-seed-47,test-0013,13,0.0,True,True,True,True,1.688011671363822,False,False,False,False,False,True,True,True,False,True,0.0,0.345866651664225,47,1.0685506894581003,0.0028384604956954718,False,0.0002084618193290656,0.010772420807908816,0.013654370639769322,25.469171456946388,0.15615255751585055,0.004529841210976043,0.15616892314018643,0.023808285810848713,0.8514803335921443,0.14851966640785574,True,0.00044035346945747733,0.5891551999979384
analytic-oracle,test-0014,14,0.0,False,False,False,False,1.867170722979257e-16,False,False,False,False,False,False,False,False,False,False,0.0,0.03389263765202552,,3.599458229683298e-17,0.0,False,3.898791012257874e-16,0.0,0.0,120.0,0.0,4.83642687864348e-15,0.0,0.0,1.0,0.0,False,0.0,0.0
persistence,test-0014,14,1.0,False,True,False,True,0.0,False,False,False,False,True,False,True,False,False,True,0.0,0.5452530486865524,,0.0,0.011778651736676693,True,0.005520906809254723,0.030956626201430967,0.030982223204645477,19.28904418957473,0.4580596084496709,0.06848651800728853,0.45800137767437293,0.010932499874750184,0.5671728736227637,0.4328271263772363,True,0.00029020890360698104,0.7801587956860934
linear-extrapolation,test-0014,14,1.0,False,True,False,True,0.0,False,False,False,False,True,False,False,False,False,True,0.0,2.8816019390516214e-14,,0.0,0.008586027659475803,True,0.0030858811185106288,0.04770815098481661,0.06634628086930208,20.662077167955076,0.3339017534231969,0.03828017028596778,0.38348252256761584,0.009636783735950094,0.6375957664108961,0.3624042335891039,True,0.00025581344380043447,0.7801587956860934
learned-seed-11,test-0014,14,1.0,False,True,False,True,46.38078924280904,False,False,False,False,True,True,True,True,False,True,0.0,2.00185442168785,11,6.260859211613617,0.012219879776239395,True,0.002746915518147276,0.04043375394565571,0.05522163151876761,19.12933066824452,0.4752185114852175,0.03407532233341379,0.4744101072338813,0.0171585997891593,0.5516660572485286,0.4483339427514714,True,0.00045548396883532405,2.2017408023391014
learned-seed-29,test-0014,14,0.0,False,True,False,True,4.868806001459744,False,False,False,False,False,True,True,True,False,True,0.0,0.5939140551714097,29,1.6056515233080735,0.009534104727208614,True,0.008760634149434917,0.028675846551703205,0.039351702080310635,20.207200818825445,0.3707714920091119,0.10867514145045573,0.3701701085182632,0.02339344657881357,0.650176457646768,0.349823542353232,True,0.0006209912244230509,0.7946298448790946
learned-seed-47,test-0014,14,1.0,False,True,False,True,7.227481052952217,False,False,False,False,True,True,True,True,False,True,0.0,0.9425577444820425,47,2.751535838392339,0.012383238412439823,True,0.001540057086474097,0.03385432415885893,0.04410860701423468,19.07165765595741,0.4815713602329089,0.019104315835988282,0.4808719704300942,0.013501915857314287,0.5455593732632935,0.4544406267367065,True,0.0003584153892006725,1.137346048878799
analytic-oracle,test-0015,15,0.0,False,False,False,False,1.6421527594432165e-16,False,False,False,False,False,False,False,False,False,False,0.0,0.003987341802063359,,0.0,0.0,False,3.122502256758253e-17,0.0,0.0,120.0,0.0,8.419111787279084e-16,0.0,0.0,1.0,0.0,False,0.0,0.0
persistence,test-0015,15,1.0,False,True,False,True,0.0,False,False,False,False,True,False,True,False,False,True,0.0,0.5814111281408091,,0.0,0.010264855809509754,True,0.004825856488253532,0.03618760482018205,0.03604783692947585,19.886471467876977,0.5947065646902944,0.13011816134331183,0.5940511198979929,0.01848700376090813,0.43451463895489234,0.5654853610451076,True,0.0003224271640647203,0.8347966543072567
linear-extrapolation,test-0015,15,1.0,False,True,False,True,0.0,False,False,False,False,True,False,False,False,True,True,0.0,2.4203247427864233e-14,,0.0,0.006568611599504948,True,0.0008642836201163176,0.05606608423913632,0.07792225531755825,21.8252641710601,0.38056028371166917,0.02330342723668008,0.4136500747463327,0.01817488523169394,0.6062408536416328,0.3937591463583672,True,0.0003169835836160928,0.8347966543072567
learned-seed-11,test-0015,15,1.0,False,True,False,True,205.88096204576945,False,False,False,False,True,True,True,True,True,True,0.0,4.7730940748688795,11,14.008339620812135,0.014725733548402786,True,0.004829092345133216,0.1380162444604796,0.18291234341673385,18.31923062035691,0.8531527937296467,0.13020540880883003,0.853733351290462,0.07435193353290408,0.18731958206957708,0.8126804179304229,True,0.0012967532966285944,5.082614224556759
learned-seed-29,test-0015,15,1.0,False,True,False,True,8.085462416933538,False,False,False,False,True,True,True,True,False,True,0.0,1.3098442765550724,29,3.0285816870670152,0.009120330214500427,True,0.0011901669355270763,0.03348055187628609,0.042317886062958054,20.39989437138781,0.5283971203649757,0.03209012404727176,0.5286672108571323,0.022109022147866753,0.49675447349448626,0.5032455265055138,True,0.000385597872082144,1.46629573218402
learned-seed-47,test-0015,15,0.0,False,False,False,True,221.85114948162771,False,False,False,False,False,True,True,True,True,True,0.0,2.237956005386087,47,8.361219248532059,0.012348782271146774,True,0.012969343275872104,0.11813817685423214,0.1611330083345676,19.08375866614516,0.7154413095387505,0.3496886210757259,0.7177990330759915,0.1345103103243149,0.3167173130714644,0.6832826869285356,True,0.0023459603544324636,2.9238336176423254
analytic-oracle,test-0016,16,0.0,False,False,False,False,1.7528885836572864e-16,False,False,False,False,False,False,False,False,False,False,0.0,0.0038629874929087247,,0.0,0.0,False,1.0668549377257364e-16,0.0,0.0,120.0,0.0,3.6656406608286345e-15,0.0,0.0,1.0,0.0,False,0.0,0.0
persistence,test-0016,16,1.0,False,True,False,True,0.0,False,False,False,False,True,False,True,False,False,True,0.0,0.5627467050140893,,0.0,0.01019684225320816,True,0.0047508343724400525,0.035724409465181683,0.035938343513309684,19.91534299250887,0.6131407561189888,0.16323542248023507,0.6104401182029511,0.01781269624984377,0.4222085149926092,0.5777914850073909,True,0.000301831605611369,0.804143025909407
linear-extrapolation,test-0016,16,1.0,False,True,False,True,0.0,False,False,False,False,True,False,False,False,True,True,0.0,2.3851157138893986e-14,,0.0,0.006290316581726074,True,0.0005731243290816972,0.05400755081000064,0.07522712780152974,22.013274966474455,0.3782395931381487,0.019692160293793236,0.4113050120124308,0.017310969251218597,0.6106931268193043,0.3893068731806957,True,0.0002933299692813307,0.804143025909407
learned-seed-11,test-0016,16,0.0,False,True,False,True,10.55952868654605,False,False,False,False,False,True,True,True,False,True,0.0,0.5240256638190252,11,2.1280108049829063,0.007768023759126663,True,0.001962579832270794,0.03715695753154532,0.05013427396471532,21.09689454773349,0.4670947968938793,0.06743290187727005,0.46643135940550406,0.03573470912454803,0.558515143797737,0.44148485620226297,True,0.0006055155536159873,0.8398175250553993
learned-seed-29,test-0016,16,1.0,False,True,False,True,10.76380550224517,False,False,False,False,True,True,True,True,False,True,0.0,0.9132545869321957,29,3.2621718027046,0.005924735683947802,True,0.0006491019536100898,0.030494761689989207,0.042070807839705876,22.27331019758948,0.35625704770689964,0.022302699552093457,0.36055485265336623,0.01608975968383913,0.6587289768003941,0.3412710231996059,True,0.00027263688389211893,1.0865814145230617
learned-seed-47,test-0016,16,0.0,False,False,False,True,63.78665831546902,False,False,False,False,False,True,True,True,True,True,0.0,2.1852182513272105,47,6.500089759716491,0.010353139601647854,True,0.007778384062728188,0.06380615579968875,0.08719904403461005,19.84927929926205,0.6225389866713499,0.2672599609152097,0.6216105796150062,0.05157965288215276,0.41163549186547693,0.588364508134523,True,0.0008740040939301252,2.300298388116426
analytic-oracle,test-0017,17,0.0,False,False,False,False,1.6091441933891189e-16,False,False,False,False,False,False,False,False,False,False,0.0,0.027713815455480042,,0.0,0.0,False,2.498001805406602e-16,0.0,0.0,120.0,0.0,2.708873200155888e-15,0.0,0.0,1.0,0.0,False,0.0,0.0
persistence,test-0017,17,1.0,False,True,False,True,0.0,False,False,False,False,True,False,True,False,False,True,0.0,0.5873441342598202,,0.0,0.01265134010463953,True,0.011177730147581957,0.03309127379435679,0.03255974729871355,18.978634690158636,0.44517584780797576,0.12121309748385362,0.44284985600158316,0.012636188899881483,0.5704957151578706,0.42950428484212944,True,0.0003608066763263196,0.8464212255236838
linear-extrapolation,test-0017,17,1.0,False,True,False,True,0.0,False,False,False,False,True,False,False,False,True,True,0.0,1.6615177268876686e-14,,0.0,0.009648855775594711,True,0.0027577444748159066,0.05265939428208119,0.07307951375299312,20.15524185081983,0.3395243124245807,0.029905423144763587,0.3847857945029135,0.011390028470899791,0.6268099780418724,0.37319002195812756,True,0.0003252245078328997,0.8464212255236838
learned-seed-11,test-0017,17,1.0,False,True,False,True,35.54160118298795,False,False,False,False,True,True,True,True,False,True,0.0,2.5134344690603507,11,5.850320066957475,0.014993006363511086,True,0.0038334869250081817,0.04855205275895179,0.06606307231867124,18.24111274678604,0.527574491228698,0.04157094671359688,0.5238921337407143,0.02054528872151964,0.49189569966594204,0.508104300334058,True,0.000586638692766428,2.708764150474679
learned-seed-29,test-0017,17,0.0,True,True,True,True,28.70821435032378,False,False,False,False,False,True,True,True,False,True,0.0,1.6031356012020765,29,5.372185198579612,0.007058166433125734,True,0.0014015596697896345,0.020279661003063842,0.027090484976732162,21.513081050953602,0.2483630350498804,0.015198737725870028,0.24653026810973339,0.013763668936427984,0.7608990833768479,0.23910091662315214,True,0.0003930001112166792,1.657969927526903
learned-seed-47,test-0017,17,0.0,False,True,False,True,42.47268148039933,False,False,False,False,False,True,True,True,False,True,0.0,1.705801962436714,47,6.385214248034837,0.014172660186886787,True,0.010397810652101108,0.04365095954317323,0.05921600632701979,18.485486256837657,0.49870811804971543,0.1127555254556249,0.4951142460068303,0.021616105179995293,0.519806346859118,0.480193653140882,True,0.0006172141875140369,1.8990427451258693
analytic-oracle,test-0018,18,0.0,False,False,False,False,2.867414120299139e-16,False,False,False,False,False,False,False,False,False,False,0.0,0.012776965045542137,,0.0,0.0,False,1.1862906490467395e-14,0.0,0.0,120.0,0.0,1.2389928448415194e-13,0.0,0.0,1.0,0.0,False,0.0,0.0
persistence,test-0018,18,1.0,False,True,False,True,0.0,False,False,False,False,True,False,True,False,False,True,0.0,0.6222428359066771,,0.0,0.010434611700475216,True,0.003874806838543468,0.028310556968705384,0.027311795343736393,19.815237075452067,0.40863513181125477,0.04046949162042322,0.40631808973585154,0.01224432629245986,0.6161498666315334,0.38385013336846663,True,0.00032097933581098914,0.9315353317658773
linear-extrapolation,test-0018,18,1.0,False,True,False,True,0.0,False,False,False,False,True,False,False,False,True,True,0.0,2.294961792049937e-14,,0.0,0.01002834364771843,True,0.004228704524114254,0.057257375509057185,0.07629856134256825,19.987707922097645,0.3927250621263991,0.044165691203388174,0.43844556636330473,0.012114777261642218,0.5857989260759274,0.41420107392407257,True,0.0003175832680426538,0.9315353317658773
learned-seed-11,test-0018,18,0.0,False,True,False,True,8.40757262681363,False,False,False,False,False,True,True,True,False,True,0.0,0.9592408390013101,11,2.5512697730483533,0.012077542021870613,True,0.002204186104701711,0.03267026330849672,0.04178609639038944,19.18021442780811,0.4729747610865387,0.02302109364698297,0.4698755080042661,0.021820862698135587,0.5561069492838303,0.4438930507161697,True,0.0005720237968489528,0.9615328405950666
learned-seed-29,test-0018,18,0.0,True,True,True,True,4.694455719949433,False,False,False,False,False,True,True,True,False,True,0.0,0.5637442202431111,29,1.3900023259474183,0.005575536750257015,True,0.00033231184970480224,0.01657760343015181,0.021359870134607446,22.53713317256676,0.21834642823901237,0.0034707514922346673,0.21674924641955656,0.019585753340492725,0.7952362219468263,0.2047637780531737,True,0.0005134314415045083,0.7006898623615829
learned-seed-47,test-0018,18,1.0,False,True,False,True,35.08463452101062,False,False,False,False,True,True,True,True,False,True,0.0,2.3480047820661616,47,5.577998958398623,0.00920044258236885,True,0.00248987274058536,0.026506353895731517,0.033728879884917885,20.361912806482056,0.3603032077558722,0.026004879264876175,0.3572480956715906,0.011106288105320643,0.6625064632039416,0.3374935367960584,True,0.00029114619246684015,2.352958705008161
analytic-oracle,test-0019,19,0.0,False,False,False,False,2.6532723441322477e-16,False,False,False,False,False,False,False,False,False,False,0.0,0.0302286994742567,,4.2907779357716584e-17,0.0,False,4.098284211995207e-17,0.0,0.0,120.0,0.0,1.059015610928654e-15,0.0,0.0,1.0,0.0,False,0.0,0.0
persistence,test-0019,19,1.0,False,True,False,True,0.0,False,False,False,False,True,False,True,False,False,True,0.0,0.45740320350597674,,0.0,0.009338040836155415,True,0.0026327448642498408,0.030144548648839774,0.03090450648254743,20.297442311893015,0.525977835651785,0.06803134596356984,0.529580375944115,0.010962998211947702,0.49897798287203465,0.5010220171279653,True,0.00019952486036345363,0.639157565074247
linear-extrapolation,test-0019,19,1.0,False,True,False,True,0.0,False,False,False,False,True,False,False,False,False,True,0.0,3.176616037049824e-14,,0.0,0.005675939377397299,True,0.001237220573014967,0.040588721174851676,0.057661443839913694,22.45962251728029,0.31970499609030456,0.03197035230377715,0.36374678637503244,0.009491063390911053,0.6558687653247453,0.34413123467525475,True,0.00017273587582167238,0.639157565074247
learned-seed-11,test-0019,19,0.0,False,True,False,True,62.84095103444664,False,False,False,False,False,True,True,True,True,True,0.0,0.6226243562907782,11,2.0952640937586664,0.009993462823331356,True,0.005833193192663398,0.053749899417509316,0.0751440220796216,20.0028399881308,0.5628953694580867,0.1507324122254047,0.5631296782238367,0.0599852796043626,0.4672378734099804,0.5327621265900195,True,0.0010917227482423186,1.1626162094891583
learned-seed-29,test-0019,19,0.0,True,True,True,True,15.455358499676857,False,False,False,False,False,True,True,True,False,True,0.0,1.0010865483170535,29,3.8988045660086605,0.00435776449739933,True,0.0004175752209022684,0.015569264182809846,0.020247945415598278,23.607362436270595,0.24545700525828593,0.0107903369995219,0.2455564919665018,0.012920421860497534,0.7676854836159815,0.23231451638401845,True,0.00023514966596849263,1.0815739812383884
learned-seed-47,test-0019,19,1.0,False,True,False,True,40.52962227707409,False,False,False,False,True,True,True,True,False,True,0.0,0.9715460369368674,47,5.737771990560827,0.007755601778626442,True,0.003150197049697403,0.03709294008366812,0.05196326332619436,21.103844984310175,0.4368448060223473,0.08140254995899343,0.4365960225123758,0.021386717020945828,0.5869480256340154,0.4130519743659846,True,0.0003892349195666611,1.2492326471440254
analytic-oracle,test-0020,20,0.0,False,False,False,False,4.778904927377851e-16,False,False,False,False,False,False,False,False,False,False,0.0,0.014081783303607893,,0.0,0.0,False,2.5760643618255585e-16,0.0,0.0,120.0,0.0,3.2763604503218744e-15,0.0,0.0,1.0,0.0,False,0.0,0.0
persistence,test-0020,20,1.0,False,True,False,True,0.0,False,False,False,False,True,False,True,False,False,True,0.0,0.4819932092762077,,0.0,0.010386674664914608,True,0.005575976853924262,0.02641573491350194,0.026334508857387133,19.835234712909962,0.38139847295706436,0.07091790992039175,0.37831435145865505,0.00840811255042365,0.6313416112765498,0.36865838872345025,True,0.00023078368394635618,0.6961158475727646
linear-extrapolation,test-0020,20,1.0,False,True,False,True,0.0,False,False,False,False,True,False,False,False,False,True,0.0,1.994707707048817e-14,,0.0,0.008346016518771648,True,0.002451229832565069,0.04282764429423301,0.058990260918511894,20.785207600503494,0.3064655491989563,0.031175899938982732,0.35816401911391665,0.007276879148077419,0.650977633610387,0.34902236638961304,True,0.0001997338840737939,0.6961158475727646
learned-seed-11,test-0020,20,0.0,True,True,True,True,2.880033114231625,False,False,False,False,False,True,True,True,False,True,0.0,0.39655060073734094,11,1.4173514043292685,0.006178716663271189,True,0.0005071710578316391,0.016645175200032856,0.020894158194227824,22.09101719722981,0.22688234456464257,0.0064504413012799276,0.2262769337879767,0.017396676434879108,0.7794984792569389,0.22050152074306106,True,0.00047749944496899843,0.7241037852696702
learned-seed-29,test-0020,20,1.0,True,True,True,True,32.956967510710506,False,False,False,False,True,True,True,True,False,True,0.0,1.4094777386823454,29,5.674739017104772,0.00615034019574523,True,0.0012024322702938075,0.018240097081665057,0.023766905707480218,22.111008612898342,0.22584036128014875,0.015293102117175083,0.2253112681880536,0.010442854141924076,0.780439497546995,0.21956050245300496,True,0.00028663274133577943,1.4455979763467692
learned-seed-47,test-0020,20,0.0,False,False,False,True,93.96802493541715,False,False,False,False,False,True,True,True,True,True,0.0,2.391888277911482,47,9.72718140133796,0.018197957426309586,True,0.02804698667697735,0.07415580210373189,0.09927187585080163,17.399773553261593,0.6682286099493622,0.35671483702384177,0.6666473078677495,0.029572423096448922,0.3503679640548625,0.6496320359451375,True,0.0008116961689665914,2.608894394186351
analytic-oracle,test-0021,21,0.0,False,False,False,False,0.0,False,False,False,False,False,False,False,False,False,False,0.0,0.03588912133301001,,0.0,0.0,False,0.0,0.0,0.0,120.0,0.0,0.0,0.0,0.0,1.0,0.0,False,0.0,0.0
persistence,test-0021,21,1.0,False,True,False,True,0.0,False,False,False,False,True,False,True,False,False,True,0.0,0.5111788452855077,,0.0,0.008993429131805897,True,0.004217534909529529,0.02430584988670978,0.02331101117198868,20.4607468323184,0.32531313080951135,0.0462013948503841,0.3243613189702325,0.00836442778463002,0.6867714416716532,0.31322855832834684,True,0.00023246082128025591,0.7559833011716832
linear-extrapolation,test-0021,21,1.0,False,True,False,True,0.0,False,False,False,False,True,False,False,False,False,True,0.0,2.1006951291166598e-14,,0.0,0.009084029123187065,True,0.002812062042713102,0.04581883619773976,0.06195837497476596,20.41721482112016,0.32859034202845433,0.030805006138919802,0.38215484181521386,0.0077421673457881875,0.6309615137217942,0.3690384862782058,True,0.00021516720880754292,0.7559833011716832
learned-seed-11,test-0021,21,0.0,True,True,True,True,1.6826563406750212,False,False,False,False,False,True,True,True,False,True,0.0,0.4047741726274578,11,1.165256813550134,0.006198051385581493,True,0.0009204974441670176,0.017331191754860163,0.022396219430699332,22.077448275188104,0.22419785285580687,0.010083678449379772,0.22357362680160522,0.011550130546889813,0.7840998888966367,0.21590011110336327,True,0.00032099659438245,0.6938761590110119
learned-seed-29,test-0021,21,0.0,True,True,True,True,11.519512196326605,False,False,False,False,False,True,True,True,False,True,0.0,0.9625852940807553,29,3.5211690316898596,0.005317940376698971,True,0.0007129655759088973,0.01642897615813582,0.021516166111876883,22.742565361687596,0.19236220223096018,0.007810250488471466,0.1919461973152181,0.009043098653322701,0.8146417986813902,0.1853582013186098,True,0.0002513221697881818,1.094481263789694
learned-seed-47,test-0021,21,0.0,False,True,False,True,75.56592192244877,False,False,False,False,False,True,True,True,True,True,0.0,2.0819184144815717,47,8.691026806672618,0.017418188974261284,True,0.021849101034498497,0.06031347775644839,0.07949838206827764,17.589970019903497,0.6300561782612094,0.23934809448522318,0.627880188664475,0.022180214072570353,0.39366997605422593,0.6063300239457741,True,0.0006164236110635102,2.304859062659774
analytic-oracle,test-0022,22,0.0,False,False,False,False,1.9952971603318438e-16,False,False,False,False,False,False,False,False,False,False,0.0,0.02725328983172906,,0.0,0.0,False,0.0,0.0,0.0,120.0,0.0,0.0,0.0,0.0,1.0,0.0,False,0.0,0.0
persistence,test-0022,22,1.0,False,True,False,True,0.0,False,False,False,False,True,False,True,False,False,True,0.0,0.5274561067405641,,0.0,0.010099190287292004,True,0.001630908173588178,0.028399218263193197,0.027400095866320782,19.957134448171324,0.42558554141741245,0.021763677094903563,0.4246332692582054,0.01265597535990065,0.5944886073587626,0.40551139264123737,True,0.0003046319470740855,0.7861086561040044
linear-extrapolation,test-0022,22,1.0,False,True,False,True,0.0,False,False,False,False,True,False,False,False,True,True,0.0,3.0064371868641806e-14,,0.0,0.009168430231511593,True,0.0022118213466857345,0.05620003901218659,0.07519730249235028,20.377050154914947,0.3863627907809134,0.029515681115862922,0.4311373083492105,0.012495276925437726,0.5882774549584951,0.41172254504150485,True,0.0003007639024872333,0.7861086561040044
learned-seed-11,test-0022,22,0.0,False,True,False,True,2.320323377691446,False,False,False,False,False,True,True,True,False,True,0.0,0.30252673355567483,11,0.9113076677117241,0.009471094235777855,True,0.0027332716524767486,0.03409201832636645,0.045110287480453364,20.235998422103442,0.39911722162724594,0.03647418206647501,0.3987400958461832,0.016963200025861682,0.619215772115666,0.38078422788433397,True,0.0004083077365066856,0.6266810906996961
learned-seed-29,test-0022,22,1.0,False,True,False,True,3.4708345240339087,False,False,False,False,True,True,True,True,False,True,0.0,0.37805878669185267,29,1.2854003892817927,0.008306743577122688,True,0.002093619880778005,0.030918129122844213,0.04071526806877959,20.805691956692858,0.35005083200915793,0.0279383399891088,0.34957480267625013,0.01584957879780174,0.6661670779749137,0.3338329220250863,True,0.00038150264299474657,0.7616926699676487
learned-seed-47,test-0022,22,0.0,True,True,True,True,2.6428890199798776,False,False,False,False,False,True,True,True,False,True,0.0,0.45998875192743566,47,1.808161860890652,0.004886857699602842,True,0.0005191283590004216,0.015343887070491415,0.020025392261779264,23.109703070076435,0.20593492356831286,0.006927515698958814,0.20569233680830296,0.017555944553392298,0.8035702993774466,0.19642970062255338,True,0.0004225752199999988,0.5697469489391145
analytic-oracle,test-0023,23,0.0,False,False,False,False,1.2178914890824728e-16,False,False,False,False,False,False,False,False,False,False,0.0,0.023344010196640647,,0.0,0.0,False,1.1839487723541708e-16,0.0,0.0,120.0,0.0,2.1514649048513277e-15,0.0,0.0,1.0,0.0,False,0.0,0.0
persistence,test-0023,23,1.0,False,True,False,True,0.0,False,False,False,False,True,False,True,False,False,True,0.0,0.47738725630334894,,0.0,0.009162934496998787,True,0.004194274581897723,0.027903491892171513,0.0269384481939233,20.379654180616008,0.41744648980303956,0.07621811665313762,0.4169007065925416,0.011731057066380293,0.5983604965048867,0.40163950349511335,True,0.00025999502395279706,0.7031864775386328
linear-extrapolation,test-0023,23,1.0,False,True,False,True,0.0,False,False,False,False,True,False,False,False,True,True,0.0,3.0035996116962903e-14,,0.0,0.008016944862902164,True,0.0013367518244694955,0.051075665600084405,0.06930630648977378,20.959911032829513,0.36523730395095305,0.02429137732981045,0.40863662952860474,0.01133495127221134,0.6063220560712727,0.39367794392872735,True,0.0002512161445338279,0.7031864775386328
learned-seed-11,test-0023,23,1.0,False,True,False,True,271.4603532037621,False,False,False,False,True,True,True,True,True,True,0.0,4.408750255306319,11,16.189301375427565,0.01839595101773739,True,0.008283257365163638,0.13227832652418806,0.17219584618220413,17.35277755477359,0.8380857880691388,0.1505228767927618,0.8349429458791177,0.05466986407367826,0.19562124763346342,0.8043787523665366,True,0.00121164636220783,4.681980362842584
learned-seed-29,test-0023,23,1.0,False,True,False,True,14.80512231969866,False,False,False,False,True,True,True,True,False,True,0.0,1.2074363291732666,29,3.8372026645401074,0.009167980402708054,True,0.001518831477424184,0.030619312061878956,0.03950739740505892,20.377263237149105,0.4176763720123799,0.02760011831900534,0.4155810167855353,0.012264339639061634,0.5996318773168449,0.40036812268315514,True,0.0002718141477089375,1.2681343040741044
learned-seed-47,test-0023,23,0.0,False,True,False,True,31.439335892876233,False,False,False,False,False,True,True,True,False,True,0.0,0.598255134484304,47,3.123829230590738,0.01472201757133007,True,0.010085648114700314,0.04451901715620999,0.054053253941276684,18.320326682558445,0.670708118669117,0.18327581790816358,0.668306237797193,0.029076213843383266,0.3561579980868428,0.6438420019131572,True,0.0006444151513278484,0.9109415309040015
analytic-oracle,test-0024,24,0.0,False,False,False,False,0.0,False,False,False,False,False,False,False,False,False,False,0.0,0.0031324323999483514,,0.0,0.0,False,1.457167719820518e-15,0.0,0.0,120.0,0.0,1.8359965061299178e-14,0.0,0.0,1.0,0.0,False,0.0,0.0
persistence,test-0024,24,1.0,False,True,False,True,0.0,False,False,False,False,True,False,True,False,False,True,0.0,0.6271361054442838,,0.0,0.011559011414647102,True,0.008804176431017269,0.03128961771984723,0.029686770818329936,19.3707930739669,0.43229206648901375,0.11093051916281867,0.4307397501779019,0.016499886030798643,0.5862005669540957,0.4137994330459043,True,0.00045232826960273087,0.9571696755652846
linear-extrapolation,test-0024,24,1.0,False,True,False,True,0.0,False,False,False,False,True,False,False,False,True,True,0.0,2.58801861793892e-14,,0.0,0.011569461785256863,True,0.004307588919034141,0.07145708531581715,0.09358926854689344,19.366868440845384,0.4326828968242745,0.054274591027618724,0.47078232126374053,0.01799399920178244,0.5477328072310219,0.4522671927689781,True,0.000493287923745811,0.9571696755652846
learned-seed-11,test-0024,24,0.0,False,True,False,True,15.870969675771358,False,False,False,False,False,True,True,True,True,True,0.0,0.9150522667852297,11,3.0563977044497412,0.012484555132687092,True,0.005908406243360222,0.055326589792673644,0.0722135940633371,19.03626928431687,0.4669062036452792,0.07444450677881957,0.46411159780998257,0.04072018326526153,0.5541411816195733,0.44585881838042674,True,0.0011163040762767196,1.2475783989741713
learned-seed-29,test-0024,24,1.0,False,True,False,True,6.228375463148676,False,False,False,False,True,True,True,True,False,True,0.0,0.9029605905192553,29,2.5809352136729693,0.010628841817378998,True,0.004798209043864087,0.0392850905827052,0.05121915989850192,19.73514056241038,0.3975049274367284,0.060456287360665106,0.39961315528903024,0.016882427914458906,0.6161030018056387,0.3838969981943613,True,0.0004628152819350362,1.0728077188871912
learned-seed-47,test-0024,24,0.0,True,True,True,True,16.271467347286897,False,False,False,False,False,True,True,True,False,True,0.0,0.6917010665498285,47,3.1916774182413543,0.0028378977440297604,False,0.0005561231813394386,0.0095711445345123,0.011425845137707221,25.470032572237493,0.10613370263624657,0.00700701919229193,0.10551229883781307,0.020934978307208037,0.8986373339808447,0.10136266601915533,True,0.0005739119951613247,0.8151928553114797
analytic-oracle,test-0025,25,0.0,False,False,False,False,4.414830064514139e-16,False,False,False,False,False,False,False,False,False,False,0.0,0.009696292611063452,,4.8921203721395436e-18,0.0,False,0.0,0.0,0.0,120.0,0.0,0.0,0.0,0.0,1.0,0.0,False,0.0,0.0
persistence,test-0025,25,1.0,False,True,False,True,0.0,False,False,False,False,True,False,True,False,False,True,0.0,0.5014736515202453,,0.0,0.009147066622972488,True,0.00010443375568373734,0.030001722169347492,0.02931294287741477,20.387181577047294,0.4737992313343879,0.0020515905227854046,0.47215063049209005,0.01353585195328058,0.5450875785390372,0.4549124214609628,True,0.00026131514459848404,0.7304248280604309
linear-extrapolation,test-0025,25,1.0,False,True,False,True,0.0,False,False,False,False,True,False,False,False,True,True,0.0,3.402279476303394e-14,,0.0,0.007047900464385748,True,0.0008637829245124055,0.050802638287367155,0.06973663780810342,21.519402379775734,0.3650667432727287,0.01696892781525688,0.4040551002940839,0.013011094070323812,0.6106969424421572,0.3893030575578428,True,0.000251184479566291,0.7304248280604309
learned-seed-11,test-0025,25,1.0,False,True,False,True,13.741737926773641,False,False,False,False,True,True,True,True,False,True,0.0,1.085112292936159,11,3.1798489692305543,0.008959404192864895,True,0.0019438514802826159,0.03733783637992564,0.05058954343695149,20.477208702881637,0.46407870356300196,0.038186764887851415,0.4629839244317956,0.023403908814037748,0.5539196083646953,0.44608039163530466,True,0.000451822008471936,1.3834347658206663
learned-seed-29,test-0025,25,1.0,False,True,False,True,3.4841912966463338,False,False,False,False,True,True,True,True,False,True,0.0,0.4024787961656349,29,1.445750726100164,0.008526111021637917,True,0.0007293452153647375,0.04037167205130155,0.05482729111765532,20.692490165433558,0.44163500877737594,0.014327912674256005,0.440420135769216,0.01896872351539561,0.5756595936044259,0.42434040639557413,True,0.0003661989467218518,0.7983719538161355
learned-seed-47,test-0025,25,0.0,True,True,True,True,3.7088605163229516,False,False,False,False,False,True,True,True,False,True,0.0,0.47056720821765236,47,1.5020237592201893,0.004097078461199999,False,0.0003634258210228453,0.015108612658401122,0.0198576239023694,23.87525719000257,0.21222023470978219,0.007139463339841189,0.2116571638819261,0.017504294341113214,0.7960704344697472,0.20392956553025277,True,0.0003379275440238416,0.6371579655190558
analytic-oracle,test-0026,26,0.0,False,False,False,False,7.793452521612901e-16,False,False,False,False,False,False,False,False,False,False,0.0,0.019791232441320864,,0.0,0.0,False,2.5153490401663703e-16,0.0,0.0,120.0,0.0,4.808550512022816e-15,0.0,0.0,1.0,0.0,False,0.0,0.0
persistence,test-0026,26,1.0,False,True,False,True,0.0,False,False,False,False,True,False,True,False,False,True,0.0,0.5967743827331528,,0.0,0.009944482706487179,True,0.005598311058607933,0.03061457180102666,0.029872715163091732,20.02417803143988,0.46695517420436666,0.10702197220927893,0.4670012880405202,0.013482582627812262,0.552521248466028,0.447478751533972,True,0.0002904165012296289,0.8708230163941236
linear-extrapolation,test-0026,26,1.0,False,True,False,True,0.0,False,False,False,False,True,False,False,False,True,True,0.0,2.5609398407285555e-14,,0.0,0.007804041262716055,True,0.0011451597908403153,0.052588474164039264,0.07203259051658556,21.076804430034915,0.36644816577059625,0.021891827379268702,0.4084466853147442,0.012938064443519373,0.6086280327411594,0.3913719672588406,True,0.00027868751203641295,0.8708230163941236
learned-seed-11,test-0026,26,0.0,False,True,False,True,14.654203401575359,False,False,False,False,False,True,True,True,False,True,0.0,0.6904185851749362,11,2.8605636709426583,0.00946084689348936,True,0.0034261695424782374,0.04577253676445535,0.06227264127067666,20.24069985722232,0.4442454715505982,0.06549750768056836,0.4439909292855645,0.03148424800588295,0.5745696814611914,0.42543031853880864,True,0.000678174605127424,1.0792052522401372
learned-seed-29,test-0026,26,1.0,False,True,False,True,8.942916953374592,False,False,False,False,True,True,True,True,False,True,0.0,0.9348724051690642,29,3.085483475035288,0.006798348855227232,True,0.001024753769469389,0.03048256938961429,0.04152772224941881,21.67596553490402,0.31922466634929353,0.019590045692240873,0.3256882578641802,0.011866688891019975,0.6879268242924151,0.31207317570758486,True,0.000255609949817881,1.1254179513674372
learned-seed-47,test-0026,26,0.0,False,True,False,True,44.813542282173955,False,False,False,False,False,True,True,True,False,True,0.0,1.5309769536321778,47,5.26785604846813,0.011434859596192837,True,0.00793493378875108,0.04442546357890802,0.0598296136133004,19.417691635428508,0.5369376178068558,0.15169079647984945,0.5367185220915923,0.03521479713887591,0.48571847585596917,0.5142815241440308,True,0.0007585310959257185,1.7134095963674894
analytic-oracle,test-0027,27,0.0,False,False,False,False,5.33717411991526e-16,False,False,False,False,False,False,False,False,False,False,0.0,0.020101857172909854,,0.0,0.0,False,5.467631555844399e-16,0.0,0.0,120.0,0.0,1.0685215380449247e-14,0.0,0.0,1.0,0.0,False,0.0,0.0
persistence,test-0027,27,1.0,False,True,False,True,0.0,False,False,False,False,True,False,True,False,False,True,0.0,0.4560888226955328,,0.0,0.0111789396032691,True,0.0016561254262525249,0.03362350266836667,0.03516982114265678,19.515993902143602,0.571041898687868,0.03236512317226473,0.5705104488883213,0.011327134568062584,0.46232544527718455,0.5376745547228154,True,0.00022972316946834326,0.6218598304856516
linear-extrapolation,test-0027,27,1.0,False,True,False,True,0.0,False,False,False,False,True,False,False,False,False,True,0.0,1.6957601922403944e-14,,0.0,0.005806088447570801,True,0.0013479633277394894,0.039046079871318015,0.056965010504165386,22.36116352589885,0.2965862495652947,0.026342811022896654,0.3409654794498154,0.009094070207251673,0.6786588874993282,0.32134111250067177,True,0.00018443487351760268,0.6218598304856516
learned-seed-11,test-0027,27,0.0,False,True,False,True,4.83451700237193,False,False,False,False,False,True,True,True,False,True,0.0,0.4756107861732657,11,2.0028794349613857,0.0072859968058764935,True,0.0017146890255156856,0.026266534293860465,0.03661513434492714,21.37511023485335,0.37218283643331895,0.03350961263756586,0.3721018029903267,0.020409335521060806,0.6493146240805402,0.3506853759194598,True,0.0004139173252042383,0.7848740736599605
learned-seed-29,test-0027,27,1.0,False,True,False,True,5.817468605045971,False,False,False,False,True,True,True,True,False,True,0.0,0.6097163853965141,29,2.1389236977892416,0.010330261662602425,True,0.0020811999140823876,0.044866992358243506,0.06349791907552131,19.858886777848205,0.5276897848191174,0.04067221630538055,0.5276492947133918,0.020974869394864863,0.5027197133064846,0.4972802866935154,True,0.00042538679554127157,0.9277697665415394
learned-seed-47,test-0027,27,0.0,True,True,True,True,4.389825406435265,False,False,False,False,False,True,True,True,False,True,0.0,0.45456293285875876,47,1.743067831104632,0.003946319222450256,False,0.00026706671415444537,0.01442073882358933,0.01969230628086395,24.03807787066276,0.20158563348507777,0.005219198354063954,0.20162976381219713,0.016147782458804116,0.8099750956571677,0.19002490434283226,True,0.00032748968806117773,0.627780745985446
analytic-oracle,test-0028,28,0.0,False,False,False,False,3.252713049449964e-16,False,False,False,False,False,False,False,False,False,False,0.0,0.03176875155106919,,0.0,0.0,False,9.93129189996722e-17,0.0,0.0,120.0,0.0,2.802284899430907e-15,0.0,0.0,1.0,0.0,False,0.0,0.0
persistence,test-0028,28,1.0,False,True,False,True,0.0,False,False,False,False,True,False,True,False,False,True,0.0,0.5842278271998884,,0.0,0.008080526255071163,True,0.0026550809551326195,0.027703341866382777,0.026520387077469294,20.925603542958324,0.46840242923189096,0.07491767780342139,0.46751785125304973,0.013695656177380371,0.5687787818587591,0.4312212181412409,True,0.0002481275878380984,0.8677342220009459
linear-extrapolation,test-0028,28,1.0,False,True,False,True,0.0,False,False,False,False,True,False,False,False,True,True,0.0,2.6109030752029283e-14,,0.0,0.0069853635504841805,True,0.0008668504992819189,0.05351312240874649,0.07205585374905756,21.558109862770017,0.404919327384313,0.02445967844535796,0.4450182921972143,0.01420377028594611,0.5895315450691775,0.4104684549308225,True,0.00025733321672305465,0.8677342220009459
learned-seed-11,test-0028,28,1.0,False,True,False,True,14.99274000829792,False,False,False,False,True,True,True,True,False,True,0.0,1.1004856769099873,11,3.7412845079379657,0.0065373629331588745,True,0.0007951025732826811,0.03110224496101688,0.04160236380603004,21.84597403745594,0.37895015522539993,0.02243518725510492,0.3785153392642871,0.015421929777169321,0.6508714154011115,0.3491285845988885,True,0.0002794029132928699,1.394717359907531
learned-seed-29,test-0028,28,1.0,False,True,False,True,22.550422358906978,False,False,False,False,True,True,True,True,False,True,0.0,1.4368367619968894,29,4.741690756238449,0.0048360456712543964,True,0.0005130337153645191,0.017853159039441787,0.023140708302011374,23.15509606347224,0.28033019988894037,0.014476129067051901,0.2800815810053301,0.015177818845759725,0.7416630825618015,0.25833691743819853,True,0.00027498029521666467,1.5359454388899485
learned-seed-47,test-0028,28,0.0,False,True,False,True,36.50939221294285,False,False,False,False,False,True,True,True,True,True,0.0,1.7267128461317642,47,5.7524385104579645,0.010865111835300922,True,0.006467741518404333,0.05497059708071024,0.07276176283736875,19.63965799099176,0.6298160066415504,0.18249845612237628,0.6291870109745078,0.0339088268353775,0.41966111329464734,0.5803388867053527,True,0.0006143345963209867,2.017462568423468
analytic-oracle,test-0029,29,0.0,False,False,False,False,0.0,False,False,False,False,False,False,False,False,False,False,0.0,0.013487954669627836,,0.0,0.0,False,0.0,0.0,0.0,120.0,0.0,0.0,0.0,0.0,1.0,0.0,False,0.0,0.0
persistence,test-0029,29,1.0,False,True,False,True,0.0,False,False,False,False,True,False,True,False,False,True,0.0,0.43895861626159904,,0.0,0.011574244126677513,True,0.007810343396771066,0.03540081183534919,0.03604443874471722,19.365073616345775,0.5571944631654232,0.16302678115020697,0.559200574371144,0.013433168767536799,0.4669246665213747,0.5330753334786253,True,0.0002852052275557071,0.6113968706115569
linear-extrapolation,test-0029,29,1.0,False,True,False,True,0.0,False,False,False,False,True,False,False,False,False,True,0.0,1.972058600553886e-14,,0.0,0.006717534735798836,True,0.0008030181057477304,0.045756633669858444,0.06569764266030596,21.72790079189285,0.32338812970786784,0.01676154943962015,0.364498651459081,0.011428258551474746,0.6525303279640454,0.3474696720359546,True,0.00024263813975267112,0.6113968706115569
learned-seed-11,test-0029,29,1.0,False,True,False,True,53.819445458975196,False,False,False,False,True,True,True,True,True,True,0.0,2.580139432238931,11,7.212759805708447,0.01357372384518385,True,0.001746219036081546,0.05280585562763046,0.07204730929971631,18.67300990692865,0.653451204959507,0.03644916160194486,0.6535314746107821,0.0272714226289335,0.3770008030505025,0.6229991969494975,True,0.0005790109862573445,2.727600615160092
learned-seed-29,test-0029,29,1.0,False,True,False,True,692.1000702486281,False,False,False,False,True,True,True,True,True,True,0.0,4.6573820325445725,29,25.846849166466754,0.011918659321963787,True,0.0074093033449137025,0.05694716637999664,0.07965131697052781,19.237725937416915,0.5737749186788181,0.15465579597769236,0.5733356767730837,0.06843579229639328,0.45344994068594047,0.5465500593140595,True,0.0014529889449477196,4.48147823711515
learned-seed-47,test-0029,29,1.0,False,True,False,True,7.502680303196522,False,False,False,False,True,True,True,True,False,True,0.0,0.7518604029983302,47,2.6879757083418827,0.007524863351136446,True,0.0002156083743080732,0.02317381587760557,0.02535197763972477,21.235013822970753,0.36225365124843123,0.004500434547731379,0.36237505575967927,0.03322584397059586,0.6545547115886606,0.34544528841133937,True,0.000705431797541678,1.0342154158099033
analytic-oracle,test-0030,30,0.0,False,False,False,False,0.0,False,False,False,False,False,False,False,False,False,False,0.0,0.02833382662530932,,0.0,0.0,False,0.0,0.0,0.0,120.0,0.0,0.0,0.0,0.0,1.0,0.0,False,0.0,0.0
persistence,test-0030,30,1.0,False,True,False,True,0.0,False,False,False,False,True,False,True,False,False,True,0.0,0.556716067011918,,0.0,0.009772002696990967,True,0.003499935297515312,0.028503891915471192,0.02775309892488391,20.100164218369414,0.4188711350478536,0.04810105135651356,0.41856636586441925,0.011095942667726746,0.5970648840498716,0.40293511595012843,True,0.000264294067164883,0.8110433236172144
linear-extrapolation,test-0030,30,1.0,False,True,False,True,0.0,False,False,False,False,True,False,False,False,False,True,0.0,2.066895333845363e-14,,0.0,0.008043552748858929,True,0.0024927938916445517,0.04859651019934982,0.06671391833049879,20.945520857757785,0.3447821469358869,0.034259492479281554,0.3917251032986475,0.010267230076372494,0.6229037667843967,0.37709623321560326,True,0.0002445549762342125,0.8110433236172144
learned-seed-11,test-0030,30,1.0,False,True,False,True,32.05554495819546,False,False,False,False,True,True,True,True,False,True,0.0,2.3680045276256627,11,5.633605244524178,0.010014612227678299,True,0.003936018599004618,0.048680297406194686,0.06620320646483388,19.993658622106377,0.4292704495633645,0.054094323659446275,0.4939576601690775,0.015167087509899146,0.5244890576345269,0.4755109423654731,True,0.0003612645959947258,2.5333296148066102
learned-seed-29,test-0030,30,0.0,False,False,False,True,1825.8028120538263,False,False,False,False,False,True,True,True,True,True,0.0,6.140281250822565,29,28.15362871761521,0.013001596555113792,True,0.028937275049703885,0.2524316819845986,0.34580342328981,18.860033144237715,0.5573057719429129,0.39769688150278604,0.6459600482291958,0.12344585261843805,0.3781631584399911,0.6218368415600088,True,0.002940354635939002,8.04314938977204
learned-seed-47,test-0030,30,0.0,True,True,True,True,7.456980633468653,False,False,False,False,False,True,True,True,False,True,0.0,0.9267311647462669,47,2.9079879514541846,0.005236566998064518,True,0.0005305434217215254,0.019054919259681537,0.025660226753962387,22.809533356126988,0.22446235743557774,0.0072914766147833,0.22444776548604392,0.009982278333806053,0.7839341767843795,0.2160658232156205,True,0.00023776771558914334,1.0593531301950232
analytic-oracle,test-0031,31,0.0,False,False,False,False,6.268899240012479e-16,False,False,False,False,False,False,False,False,False,False,0.0,0.008170740457835309,,0.0,0.0,False,0.0,0.0,0.0,120.0,0.0,0.0,0.0,0.0,1.0,0.0,False,0.0,0.0
persistence,test-0031,31,1.0,False,True,False,True,0.0,False,False,False,False,True,False,True,False,False,True,0.0,0.47050525316875735,,0.0,0.01040700264275074,True,0.005172961712177407,0.03473664675299349,0.03646119086427548,19.826743351536695,0.5981899114430667,0.14801310265121487,0.6026508099148314,0.012399062459231117,0.42999711320088374,0.5700028867991163,True,0.00021721246594097465,0.6365747447414091
linear-extrapolation,test-0031,31,1.0,False,True,False,True,0.0,False,False,False,False,True,False,False,False,False,True,0.0,2.7831429456796898e-14,,0.0,0.005094049032777548,True,0.00042303076610427075,0.03801886206667868,0.05616882939439797,22.929368790500174,0.2928036865568061,0.0121041097328474,0.33362217090942636,0.00974316660359839,0.684451431260109,0.315548568739891,True,0.0001706852635834366,0.6365747447414091
learned-seed-11,test-0031,31,0.0,False,True,False,True,17.49925062440073,False,False,False,False,False,True,True,True,False,True,0.0,0.5407988039926543,11,2.8778679116509953,0.00844817329198122,True,0.002099472873940975,0.0380696144571589,0.05390655271225008,20.73237186313658,0.4855972662701444,0.060071872032717154,0.4856648796941689,0.03329218876974968,0.5406454635284663,0.4593545364715337,True,0.0005832278402522206,0.8717536230641211
learned-seed-29,test-0031,31,1.0,False,True,False,True,17.84241642278916,False,False,False,False,True,True,True,True,False,True,0.0,1.0181616529693562,29,4.099615700098265,0.0048978496342897415,True,0.000372255729054543,0.023788392163704097,0.03457646784435012,23.099945520003278,0.28152623186255205,0.010651291948932811,0.2876642436103739,0.013001538997087872,0.7279196400483224,0.27208035995167756,True,0.00022776692640036345,1.1477714242856587
learned-seed-47,test-0031,31,0.0,False,False,False,True,93.31357335576564,False,False,False,False,False,True,True,True,True,True,0.0,2.2794834960771246,47,7.888681062530449,0.010912667028605938,True,0.011350740585338498,0.07753755190070141,0.11112694623320198,19.62069095951049,0.6272552768108113,0.3247768734630449,0.6273849325234121,0.049878880865389615,0.4066029335907597,0.5933970664092403,True,0.00087380112381652,2.4590736632101753
analytic-oracle,test-0032,32,0.0,False,False,False,False,1.0462987375233821e-15,False,False,False,False,False,False,False,False,False,False,0.0,0.01335534779631874,,3.810552697829234e-17,0.0,False,0.0,0.0,0.0,120.0,0.0,0.0,0.0,0.0,1.0,0.0,False,0.0,0.0
persistence,test-0032,32,1.0,False,True,False,True,0.0,False,False,False,False,True,False,True,False,False,True,0.0,0.5150474823436418,,0.0,0.010707395151257515,True,0.0036433154041803427,0.038558787104955715,0.039949059775272626,19.703161696003857,0.657604402691922,0.10122852754580894,0.6570400050908262,0.016807963615132634,0.3784664031364024,0.6215335968635975,True,0.000279396801488474,0.708986610622135
linear-extrapolation,test-0032,32,1.0,False,True,False,True,0.0,False,False,False,False,True,False,False,False,False,True,0.0,1.7875704045389033e-14,,0.0,0.005501294508576393,True,0.0010656760158915552,0.04688981235038655,0.06787941578514997,22.59535104727398,0.3378670010996892,0.029609518244236636,0.372073003314349,0.014764111950774634,0.6480338027304123,0.35196619726958767,True,0.00024542209575884044,0.708986610622135
learned-seed-11,test-0032,32,1.0,False,True,False,True,77.44798074945403,False,False,False,False,True,True,True,True,False,True,0.0,2.128915639025304,11,7.791956879165181,0.009274627082049847,True,0.0021833132347610735,0.04466573740880327,0.06224491095891088,20.327035436497262,0.569609649809685,0.06066276438008892,0.5698650318744045,0.03390187968479917,0.46093044526455323,0.5390695547354467,True,0.0005635469569824636,2.352829395240724
learned-seed-29,test-0032,32,0.0,False,True,False,True,28.32171580179308,False,False,False,False,False,True,True,True,True,True,0.0,0.6568375714063293,29,2.9036585047370282,0.008570141158998013,True,0.005678946903132927,0.061060002115121303,0.08781869849479045,20.670120247431925,0.5263430067009771,0.1577879950649812,0.5267619684965659,0.08161939277988225,0.5017042213048178,0.49829577869518216,True,0.0013567495625466108,1.1590680321843385
learned-seed-47,test-0032,32,1.0,False,True,False,True,63.7650783545764,False,False,False,False,True,True,True,True,True,True,0.0,2.052693067215648,47,6.3761971972267775,0.012422897852957249,True,0.003361948478168341,0.055033893046792494,0.06864412596408118,19.05777085741446,0.762963559940839,0.09341082403663573,0.7628011485466973,0.02627219078168452,0.2784205864567197,0.7215794135432803,True,0.0004367195360828191,2.136836321290164
analytic-oracle,test-0033,33,0.0,False,False,False,False,6.896270302440494e-16,False,False,False,False,False,False,False,False,False,False,0.0,0.02300903521369929,,1.7293873185557076e-17,0.0,False,2.42861286636753e-17,0.0,0.0,120.0,0.0,8.044168193290068e-16,0.0,0.0,1.0,0.0,False,0.0,0.0
persistence,test-0033,33,1.0,False,True,False,True,0.0,False,False,False,False,True,False,True,False,False,True,0.0,0.5674308907832721,,0.0,0.009288976900279522,True,0.003801653979726639,0.03179515094270921,0.031161400588040056,20.32032117118467,0.5501445913757482,0.12592020922359592,0.5463701746532337,0.016158325343782563,0.48345528024778295,0.516544719752217,True,0.00028014471172355115,0.8291531606213747
linear-extrapolation,test-0033,33,1.0,False,True,False,True,0.0,False,False,False,False,True,False,False,False,True,True,0.0,2.8067699318456453e-14,,0.0,0.00665633287280798,True,0.0006851294624376607,0.05538519762235741,0.07557733792933215,21.767649677857083,0.39422485034511306,0.022693187153661854,0.42961907403885585,0.016540507035836198,0.5938331290860582,0.40616687091394177,True,0.0002867707808036357,0.8291531606213747
learned-seed-11,test-0033,33,1.0,False,True,False,True,105.18185866969257,False,False,False,False,True,True,True,True,True,True,0.0,3.0253728444783845,11,9.852507820920051,0.013657518662512302,True,0.0028097052856921323,0.10190372057334265,0.1349782794881628,18.646281973650495,0.8088737978849305,0.09306440810176964,0.8090260483660598,0.04747236138281612,0.23513736142219233,0.7648626385778077,True,0.0008230513194575906,3.2783554926658964
learned-seed-29,test-0033,33,1.0,False,True,False,True,7.982029638199592,False,False,False,False,True,True,True,True,False,True,0.0,1.1895789697589203,29,2.9054403154518194,0.0069768051616847515,True,0.0005679458068128694,0.027749506221013538,0.03512440153188878,21.563434052115827,0.4132049918939694,0.01881177382342485,0.41292578180237666,0.016873478659358395,0.6096151617812117,0.39038483821878833,True,0.00029254367109388113,1.2707548961629032
learned-seed-47,test-0033,33,0.0,False,False,False,True,50.655628975994645,False,False,False,False,False,True,True,True,True,True,0.0,1.3667906379348889,47,4.745936241935701,0.012083129025995731,True,0.007859135880699133,0.05931941171125872,0.07693885298268673,19.178205870098473,0.7156297353206714,0.26031407374046817,0.7150885441938184,0.04239701134218974,0.32394697076382467,0.6760530292361753,True,0.0007350575178861618,1.6522069373851498
analytic-oracle,test-0034,34,0.0,False,False,False,False,5.557058966345783e-16,False,False,False,False,False,False,False,False,False,False,0.0,0.04058303567205341,,0.0,0.0,False,6.604959634781693e-16,0.0,0.0,120.0,0.0,6.3212788823976136e-15,0.0,0.0,1.0,0.0,False,0.0,0.0
persistence,test-0034,34,1.0,False,True,False,True,0.0,False,False,False,False,True,False,True,False,False,True,0.0,0.6321172035848109,,0.0,0.011434327811002731,True,0.0031939086009712524,0.030205459316032454,0.028423808436396414,19.417893611449387,0.41203296447355897,0.030567313213103367,0.4098445741203824,0.015911176750445354,0.6046046228819892,0.39539537711801076,True,0.00044353422708809376,0.9686557662478611
linear-extrapolation,test-0034,34,1.0,False,True,False,True,0.0,False,False,False,False,True,False,False,False,True,True,0.0,2.5873011572157453e-14,,0.0,0.011956296861171722,True,0.003960841540418367,0.07156120192951965,0.09339011028627828,19.22403310463785,0.4308419805048841,0.037907247538837376,0.4716315175258496,0.01761176825617649,0.544995997243339,0.455004002756661,True,0.0004909393028356135,0.9686557662478611
learned-seed-11,test-0034,34,1.0,False,True,False,True,18.580910853508964,False,False,False,False,True,True,True,True,True,True,0.0,2.0424406673407356,11,4.241770361767772,0.01412865612655878,True,0.004150378805501233,0.06540539868129609,0.08509344252667389,18.4989914491548,0.5091223694191965,0.03972121458397485,0.5414160652626328,0.023271517484741693,0.4776717252833776,0.5223282747166225,True,0.000648708431981504,2.3309587399713396
learned-seed-29,test-0034,34,0.0,False,True,False,True,55.95687456545055,False,False,False,False,False,True,True,True,False,True,0.0,1.2575438739569367,29,4.7788872624006755,0.008494621142745018,True,0.009009231964949502,0.030113158345161765,0.03845519340893935,20.708559857513016,0.3061014157873845,0.08622288540078134,0.30531503967621193,0.04545388029363301,0.7054489363152641,0.29455106368473594,True,0.001267055980861187,1.5823834435216433
learned-seed-47,test-0034,34,0.0,True,True,True,True,2.3368906497503525,False,False,False,False,False,True,True,True,False,True,0.0,0.4484272908383392,47,1.6382236148694616,0.003127286909148097,False,0.00021971606420386793,0.009564365869061491,0.00962427299676736,25.048322731082425,0.11269095282503058,0.0021027933455665003,0.11235681910906546,0.020220867060636312,0.8916043552394081,0.10839564476059194,True,0.0005636696005240083,0.49399259580998256
analytic-oracle,test-0035,35,0.0,False,False,False,False,3.2716048528674604e-16,False,False,False,False,False,False,False,False,False,False,0.0,0.01455565272458245,,0.0,0.0,False,2.0079424234431542e-16,0.0,0.0,120.0,0.0,3.964186451812316e-15,0.0,0.0,1.0,0.0,False,0.0,0.0
persistence,test-0035,35,1.0,False,True,False,True,0.0,False,False,False,False,True,False,True,False,False,True,0.0,0.5825385802825926,,0.0,0.008687417954206467,True,0.003130427588602164,0.026250784102383993,0.025122313081337087,20.611092839504515,0.41175625663064375,0.06180256211648051,0.41221365790441683,0.012048700566945545,0.6152690441636599,0.3847309558363401,True,0.00026337779127061367,0.87665090518918
linear-extrapolation,test-0035,35,1.0,False,True,False,True,0.0,False,False,False,False,True,False,False,False,True,True,0.0,2.0345614149999226e-14,,0.0,0.008469592779874802,True,0.00164628501756258,0.05491994124860593,0.07288991257879032,20.72137470153922,0.401432029241619,0.03250183215538769,0.44779045893037855,0.012316168482139319,0.5820641844947662,0.41793581550523384,True,0.00026922448887489736,0.87665090518918
learned-seed-11,test-0035,35,0.0,False,True,False,True,9.87585005223201,False,False,False,False,False,True,True,True,False,True,0.0,0.6912523001997951,11,2.059007748422616,0.008782436139881611,True,0.002129843439715484,0.03706669176279883,0.04884052882068151,20.56384999429232,0.4162598194443206,0.042048499048710344,0.41660739021339205,0.027781109256844183,0.6111682464377558,0.3888317535622442,True,0.0006072793621569872,1.009264597731237
learned-seed-29,test-0035,35,1.0,False,True,False,True,7.483889425968214,False,False,False,False,True,True,True,True,False,True,0.0,0.9765866990300194,29,2.72826519226979,0.007732785306870937,True,0.0014150584778557514,0.03005004736920858,0.039641745227185096,21.116640474109335,0.3665096750345608,0.027936835144998052,0.3692205446038161,0.012902030674365685,0.6553957630565007,0.3446042369434993,True,0.0002820311055984348,1.1233641086907156
learned-seed-47,test-0035,35,0.0,False,True,False,True,32.16722037211131,False,False,False,False,False,True,True,True,False,True,0.0,1.1835307989568737,47,4.627922947930343,0.007938223890960217,True,0.0041530515324226195,0.025531322536329396,0.03332467532074245,21.002766563437774,0.3762468170482177,0.08199174650773651,0.3764436396377171,0.02518948068265237,0.6486542390841586,0.35134576091584135,True,0.0005506278248503804,1.2831126107813313
analytic-oracle,test-0036,36,0.0,False,False,False,False,0.0,False,False,False,False,False,False,False,False,False,False,0.0,0.002615886862699856,,0.0,0.0,False,2.992397996059992e-17,0.0,0.0,120.0,0.0,6.219835372349778e-16,0.0,0.0,1.0,0.0,False,0.0,0.0
persistence,test-0036,36,1.0,False,True,False,True,0.0,False,False,False,False,True,False,True,False,False,True,0.0,0.5419362945748447,,0.0,0.012225092388689518,True,0.006243184478706738,0.03733698343194367,0.03832679870831075,19.127478500982946,0.6061970900344426,0.12976742969315494,0.6052842377347885,0.014872787489312438,0.43049910726018875,0.5695008927398113,True,0.00031198596116155386,0.7542037898881139
linear-extrapolation,test-0036,36,1.0,False,True,False,True,0.0,False,False,False,False,True,False,False,False,False,True,0.0,1.9984980702475035e-14,,0.0,0.006798607762902975,True,0.0012277111300284323,0.04803087362060985,0.06883771090499813,21.67580014175308,0.337117799287171,0.02551853437822336,0.3766665603625987,0.012856097044883009,0.6456013075864622,0.35439869241353783,True,0.00026968191377818584,0.7542037898881139
learned-seed-11,test-0036,36,1.0,False,True,False,True,40.907007209753516,False,False,False,False,True,True,True,True,False,True,0.0,2.340456074913826,11,6.06411933324495,0.011147395707666874,True,0.00192525613565055,0.04426895950148979,0.06177951024308038,19.528265821132877,0.5527580998653274,0.040017324664431635,0.552188611945148,0.02547947129011626,0.4804558125610596,0.5195441874389404,True,0.0005344820092432201,2.4954874992881946
learned-seed-29,test-0036,36,1.0,False,True,False,True,24.96642559725663,False,False,False,False,True,True,True,True,False,True,0.0,1.4075247480136153,29,5.048532652698666,0.005216632504016161,True,0.000408849545852226,0.017618865160354293,0.023729751883148815,22.82609756932885,0.258673500630507,0.00849812381444275,0.25880626047050015,0.01747237405636675,0.75649391278353,0.24350608721647005,True,0.0003665174008347094,1.5099676649541462
learned-seed-47,test-0036,36,1.0,False,True,False,True,3.748377017987988,False,False,False,False,True,True,True,True,False,True,0.0,0.42085211754710156,47,1.0728593576600807,0.010587763041257858,True,0.0010887679911848794,0.03166838773286938,0.03899080860688651,19.75195786961332,0.5250079869762643,0.022630538025925608,0.5243795390714999,0.02359154992890646,0.5066208617073557,0.49337913829264435,True,0.0004948791465722024,0.6182980939212928
analytic-oracle,test-0037,37,0.0,False,False,False,False,3.4806787115799904e-16,False,False,False,False,False,False,False,False,False,False,0.0,0.028342312099632963,,3.475058293988898e-17,0.0,False,0.0,0.0,0.0,120.0,0.0,0.0,0.0,0.0,1.0,0.0,False,0.0,0.0
persistence,test-0037,37,1.0,False,True,False,True,0.0,False,False,False,False,True,False,True,False,False,True,0.0,0.5647719857677267,,0.0,0.010588257573544979,True,0.00441367990249234,0.029377657485821815,0.029034128437232534,19.751755024473184,0.4331784759842199,0.05556307868783605,0.4342840238238365,0.010761657806514212,0.582633934943002,0.417366065056998,True,0.00026939448434859514,0.816587753624929
linear-extrapolation,test-0037,37,1.0,False,True,False,True,0.0,False,False,False,False,True,False,False,False,False,True,0.0,2.5258751217819562e-14,,0.0,0.008242733776569366,True,0.003209286946692031,0.0479817518750438,0.06617239898528159,20.83928726752681,0.33722024898592756,0.04040117704281204,0.3859449019090476,0.00981002037109585,0.6290899591002935,0.3709100408997065,True,0.0002455723297316581,0.816587753624929
learned-seed-11,test-0037,37,1.0,False,True,False,True,29.525968236932485,False,False,False,False,True,True,True,True,False,True,0.0,2.3010932322117825,11,5.4065667614253305,0.010299863293766975,True,0.0056350116140341765,0.04886688027732204,0.06664615787410028,19.871685394847933,0.4213799157651208,0.07093821949812192,0.4972968234019464,0.015358242071716823,0.5220758605828705,0.4779241394171295,True,0.0003844598832074553,2.488139775484396
learned-seed-29,test-0037,37,0.0,False,False,False,True,2177.7200303199843,False,False,False,False,False,True,True,True,True,True,0.0,6.86742120293739,29,30.749510951206524,0.014036518521606922,True,0.035242449238916174,0.2878212942848035,0.3957341391251563,18.52740596931895,0.5742510190256218,0.44366130382681634,0.6746737225803948,0.12150570878057292,0.351608851941192,0.648391148058808,True,0.003041628748178482,9.01923735372725
learned-seed-47,test-0037,37,0.0,True,True,True,True,7.9203955453233155,False,False,False,False,False,True,True,True,False,True,0.0,0.8991767895775414,47,3.058951033597207,0.005916475784033537,True,0.0008203346360086978,0.01962059795792688,0.026227459330776935,22.27936908699512,0.2420502094441519,0.010327055640163231,0.24205777603961853,0.009979575655805678,0.7673718212966446,0.2326281787033554,True,0.00024981677415780723,1.078913789254871
analytic-oracle,test-0038,38,0.0,False,False,False,False,9.64841516488922e-16,False,False,False,False,False,False,False,False,False,False,0.0,0.009190316064077225,,0.0,0.0,False,0.0,0.0,0.0,120.0,0.0,0.0,0.0,0.0,1.0,0.0,False,0.0,0.0
persistence,test-0038,38,1.0,False,True,False,True,0.0,False,False,False,False,True,False,True,False,False,True,0.0,0.4487414097230428,,0.0,0.011747820302844048,True,0.0057911850612240075,0.04079258409557267,0.04385797380775465,19.300427051591207,0.6942826663226294,0.17659722542500697,0.6927345763330003,0.01556294493773234,0.34152520026733985,0.6584747997326601,True,0.00026844345848076046,0.5947700166628905
linear-extrapolation,test-0038,38,1.0,False,True,False,True,0.0,False,False,False,False,True,False,False,False,False,True,0.0,2.3806982065115513e-14,,0.0,0.005056471563875675,True,0.0006580260199016024,0.04069235949779763,0.06095299114684705,22.961524307622383,0.29883165294095176,0.020065939551847534,0.3340860926188735,0.012217765720795751,0.6824364187288222,0.3175635812711778,True,0.00021074284450151026,0.5947700166628905
learned-seed-11,test-0038,38,1.0,False,True,False,True,440.45894141272555,False,False,False,False,True,True,True,True,True,True,0.0,5.580272474524969,11,20.57150538226795,0.014882456511259079,True,0.005870279164156665,0.1468692361551998,0.1980629972527806,18.27325377847118,0.8795360604525154,0.17900913231068244,0.878234337275477,0.08095411387706287,0.1651994874905359,0.8348005125094641,True,0.001396368257701397,5.8227449289790405
learned-seed-29,test-0038,38,1.0,False,True,False,True,22.08595370031182,False,False,False,False,True,True,True,True,False,True,0.0,1.5137701517632316,29,4.717651420161267,0.007582320831716061,True,0.0011845861391620695,0.028519514136986904,0.03197294714417463,21.201978431625513,0.44810643917348714,0.03612293912927174,0.44771766173081873,0.024227693045945516,0.5744245953398767,0.42557540466012334,True,0.0004179007082711905,1.6470852604902262
learned-seed-47,test-0038,38,0.0,False,False,False,True,277.5998955378564,False,False,False,False,False,True,True,True,True,True,0.0,2.5408155938280537,47,11.582012650237914,0.0120322834700346,True,0.013778249677043105,0.10811979844923866,0.15502177543573967,19.196519450352103,0.7110941122842112,0.4201559160094491,0.7100408575666352,0.12138757130477273,0.32507481586505077,0.6749251841349493,True,0.0020938003435730934,2.77026967148996
analytic-oracle,test-0039,39,0.0,False,False,False,False,3.7361160127781004e-16,False,False,False,False,False,False,False,False,False,False,0.0,0.009588626818367104,,0.0,0.0,False,2.203098814490545e-16,0.0,0.0,120.0,0.0,2.9473792141896126e-15,0.0,0.0,1.0,0.0,False,0.0,0.0
persistence,test-0039,39,1.0,False,True,False,True,0.0,False,False,False,False,True,False,True,False,False,True,0.0,0.47209083570272037,,0.0,0.0142018748447299,True,0.008650314296710551,0.037007556515869795,0.03940416158554818,18.476543189286964,0.5657063292390228,0.1157267953059458,0.563520090359531,0.011144544961548253,0.46148327772723957,0.5385167222727605,True,0.0002782084047794342,0.6295318665591855
linear-extrapolation,test-0039,39,1.0,False,True,False,True,0.0,False,False,False,False,True,False,False,False,False,True,0.0,2.4964872317486644e-14,,0.0,0.006604181602597237,True,0.0021983647914020814,0.03761150581054962,0.056296579949366474,21.801809929620156,0.2630657834179937,0.029410458799067115,0.30735548899256493,0.008205705839585764,0.7062818640605754,0.29371813593942464,True,0.00020484428387135267,0.6295318665591855
learned-seed-11,test-0039,39,0.0,True,True,True,True,25.21279421432755,False,False,False,False,False,True,True,True,False,True,0.0,1.2474321919772666,11,4.661802079337751,0.005969355348497629,False,0.0004379829024702478,0.016423711473751632,0.017476320605586237,22.24072567314028,0.23777861296778277,0.005859481628425091,0.2371341010561041,0.01777204122113209,0.7733875312974973,0.22661246870250273,True,0.00044365483336150646,1.384832469531257
learned-seed-29,test-0039,39,1.0,False,True,False,True,10.043095386386208,False,False,False,False,True,True,True,True,False,True,0.0,0.775067830280219,29,3.2355200699154074,0.007111621554940939,True,0.0011577108051922464,0.0224504035156073,0.031270349114599555,21.480313624110003,0.2832787479658474,0.015488242019935919,0.2826370457653021,0.016061575416579245,0.7299035507655484,0.27009644923445164,True,0.00040095538133755326,0.895835922198716
learned-seed-47,test-0039,39,0.0,True,True,True,True,2.777410007813955,False,False,False,False,False,True,True,True,False,True,0.0,0.21494540814898858,47,0.9997879089060551,0.005062996409833431,False,0.0003387164698359507,0.01411118360888776,0.0176710272000668,22.955923805709077,0.20167542280659306,0.004531462121135141,0.20090678773140122,0.01931978950254032,0.8080074399078901,0.19199256009210985,True,0.00048229226376861334,0.4643064225977782
analytic-oracle,test-0040,40,0.0,False,False,False,False,0.0,False,False,False,False,False,False,False,False,False,False,0.0,0.00576864673181727,,0.0,0.0,False,1.95590071916385e-16,0.0,0.0,120.0,0.0,4.037895166527683e-15,0.0,0.0,1.0,0.0,False,0.0,0.0
persistence,test-0040,40,1.0,False,True,False,True,0.0,False,False,False,False,True,False,True,False,False,True,0.0,0.6192075403567273,,0.0,0.008053993806242943,True,0.002132348176254565,0.02648521064893798,0.02508320130043245,20.939887087136317,0.4123837929193805,0.044021653603835774,0.4148058730745507,0.01433575475472581,0.6022056713643991,0.39779432863560094,True,0.00028257904341444373,0.9458089443969151
linear-extrapolation,test-0040,40,1.0,False,True,False,True,0.0,False,False,False,False,True,False,False,False,True,True,0.0,2.628992002368983e-14,,0.0,0.008248267695307732,True,0.001840461231657651,0.060801982788201696,0.07960848243723898,20.83637252585308,0.42233108182536855,0.03799573996101924,0.4619437088931607,0.015811302140680238,0.5570009986006913,0.4429990013993087,True,0.0003116642765235156,0.9458089443969151
learned-seed-11,test-0040,40,1.0,False,True,False,True,23.526149298675016,False,False,False,False,True,True,True,True,True,True,0.0,2.222390533374816,11,4.811958128599072,0.008989890106022358,True,0.0025715200621545357,0.054836770880694594,0.0715647841867259,20.4624561712548,0.4603039273479774,0.05308821827133301,0.5165256016569107,0.015864088165545385,0.5046575560484349,0.4953424439515651,True,0.00031270476756617427,2.464674058754836
learned-seed-29,test-0040,40,0.0,False,False,False,True,754.277599143279,False,False,False,False,False,True,True,True,True,True,0.0,4.372140555363689,29,17.947160537842024,0.011187796480953693,True,0.017356267064557947,0.1670825356687917,0.2184555840828226,19.5125544255102,0.5728420033858931,0.3583146434902004,0.6253030719634312,0.1372416211860233,0.4003411430465283,0.5996588569534718,True,0.002705236431211233,5.655203611238126
learned-seed-47,test-0040,40,0.0,False,True,False,True,1.9258700662782764,False,False,False,False,False,True,True,True,False,True,0.0,0.7316984074332071,47,1.6737465260896194,0.006525004748255014,True,0.0009295754736782774,0.027053460288302012,0.0352035948918567,21.85419167952869,0.33409588728720263,0.019190791614887466,0.3345322880660129,0.011997107654799555,0.6791871678387875,0.3208128321612125,True,0.00023648083151783794,0.9173311234001255
analytic-oracle,test-0041,41,0.0,False,False,False,False,1.4623169048340263e-16,False,False,False,False,False,False,False,False,False,False,0.0,0.0047396787344350785,,0.0,0.0,False,3.924811864397526e-17,0.0,0.0,120.0,0.0,9.459550712495212e-16,0.0,0.0,1.0,0.0,False,0.0,0.0
persistence,test-0041,41,1.0,False,True,False,True,0.0,False,False,False,False,True,False,True,False,False,True,0.0,0.6161257598582545,,0.0,0.00821541715413332,True,0.0002968292933644654,0.02833473840401804,0.026855674032478835,20.853703795035937,0.4749378871587374,0.007154156302384441,0.47381966674504417,0.0173622451557801,0.5503137581633234,0.4496862418366766,True,0.0003087870718445629,0.944874262036843
linear-extrapolation,test-0041,41,1.0,False,True,False,True,0.0,False,False,False,False,True,False,False,False,True,True,0.0,2.5746255062573854e-14,,0.0,0.007768039125949144,True,0.0006706847968384887,0.06673542389442848,0.08699153830895738,21.096885956462643,0.44907471168259816,0.016164792267736174,0.4827738284798861,0.020156336485224757,0.5418156656991592,0.4581843343008408,True,0.0003584799123927951,0.944874262036843
learned-seed-11,test-0041,41,0.0,False,True,False,True,57.590796226228974,False,False,False,False,False,True,True,True,True,True,0.0,1.9658378014731959,11,6.374725652057487,0.0122561389580369,True,0.008415840378913797,0.07827768716919259,0.1003402155565612,19.116463237259516,0.7085342876989923,0.20283792345501495,0.7085029502126388,0.08061303345592144,0.32758378055515375,0.6724162194448462,True,0.0014337006723508239,2.02803186492965
learned-seed-29,test-0041,41,0.0,False,True,False,True,43.27459420182447,False,False,False,False,False,True,True,True,False,True,0.0,2.2874540168648334,29,6.1561137383198306,0.008520728908479214,True,0.007148726884620214,0.04990357742653568,0.06476321570201767,20.69523251783793,0.49258813142671254,0.17229805359147662,0.49293241087867373,0.04166461131298088,0.5321744982637072,0.4678255017362928,True,0.0007410040125250816,2.5511301859585127
learned-seed-47,test-0041,41,1.0,False,True,False,True,19.351624349805565,False,False,False,False,True,True,True,True,False,True,0.0,1.482520731034433,47,3.604296220661256,0.00905159953981638,True,0.0038614541437888804,0.03265929144933639,0.04096577355227439,20.432746683159767,0.5232780612588267,0.0930684643217996,0.5230090153781672,0.027237826873238877,0.5036298088093901,0.4963701911906099,True,0.0004844240320380777,1.4815419347235537
analytic-oracle,test-0042,42,0.0,False,False,False,False,5.227449525912976e-16,False,False,False,False,False,False,False,False,False,False,0.0,0.005608925139225454,,0.0,0.0,False,4.2934406030425976e-17,0.0,0.0,120.0,0.0,8.131538967476633e-16,0.0,0.0,1.0,0.0,False,0.0,0.0
persistence,test-0042,42,1.0,False,True,False,True,0.0,False,False,False,False,True,False,True,False,False,True,0.0,0.4608506356349478,,0.0,0.011644345708191395,True,0.0037670757553524416,0.038293161988430954,0.04028615048680283,19.338849093023512,0.6314357935972528,0.07134633067097058,0.6325082456911165,0.014456242476194932,0.3905063219106286,0.6094936780893714,True,0.000265933689661324,0.6230400656919686
linear-extrapolation,test-0042,42,1.0,False,True,False,True,0.0,False,False,False,False,True,False,False,False,False,True,0.0,2.664971203612332e-14,,0.0,0.0055541121400892735,True,0.0013333489618172702,0.041868800851628224,0.06181127214518335,22.553853558910703,0.30118181775025,0.025252891661242984,0.33892231372448006,0.011603956045689045,0.6734097792625908,0.3265902207374092,True,0.00021346368885133415,0.6230400656919686
learned-seed-11,test-0042,42,0.0,False,True,False,True,138.21115871143607,False,False,False,False,False,True,True,True,True,True,0.0,2.0753316845161596,11,10.051762279857586,0.011547805741429329,True,0.009919588847027774,0.09117030337277121,0.131673703487348,19.375005304836364,0.6262007385710717,0.1878715247482199,0.625971696703511,0.09327250195496162,0.3968050307600506,0.6031949692399494,True,0.001715819351375103,2.118902597481677
learned-seed-29,test-0042,42,0.0,False,True,False,True,86.19171977218451,False,False,False,False,False,True,True,True,True,True,0.0,2.598159073326939,29,8.50305917619863,0.009690114296972752,True,0.010404021602235426,0.07136061378065067,0.1044538452254145,20.136711003226285,0.5254640461982154,0.19704641311933546,0.5254144055279786,0.04456541681766169,0.4937034248518321,0.5062965751481678,True,0.0008198150899261236,2.8320273036736587
learned-seed-47,test-0042,42,0.0,False,True,False,True,194.1398685923088,False,False,False,False,False,True,True,True,True,True,0.0,2.286487148221134,47,8.594237835176193,0.0128278573974967,True,0.0022408347371359314,0.05133654736086433,0.058889265364653415,18.91845876606438,0.6956138643532948,0.04244017017909424,0.6954987043904884,0.04056851007674749,0.32980784624843834,0.6701921537515616,True,0.000746288918890059,2.523223690869233
analytic-oracle,test-0043,43,0.0,False,False,False,False,3.93486849189461e-16,False,False,False,False,False,False,False,False,False,False,0.0,0.002617217409392508,,0.0,0.0,False,1.0018028073766061e-16,0.0,0.0,120.0,0.0,3.0757250688569493e-15,0.0,0.0,1.0,0.0,False,0.0,0.0
persistence,test-0043,43,1.0,False,True,False,True,0.0,False,False,False,False,True,False,True,False,False,True,0.0,0.5311779074954073,,0.0,0.011124410666525364,True,0.005631807963703337,0.04030236050454092,0.04246087044407022,19.537229871834754,0.6686237319527913,0.17290721097409312,0.672940385082242,0.016331077172938725,0.36073714661410783,0.6392628533858922,True,0.00027705030515789986,0.7161535013256972
linear-extrapolation,test-0043,43,1.0,False,True,False,True,0.0,False,False,False,False,True,False,False,False,False,True,0.0,3.038276193860816e-14,,0.0,0.0051880646497011185,True,0.0005162333433543463,0.04312739302621617,0.06396826138268087,22.84994620707943,0.31182444191257,0.01584934503919696,0.34657109879684406,0.013512704324774666,0.6707731703590977,0.32922682964090233,True,0.00022923771757632494,0.7161535013256972
learned-seed-11,test-0043,43,1.0,False,True,False,True,266.01156715653707,False,False,False,False,True,True,True,True,True,True,0.0,4.971234053317374,11,15.935636731900908,0.014291026629507542,True,0.004587857057696815,0.1359895042851653,0.18564347155099098,18.449365715228843,0.8589506307251954,0.14085593353089554,0.8596575020783894,0.07527893798549025,0.1833643515895422,0.8166356484104578,True,0.0012770775938406587,5.271462930128306
learned-seed-29,test-0043,43,1.0,False,True,False,True,16.973690642322094,False,False,False,False,True,True,True,True,False,True,0.0,1.5584735513687313,29,4.059315395654274,0.007728009484708309,True,0.0008628492860929277,0.027093694021712352,0.03182534739358464,21.119323535757474,0.4644857779100811,0.02649111342411789,0.4650095929839483,0.025067710819754136,0.5582619711159084,0.44173802888409164,True,0.0004252638609614223,1.6657854093503273
learned-seed-47,test-0043,43,0.0,False,False,False,True,258.21181579630166,False,False,False,False,False,True,True,True,True,True,0.0,2.3154485491156223,47,9.290728049151173,0.011570851318538189,True,0.01298684214415917,0.12322093944713311,0.17800965587491765,19.3663468691324,0.6954566873148651,0.3987207427844852,0.6973505045019973,0.13472479205744875,0.3375486399682239,0.6624513600317761,True,0.002285553142428398,2.9347743138090157
analytic-oracle,test-0044,44,0.0,False,False,False,False,1.0057395439482663e-15,False,False,False,False,False,False,False,False,False,False,0.0,0.013247807595626482,,0.0,0.0,False,0.0,0.0,0.0,120.0,0.0,0.0,0.0,0.0,1.0,0.0,False,0.0,0.0
persistence,test-0044,44,1.0,False,True,False,True,0.0,False,False,False,False,True,False,True,False,False,True,0.0,0.5754703855381837,,0.0,0.009353465400636196,True,0.00041506984452140225,0.03146631071309058,0.030234879446543017,20.290274559144258,0.5091855318645825,0.008983871898506699,0.5090139308709365,0.01772622818101183,0.5134595121869334,0.4865404878130666,True,0.00033144804183393717,0.8608679020162865
linear-extrapolation,test-0044,44,1.0,False,True,False,True,0.0,False,False,False,False,True,False,False,False,True,True,0.0,3.6996686193871577e-14,,0.0,0.007719873916357756,True,0.0006592108162461526,0.06337527446075047,0.08458284558267429,21.12389792653544,0.4202558022784556,0.014268118017810142,0.45402278156447995,0.01924676257787017,0.5660227506098687,0.43397724939013127,True,0.0003598792536649853,0.8608679020162865
learned-seed-11,test-0044,44,0.0,False,False,False,True,92.82236172894517,False,False,False,False,False,True,True,True,True,True,0.0,2.3061957936262885,11,8.181257716234102,0.012820284813642502,True,0.012194941672458428,0.10022856888806123,0.13177400197742392,18.921023264849605,0.6979128335735306,0.263950261001142,0.7005096593480147,0.0989067195669793,0.3304184999538515,0.6695815000461485,True,0.001849374733865261,2.3879770242798886
learned-seed-29,test-0044,44,0.0,False,True,False,True,51.04579076302841,False,False,False,False,False,True,True,True,False,True,0.0,2.421459110217561,29,6.845759621840508,0.008687678724527359,True,0.007908759334636067,0.04820510107570286,0.06406564576853323,20.610962479238314,0.4729413241552374,0.17117909594327535,0.47255235669957735,0.03967908838807057,0.5483112736179255,0.45168872638207447,True,0.0007419263711199164,2.631524711457924
learned-seed-47,test-0044,44,1.0,False,True,False,True,35.821618802386105,False,False,False,False,True,True,True,True,False,True,0.0,2.3076888914775036,47,5.577903813601061,0.007386952638626099,True,0.0008446844813539206,0.025759918112782564,0.030695878228262276,21.315346854448695,0.40213217743890683,0.01828255479241134,0.40170109375382107,0.019965387770926823,0.6160343867689105,0.38396561323108946,True,0.00037331623025238514,2.219548633241804
analytic-oracle,test-0045,45,0.0,False,False,False,False,1.3361762856254742e-16,False,False,False,False,False,False,False,False,False,False,0.0,0.006233577603034368,,2.153089115999615e-17,0.0,False,0.0,0.0,0.0,120.0,0.0,0.0,0.0,0.0,1.0,0.0,False,0.0,0.0
persistence,test-0045,45,1.0,False,True,False,True,0.0,False,False,False,False,True,False,True,False,False,True,0.0,0.45576738063708416,,0.0,0.011232317425310612,True,0.005754443370929589,0.031701748730134635,0.03200603897147144,19.495306318780084,0.4964268538384042,0.09566894270436367,0.4926729665298888,0.012363731899791019,0.5253061072416321,0.47469389275836793,True,0.00027572590624913573,0.6488030141761117
linear-extrapolation,test-0045,45,1.0,False,True,False,True,0.0,False,False,False,False,True,False,False,False,False,True,0.0,3.5228895709488354e-14,,0.0,0.007537940051406622,True,0.0016684100105162835,0.046977244102478374,0.06564018803911482,21.22747320779599,0.3331490486290996,0.027737699620056292,0.37707874683913783,0.010923726269139226,0.636681956645051,0.363318043354949,True,0.00024361207033507526,0.6488030141761117
learned-seed-11,test-0045,45,1.0,False,True,False,True,53.5044878483079,False,False,False,False,True,True,True,True,True,True,0.0,2.2905642251502156,11,7.191477868257031,0.01242785807698965,True,0.0031074971528619374,0.050657780440573966,0.06933987748946865,19.056037149223886,0.5492653253555612,0.05166285388661262,0.546887482497056,0.023880321212335333,0.47307003711639206,0.5269299628836079,True,0.0005325595266185701,2.46305801211023
learned-seed-29,test-0045,45,1.0,False,True,False,True,107.56464167345827,False,False,False,False,True,True,True,True,False,True,0.0,2.181950597459129,29,10.173788788386405,0.006791419815272093,True,0.001575968304613944,0.022422712631951395,0.029361716963998145,21.680394225562615,0.3001556174324453,0.026200835027706346,0.29879830720448314,0.019883433595517995,0.7121057146781729,0.28789428532182715,True,0.00044342418550513685,2.1354568514766727
learned-seed-47,test-0045,45,0.0,False,False,False,True,143.5549571999744,False,False,False,False,False,True,True,True,True,True,0.0,2.707774289582153,47,11.966058325167888,0.0153040224686265,True,0.020592020397489624,0.08063937084708768,0.11000950157451268,18.151944053701136,0.67638114535945,0.34234706861947634,0.6734223766296001,0.046068226060291866,0.3511527703976358,0.6488472296023642,True,0.0010273761581629515,2.8665534916046336
analytic-oracle,test-0046,46,0.0,False,False,False,False,1.141973079542032e-16,False,False,False,False,False,False,False,False,False,False,0.0,0.0023105218175089926,,1.9904811026558843e-17,0.0,False,1.164866814118426e-15,0.0,0.0,120.0,0.0,2.3854462132243066e-14,0.0,0.0,1.0,0.0,False,0.0,0.0
persistence,test-0046,46,1.0,False,True,False,True,0.0,False,False,False,False,True,False,True,False,False,True,0.0,0.4930003029760029,,0.0,0.012157488614320755,True,0.0019050033474133693,0.03866573596250332,0.04147881530597642,19.151561284832056,0.6507179828805493,0.03901118107400093,0.6495047575605942,0.01378869714045959,0.3797044842184418,0.6202955157815582,True,0.00026076933136209846,0.6559400994671152
linear-extrapolation,test-0046,46,1.0,False,True,False,True,0.0,False,False,False,False,True,False,False,False,False,True,0.0,2.630736334101336e-14,,0.0,0.00536264106631279,True,0.0009942130132823371,0.03912171755541975,0.05843125793488849,22.706212703754378,0.2870302484571498,0.02035976678988441,0.32634761341776886,0.010581119305431142,0.68832874766099,0.31167125233901005,True,0.00020010820298921317,0.6559400994671152
learned-seed-11,test-0046,46,0.0,False,True,False,True,11.639972718047584,False,False,False,False,False,True,True,True,False,True,0.0,0.8918624734233793,11,2.9565986186726687,0.006608366500586271,True,0.0016056088736661096,0.024897945391741113,0.03466710607435463,21.799058790096502,0.35370651421639404,0.032880098919332586,0.3533629557305528,0.02501844860809961,0.6625283274194795,0.33747167258052047,True,0.0004731443477794528,1.1505102221641528
learned-seed-29,test-0046,46,1.0,False,True,False,True,5.203064819225211,False,False,False,False,True,True,True,True,False,True,0.0,0.608901778299587,29,1.677982394667758,0.011805426329374313,True,0.0023194015058650265,0.046200449786869685,0.06397945815996364,19.279183246249417,0.6318741848580853,0.04749734022854556,0.6311517174924022,0.022574349675792027,0.39723215945521134,0.6027678405447887,True,0.0004269219934940338,0.8777615781331397
learned-seed-47,test-0046,46,1.0,False,True,False,True,5.9901687297586,False,False,False,False,True,True,True,True,False,True,0.0,0.6945501896218356,47,2.3154564706492735,0.0051747583784163,True,0.0007862340292785967,0.017256038185525322,0.020219759942369662,22.8610992362376,0.2769740067805451,0.01610071610864899,0.27662547988589925,0.0212858772180804,0.7358147993117097,0.2641852006882903,True,0.0004025546368211508,0.8830249826321271
analytic-oracle,test-0047,47,0.0,False,False,False,False,1.6721411211642677e-16,False,False,False,False,False,False,False,False,False,False,0.0,0.00041612923606131774,,0.0,0.0,False,1.1058862159352145e-16,0.0,0.0,120.0,0.0,2.3259573252701542e-15,0.0,0.0,1.0,0.0,False,0.0,0.0
persistence,test-0047,47,1.0,False,True,False,True,0.0,False,False,False,False,True,False,True,False,False,True,0.0,0.5761739957070595,,0.0,0.009652157314121723,True,0.004459096549519432,0.02924818076144539,0.028101738950585573,20.15375608427339,0.47031648026467154,0.09378603453042034,0.46538850589146824,0.01504781109653732,0.5599539617906678,0.4400460382093322,True,0.0003142768982797861,0.866447227309381
linear-extrapolation,test-0047,47,1.0,False,True,False,True,0.0,False,False,False,False,True,False,False,False,True,True,0.0,3.1644329353709233e-14,,0.0,0.008525146171450615,True,0.0017572249933567618,0.06065836339399579,0.08052486458843061,20.69298165894387,0.415401097455417,0.03695886870232406,0.45534236512623044,0.015987507077931222,0.5694530456465702,0.4305469543534298,True,0.0003339026588946581,0.866447227309381
learned-seed-11,test-0047,47,0.0,False,True,False,True,20.865631271185965,False,False,False,False,False,True,True,True,True,True,0.0,0.8628032906511991,11,3.6471937378588217,0.010385959409177303,True,0.0030961125008977736,0.05503792066896107,0.0726080894234516,19.835533790647407,0.506072136469368,0.06511904613291201,0.5058923829007365,0.0417537770222237,0.5216557004790678,0.47834429952093216,True,0.0008720369660295546,1.2069753532615033
learned-seed-29,test-0047,47,1.0,False,True,False,True,8.781441756135772,False,False,False,False,True,True,True,True,False,True,0.0,1.0476609017128709,29,2.97751972102199,0.008288889192044735,True,0.0018395501032403864,0.03387156028428651,0.0446645811296102,20.815036660828735,0.40388910615896684,0.03869037317021865,0.40861527634493083,0.01625778310454005,0.6136356372554438,0.3863643627445562,True,0.00033954743412323296,1.2087109411540662
learned-seed-47,test-0047,47,0.0,False,True,False,True,53.61030971214087,False,False,False,False,False,True,True,True,False,True,0.0,1.7697293688964313,47,6.119337494897339,0.011098723858594894,True,0.0077577324622015685,0.04110047003045629,0.05385763886278083,19.547269539188896,0.5408027004457148,0.16316465824365495,0.5405451365722236,0.03847986037044347,0.48888994289557935,0.5111100571044207,True,0.0008036604849621654,1.9126024020444512
analytic-oracle,test-0048,48,0.0,False,False,False,False,0.0,False,False,False,False,False,False,False,False,False,False,0.0,0.013235845944473888,,0.0,0.0,False,0.0,0.0,0.0,120.0,0.0,0.0,0.0,0.0,1.0,0.0,False,0.0,0.0
persistence,test-0048,48,1.0,False,True,False,True,0.0,False,False,False,False,True,False,True,False,False,True,0.0,0.5488166915317647,,0.0,0.011707691475749016,True,0.0035236355529839397,0.03612416468047859,0.03636460168496507,19.31528730733052,0.5692408719778387,0.06024267177936312,0.5650948701155428,0.015503175121061427,0.46211359539327185,0.5378864046067282,True,0.0003183137741871178,0.7743671758693251
linear-extrapolation,test-0048,48,1.0,False,True,False,True,0.0,False,False,False,False,True,False,False,False,True,True,0.0,2.5875876108778738e-14,,0.0,0.007119038142263889,True,0.0017508992247258128,0.050306088066752803,0.07130077552505754,21.475786802010294,0.346135486072546,0.02993466427723357,0.38417244786756743,0.013844407739530802,0.6343248759448118,0.3656751240551882,True,0.0002842556859832257,0.7743671758693251
learned-seed-11,test-0048,48,0.0,False,False,False,True,100.41603028447763,False,False,False,False,False,True,True,True,True,True,0.0,2.333688898120536,11,8.661124477852672,0.013793154619634151,True,0.015807244264823442,0.10047031349714781,0.13947335638858263,18.603363953746886,0.6706383900933278,0.2702523043779491,0.6703060376202169,0.08946034395152808,0.36196818688514937,0.6380318131148506,True,0.001836814684793353,2.3192560560057123
learned-seed-29,test-0048,48,0.0,False,True,False,True,57.096778741934834,False,False,False,False,False,True,True,True,True,True,0.0,2.417809887312547,29,6.893395323180219,0.011204395443201065,True,0.014609349314250727,0.0734698339716423,0.10351587376023927,19.506115717719382,0.5447700637895615,0.2497722089627473,0.5432657674403949,0.048079030098820454,0.4828916597054212,0.5171083402945789,True,0.0009871666552498937,2.766030442599204
learned-seed-47,test-0048,48,0.0,False,True,False,True,70.15679790545221,False,False,False,False,False,True,True,True,False,True,0.0,1.895268281018757,47,5.583427441453951,0.01294105127453804,True,0.004525084813630411,0.04517857107066931,0.057390565027326416,18.880304420455445,0.6292081856689572,0.07736418681848846,0.6278067907866932,0.02627485593238867,0.4024211590968842,0.5975788409031157,True,0.0005394797190092504,1.95219916650912
analytic-oracle,test-0049,49,0.0,False,False,False,False,6.606866860002584e-16,False,False,False,False,False,False,False,False,False,False,0.0,0.003102681290460413,,0.0,0.0,False,4.553649124439119e-18,0.0,0.0,120.0,0.0,1.1369802326811984e-16,0.0,0.0,1.0,0.0,False,0.0,0.0
persistence,test-0049,49,1.0,False,True,False,True,0.0,False,False,False,False,True,False,True,False,False,True,0.0,0.5797254083933263,,0.0,0.009891903027892113,True,0.00028929193924082634,0.03584373660095298,0.03491558686503977,20.047201497569375,0.5764659832233899,0.007223200721055632,0.575894548055031,0.020696937288354124,0.45526496197380734,0.5447350380261926,True,0.0003617931215558201,0.8505997096326431
linear-extrapolation,test-0049,49,1.0,False,True,False,True,0.0,False,False,False,False,True,False,False,False,True,True,0.0,2.1351094933911736e-14,,0.0,0.007083976175636053,True,0.00043377703331484225,0.0635042933568004,0.08646491779524143,21.497229080702173,0.41282969310398765,0.010830784252197235,0.4442505964183196,0.022117042501262684,0.5797861494775476,0.4202138505224524,True,0.00038661729195155203,0.8505997096326431
learned-seed-11,test-0049,49,0.0,False,False,False,True,107.83139656591365,False,False,False,False,False,True,True,True,True,True,0.0,2.5898637274355734,11,8.902028204806056,0.011920725926756859,True,0.01180664471592714,0.11143896674747851,0.1492518749749571,19.236972969124494,0.6946987827041806,0.2947948181658053,0.7063218094417199,0.1092851337484736,0.3318946341402108,0.6681053658597892,True,0.0019103604136034846,2.576238539891277
learned-seed-29,test-0049,49,0.0,False,True,False,True,49.98017854482748,False,False,False,False,False,True,True,True,False,True,0.0,2.4001970688821803,29,6.744424958658655,0.007565156556665897,True,0.005401632134125849,0.04156410007323158,0.056240395649666104,21.211820800674204,0.440871225726784,0.13487093082678198,0.44107894659466995,0.040159708725191215,0.5827861931368018,0.4172138068631982,True,0.0007020123885013163,2.5286376106617374
learned-seed-47,test-0049,49,0.0,False,True,False,True,356.6892854833794,False,False,False,False,False,True,True,True,False,True,0.0,4.189020346340447,47,11.626237878227798,0.010402659885585308,True,0.004650302685786401,0.045405542847574,0.05690128700142257,19.828556005151817,0.6062311308727335,0.11611132270483557,0.6065320483284269,0.07272842970213474,0.42628514278152524,0.5737148572184747,True,0.0012713304022327065,4.6803977030627975
analytic-oracle,test-0050,50,0.0,False,False,False,False,5.482644025513827e-16,False,False,False,False,False,False,False,False,False,False,0.0,0.029034549853107928,,0.0,0.0,False,0.0,0.0,0.0,120.0,0.0,0.0,0.0,0.0,1.0,0.0,False,0.0,0.0
persistence,test-0050,50,1.0,False,True,False,True,0.0,False,False,False,False,True,False,True,False,False,True,0.0,0.5511321167052858,,0.0,0.00910898670554161,True,0.001928080096350988,0.026080123581895164,0.024605231791083558,20.405299317720914,0.3706753281757818,0.02389078908522826,0.3717538753222584,0.013329416768875195,0.638704439582347,0.361295560417653,True,0.00032574887154623866,0.8475486800863314
linear-extrapolation,test-0050,50,1.0,False,True,False,True,0.0,False,False,False,False,True,False,False,False,True,True,0.0,1.3824097140752847e-14,,0.0,0.010214406065642834,True,0.003002036092904681,0.06304136348398473,0.08195189292016349,19.907868811032948,0.4156585625708989,0.03719814921463322,0.45971399140105423,0.014421534605017775,0.5532188494037863,0.4467811505962137,True,0.0003524384228512645,0.8475486800863314
learned-seed-11,test-0050,50,0.0,False,False,False,True,111.06207016907527,False,False,False,False,False,True,True,True,True,True,0.0,2.346443467981596,11,8.684853982124462,0.01723010651767254,True,0.024573718154746137,0.1118430432330437,0.14372252651161518,17.63712037706097,0.7011510274854655,0.3044922866980374,0.7113481819983869,0.09104673307705745,0.30866372315716445,0.6913362768428355,True,0.002225031377747655,2.4793186743375486
learned-seed-29,test-0050,50,0.0,False,False,False,True,56.74234073451457,False,False,False,False,False,True,True,True,True,True,0.0,2.4349550386555294,29,6.854339016452126,0.013832714408636093,True,0.022549045870411805,0.07579897749100718,0.09828262803674581,18.59092589448105,0.5628997075891744,0.279404626385956,0.5630600178109769,0.044479611494793236,0.4527801909060279,0.5472198090939722,True,0.0010870080441236496,2.750520447137848
learned-seed-47,test-0050,50,0.0,False,True,False,True,78.91159456323945,False,False,False,False,False,True,True,True,False,True,0.0,1.6501396445342784,47,5.891755445241123,0.013456081971526146,True,0.005452832597909916,0.04203278759569282,0.05152655770247443,18.710813759105324,0.5475732660495857,0.06756590338766107,0.5479503385598379,0.02975980433964755,0.4674647991782053,0.5325352008217947,True,0.0007272803341038525,1.8312323338037813
analytic-oracle,test-0051,51,0.0,False,False,False,False,6.059460111405219e-16,False,False,False,False,False,False,False,False,False,False,0.0,0.02360838708649558,,0.0,0.0,False,1.700029006457271e-16,0.0,0.0,120.0,0.0,4.9580284407635764e-15,0.0,0.0,1.0,0.0,False,0.0,0.0
persistence,test-0051,51,1.0,False,True,False,True,0.0,False,False,False,False,True,False,True,False,False,True,0.0,0.4785674493606497,,0.0,0.011617159470915794,True,0.006853970733702033,0.039492948169574896,0.04230145720803052,19.349000489605373,0.6676756338963745,0.19989177655663723,0.6715206055438422,0.014536557266651805,0.3617142843217545,0.6382857156782455,True,0.00025847155484370887,0.6345156535924179
linear-extrapolation,test-0051,51,1.0,False,True,False,True,0.0,False,False,False,False,True,False,False,False,False,True,0.0,3.03744962342895e-14,,0.0,0.005082641262561083,True,0.00040920731724131566,0.03950135702890693,0.05925203554336039,22.939105421147694,0.2921157908991691,0.011934275882027431,0.3290804765862541,0.01126341410484107,0.6872063704679844,0.3127936295320156,True,0.00020027246500831097,0.6345156535924179
learned-seed-11,test-0051,51,1.0,False,True,False,True,6.43035674183973,False,False,False,False,True,True,True,True,False,True,0.0,0.7909062546287529,11,2.286479290119923,0.012627262622117996,True,0.0025598650421514153,0.04721202191621648,0.058551849071571994,18.98690786971089,0.7257295207753579,0.07465686547285492,0.7231335393621058,0.026214714314133095,0.3126557772134517,0.6873442227865483,True,0.0004661184793803841,1.027999942385075
learned-seed-29,test-0051,51,1.0,False,True,False,True,16.622087686163162,False,False,False,False,True,True,True,True,False,True,0.0,1.0026109961895557,29,3.9158807961159168,0.005268090404570103,True,0.0006118918450029338,0.02494738260715605,0.0364393575188542,22.783467808118015,0.30277415138362324,0.01784544356991885,0.3040978368718227,0.015993796794508103,0.7109525696732097,0.28904743032679026,True,0.0002843824331648648,1.1021968546238174
learned-seed-47,test-0051,51,0.0,False,False,False,True,84.98028816182237,False,False,False,False,False,True,True,True,True,True,0.0,2.2277163567437452,47,8.1818775834325,0.011272360570728779,True,0.011259655060437884,0.08159407265647496,0.11775161833787727,19.479851278322236,0.6478589287176696,0.3283808088614616,0.6454884550365249,0.05049028364469612,0.3864580519441196,0.6135419480558804,True,0.0008977574179880321,2.4506449195763453
analytic-oracle,test-0052,52,0.0,False,False,False,False,4.314431794434233e-16,False,False,False,False,False,False,False,False,False,False,0.0,0.003775186463644255,,0.0,0.0,False,5.260548940899668e-16,0.0,0.0,120.0,0.0,1.1499823144872614e-14,0.0,0.0,1.0,0.0,False,0.0,0.0
persistence,test-0052,52,1.0,False,True,False,True,0.0,False,False,False,False,True,False,True,False,False,True,0.0,0.5072748265361178,,0.0,0.011229781433939934,True,0.00764208618233021,0.03594293502893231,0.03579440916927044,19.49628696361654,0.559662550646505,0.16705982691540613,0.5569206505766623,0.01642557744368455,0.4672607519048493,0.5327392480951507,True,0.00033380172681063414,0.7243748112574229
linear-extrapolation,test-0052,52,1.0,False,True,False,True,0.0,False,False,False,False,True,False,False,False,True,True,0.0,2.0456405742815453e-14,,0.0,0.007267443463206291,True,0.0009300803144750422,0.05367334761846034,0.07516645847493832,21.386183381214202,0.36219012535761325,0.020332020949055715,0.3988404161568162,0.015493534830025276,0.6184771687073743,0.38152283129262565,True,0.00031486069201491773,0.7243748112574229
learned-seed-11,test-0052,52,1.0,False,True,False,True,39.16890493084403,False,False,False,False,True,True,True,True,True,True,0.0,2.5357668772885447,11,6.122680770069678,0.012693529948592186,True,0.001873109589453835,0.05223464470706298,0.07057921004818209,18.96417587990892,0.6326118980611766,0.040947112652468115,0.6320359858561102,0.028358536746099658,0.3954069120521651,0.604593087947835,True,0.0005763041554018855,2.700905181029275
learned-seed-29,test-0052,52,1.0,False,True,False,True,341.8746069831592,False,False,False,False,True,True,True,True,False,True,0.0,3.9068179184329597,29,18.186302226114073,0.010141672566533089,True,0.004056801022404429,0.04007832017932534,0.05417455804164488,19.938904151688806,0.5054340879024765,0.08868369977299508,0.5050900643531593,0.05195565614525979,0.5168408626521324,0.48315913734786764,True,0.001055846456438303,3.7735855377397245
learned-seed-47,test-0052,52,0.0,False,True,False,True,4.478587707011635,False,False,False,False,False,True,True,True,False,True,0.0,0.6977231110604355,47,2.157585081707022,0.008321017026901245,True,0.00030222686921282764,0.02689892952883548,0.033131279398658356,20.798235893129323,0.4146974400742783,0.006606830550618675,0.4147796735625849,0.03438204092030964,0.6032299912203269,0.39677000877967306,True,0.0006987142260186374,1.0610124558619514
analytic-oracle,test-0053,53,0.0,False,False,False,False,0.0,False,False,False,False,False,False,False,False,False,False,0.0,0.005402132559616736,,0.0,0.0,False,1.5308934675495323e-16,0.0,0.0,120.0,0.0,4.198055648859292e-15,0.0,0.0,1.0,0.0,False,0.0,0.0
persistence,test-0053,53,1.0,False,True,False,True,0.0,False,False,False,False,True,False,True,False,False,True,0.0,0.47876436986677917,,0.0,0.010301442816853523,True,0.0028121401064377656,0.03581805598099924,0.037466212986685704,19.87101943885642,0.6237260973198774,0.0771152330939897,0.6226200572467087,0.013670192607221163,0.40520142940568205,0.594798570594318,True,0.00022731795615982264,0.6501480300714664
linear-extrapolation,test-0053,53,1.0,False,True,False,True,0.0,False,False,False,False,True,False,False,False,False,True,0.0,9.743402174945136e-15,,0.0,0.005001197103410959,True,0.000999846246487556,0.03993040879588927,0.05879709373680969,23.009260290282366,0.302809733228299,0.027418042287269982,0.34053949897172064,0.011159766795105271,0.674677349594241,0.32532265040575903,True,0.00018557276052888483,0.6501480300714664
learned-seed-11,test-0053,53,1.0,False,True,False,True,74.7766315514916,False,False,False,False,True,True,True,True,False,True,0.0,1.9767978130744264,11,7.588242491575623,0.009056958369910717,True,0.0016922272857756407,0.03974418583433095,0.056144234930692184,20.430176284766954,0.5483757370774264,0.0464046941657905,0.5487050581124227,0.02746256062179683,0.4758135713032132,0.5241864286967868,True,0.00045666753430850804,2.162136600982825
learned-seed-29,test-0053,53,0.0,False,True,False,True,32.22002196480132,False,False,False,False,False,True,True,True,True,True,0.0,0.7582470344092399,29,3.13938765561015,0.00874749943614006,True,0.0055260220276363604,0.06275865561594515,0.0916768375312943,20.581160768394852,0.529638787654598,0.15153600482712304,0.5299546640050679,0.07499389245478176,0.49372611280156004,0.50627388719844,True,0.0012470532674342394,1.25061780759765
learned-seed-47,test-0053,53,1.0,False,True,False,True,54.67289730422833,False,False,False,False,True,True,True,True,True,True,0.0,1.6918366872444577,47,6.723709835082193,0.012078915722668171,True,0.003778283206617623,0.05184276967193494,0.0664357884933196,19.179720488934194,0.7313475498043577,0.1036090589890646,0.731363269472335,0.021972431238169957,0.3013173568628536,0.6986826431371465,True,0.00036537364940159023,1.8018507059792737
analytic-oracle,test-0054,54,0.0,False,False,False,False,2.90932754377863e-16,False,False,False,False,False,False,False,False,False,False,0.0,0.010093680758681748,,0.0,0.0,False,0.0,0.0,0.0,120.0,0.0,0.0,0.0,0.0,1.0,0.0,False,0.0,0.0
persistence,test-0054,54,1.0,False,True,False,True,0.0,False,False,False,False,True,False,True,False,False,True,0.0,0.6177443836239587,,0.0,0.01146090216934681,True,0.0054769978068846805,0.03242138480978812,0.031714991808947574,19.407811946070503,0.5112866505783341,0.09326625614070302,0.509958510281621,0.014992720631065503,0.5287141936789702,0.4712858063210298,True,0.0003556860610842705,0.9111194442404511
linear-extrapolation,test-0054,54,1.0,False,True,False,True,0.0,False,False,False,False,True,False,False,False,True,True,0.0,2.0338092508289392e-14,,0.0,0.009091336280107498,True,0.0025825779790362127,0.05966625202271759,0.08059498151256383,20.41372277787425,0.40557704858258753,0.043977994475980275,0.44748864443138364,0.015198404857199454,0.5864466572116153,0.41355334278838474,True,0.0003605656966101378,0.9111194442404511
learned-seed-11,test-0054,54,1.0,False,True,False,True,144.59063905358462,False,False,False,False,True,True,True,True,True,True,0.0,4.040738485840916,11,11.73175084594756,0.018928755074739456,True,0.009585578935345446,0.13228542738593851,0.17376913494331628,17.228779482100077,0.8444378670001996,0.16323012930862751,0.8434668215784499,0.05849473265444899,0.22049748538736683,0.7795025146126332,True,0.0013877241872251034,4.405497117126797
learned-seed-29,test-0054,54,1.0,False,True,False,True,9.284829864275343,False,False,False,False,True,True,True,True,False,True,0.0,1.048917398043473,29,3.2174354726452368,0.011632771231234074,True,0.003517698973113148,0.04373760263418977,0.057561090011423434,19.34316812609007,0.5189539664398556,0.05990190703378653,0.5204961738292012,0.016506396220883603,0.5189756538534097,0.4810243461465903,True,0.00039159637526609004,1.2809887389741004
learned-seed-47,test-0054,54,0.0,False,False,False,True,1274.6908882326818,False,False,False,False,False,True,True,True,True,True,0.0,4.107392091840397,47,19.19477737726019,0.015077262185513973,True,0.023232903852920095,0.24838661610971105,0.3342821614365639,18.21677512953745,0.6726174579293316,0.39562658924475175,0.7476779950730914,0.14242347555065563,0.3090221661720697,0.6909778338279303,True,0.0033788427244871855,7.497224668952407
analytic-oracle,test-0055,55,0.0,False,False,False,False,1.6455413864933945e-16,False,False,False,False,False,False,False,False,False,False,0.0,0.017824116541151788,,0.0,0.0,False,2.666009774054956e-14,0.0,0.0,120.0,0.0,2.888044513353311e-13,0.0,0.0,1.0,0.0,False,0.0,0.0
persistence,test-0055,55,1.0,False,True,False,True,0.0,False,False,False,False,True,False,True,False,False,True,0.0,0.5808121760792461,,0.0,0.011350822634994984,True,0.004692952536515559,0.03102757264706789,0.03021598939941559,19.44972662445091,0.4320695701373507,0.05083798250257982,0.4300342961826561,0.012751828976413242,0.5783099731406057,0.4216900268593943,True,0.0003362239513080567,0.8499337047423232
linear-extrapolation,test-0055,55,1.0,False,True,False,True,0.0,False,False,False,False,True,False,False,False,True,True,0.0,2.645659252427443e-14,,0.0,0.009290125221014023,True,0.003779681936867335,0.054262529103264574,0.07410093964154238,20.319784321388777,0.3536290311144892,0.040944672394758096,0.39829968372162966,0.01199401543828075,0.6094288157535183,0.39057118424648174,True,0.00031624289113096893,0.8499337047423232
learned-seed-11,test-0055,55,1.0,False,True,False,True,26.529080315035014,False,False,False,False,True,True,True,True,True,True,0.0,2.288798275497278,11,5.098455703614471,0.011610406450927258,True,0.0061071534211411165,0.051944791293806955,0.07010102679725756,19.35152576445312,0.4419506396748733,0.06615778794879215,0.5101729525699805,0.019811658636940892,0.49972630559495307,0.500273694405047,True,0.0005223685293458402,2.466927649246594
learned-seed-29,test-0055,55,0.0,False,False,False,True,1312.6446292859277,False,False,False,False,False,True,True,True,True,True,0.0,5.3272947017540355,29,23.731171682749963,0.014995022676885128,True,0.03545166038104444,0.21794031701487315,0.2968273178479178,18.240528731229514,0.5707862073561901,0.384042002580557,0.6388132739753396,0.12751075957821986,0.3735820862381183,0.6264179137618817,True,0.0033620409667491913,7.063092922465316
learned-seed-47,test-0055,55,0.0,True,True,True,True,10.252659230834471,False,False,False,False,False,True,True,True,False,True,0.0,0.9857852449947341,47,3.314002451492196,0.006491508334875107,True,0.0009321812745862897,0.020979867805022617,0.027547635489926472,21.876543809494315,0.24709955445390114,0.010098166337270655,0.24670186778056188,0.013201633406160011,0.7580850686233159,0.24191493137668407,True,0.0003480838204268366,1.1284078028780762
analytic-oracle,test-0056,56,0.0,False,False,False,False,1.7855460701864015e-16,False,False,False,False,False,False,False,False,False,False,0.0,0.026451196907932885,,0.0,0.0,False,0.0,0.0,0.0,120.0,0.0,0.0,0.0,0.0,1.0,0.0,False,0.0,0.0
persistence,test-0056,56,1.0,False,True,False,True,0.0,False,False,False,False,True,False,True,False,False,True,0.0,0.5575766611978696,,0.0,0.008756386116147041,True,0.00042517164774882665,0.034439184260960626,0.034354218766151357,20.576750963029586,0.587394368357404,0.01225550620873788,0.5898129484837711,0.016992387029407453,0.4432814922936003,0.5567185077063996,True,0.0002570565848145634,0.792141291552671
linear-extrapolation,test-0056,56,1.0,False,True,False,True,0.0,False,False,False,False,True,False,False,False,True,True,0.0,1.5191724237100206e-14,,0.0,0.005475590471178293,True,0.0005342897486451248,0.050203939327744196,0.07067563192226048,22.61569040954111,0.36731260631261814,0.015400818390537658,0.40011441742563225,0.016664049689909033,0.6223360271190409,0.3776639728809591,True,0.00025208957958966494,0.792141291552671
learned-seed-11,test-0056,56,0.0,False,True,False,True,79.77239286237601,False,False,False,False,False,True,True,True,True,True,0.0,2.187411737699753,11,7.697674453852984,0.010181059129536152,True,0.007365413930304329,0.0908956683471848,0.12478692716841226,19.92207040252018,0.6829640353085185,0.21230690388389917,0.6829429161210613,0.08750982251264491,0.35537705286231835,0.6446229471376816,True,0.0013238267274573445,2.1942936167519123
learned-seed-29,test-0056,56,0.0,False,True,False,True,50.26091724147639,False,False,False,False,False,True,True,True,True,True,0.0,2.254121192682171,29,6.44669565993311,0.007996569387614727,True,0.006259933523393908,0.05955175775005983,0.08333695437518196,20.970962899547207,0.5364244749100816,0.18044160415786367,0.5369084135822803,0.04798005768286711,0.49321755049132837,0.5067824495086717,True,0.0007258303230628371,2.5530506316444974
learned-seed-47,test-0056,56,1.0,False,True,False,True,32.482966531108715,False,False,False,False,True,True,True,True,False,True,0.0,2.148814103866692,47,5.65972677509297,0.00683697871863842,True,0.0007152453284688588,0.02604025055693018,0.03265460009658212,21.651357719198078,0.4586370156178925,0.020616834660149453,0.4591720440699558,0.02140343320365113,0.5665921275342148,0.43340787246578516,True,0.0003237857890781015,2.1380542342590365
analytic-oracle,test-0057,57,0.0,False,False,False,False,7.683079922051147e-16,False,False,False,False,False,False,False,False,False,False,0.0,0.0056374946636807794,,4.2155298771072946e-17,0.0,False,0.0,0.0,0.0,120.0,0.0,0.0,0.0,0.0,1.0,0.0,False,0.0,0.0
persistence,test-0057,57,1.0,False,True,False,True,0.0,False,False,False,False,True,False,True,False,False,True,0.0,0.465567942956075,,0.0,0.01103715319186449,True,0.00404158723810195,0.029424195110636448,0.030013694646563463,19.571429295503513,0.4485484558473372,0.0475238999566628,0.4465258707440461,0.009315906024791416,0.5713824542814062,0.4286175457185938,True,0.0002314930607099086,0.6540569381132006
linear-extrapolation,test-0057,57,1.0,False,True,False,True,0.0,False,False,False,False,True,False,False,False,False,True,0.0,2.0813924475274782e-14,,0.0,0.007229820359498262,True,0.003111635244467453,0.04017228524134811,0.05694477467557219,21.40872493555797,0.29381894968142264,0.036588853177679945,0.34258679647858303,0.007647515967338456,0.6711529577052987,0.3288470422947013,True,0.00019003485795110464,0.6540569381132006
learned-seed-11,test-0057,57,0.0,False,True,False,True,19.72356976636246,False,False,False,False,False,True,True,True,False,True,0.0,1.14362045454972,11,4.172841762426448,0.006536016706377268,True,0.00030405431794720307,0.018020992576022035,0.020770611191864748,21.846868463963588,0.2656228603584935,0.00357529013633275,0.2647691273679635,0.015141199642271053,0.7458496786190446,0.2541503213809554,True,0.00037624710239470005,1.3463071740460733
learned-seed-29,test-0057,57,1.0,False,True,False,True,6.067207899132563,False,False,False,False,True,True,True,True,False,True,0.0,0.5892211511596863,29,2.5594787359508375,0.007881795056164265,True,0.0014147592728089103,0.02553193132029574,0.034727428212140136,21.033748619258997,0.3203151157087848,0.016635760700617012,0.3193728698060794,0.01409118977406723,0.6934358687945944,0.3065641312054056,True,0.0003501551691442728,0.7764250882236015
learned-seed-47,test-0057,57,0.0,False,True,False,True,3.561338881083993,False,False,False,False,False,True,True,True,False,True,0.0,0.3367172776813927,47,1.4105036545445337,0.013926718384027481,True,0.010883891872186123,0.04709378449082806,0.06509004187996668,18.561512063044738,0.5659800056758101,0.12798065660852156,0.5640375329010823,0.02191619895453258,0.45858370391307046,0.5414162960869295,True,0.0005446005961857736,0.5676752114338393
analytic-oracle,test-0058,58,0.0,False,False,False,False,1.7130592343868032e-16,False,False,False,False,False,False,False,False,False,False,0.0,0.013038800218394942,,0.0,0.0,False,1.416401718135063e-15,0.0,0.0,120.0,0.0,1.7719673679532178e-14,0.0,0.0,1.0,0.0,False,0.0,0.0
persistence,test-0058,58,1.0,False,True,False,True,0.0,False,False,False,False,True,False,True,False,False,True,0.0,0.569251163455211,,0.0,0.011862605810165405,True,0.004146466881824891,0.033067853354667776,0.032878424810410985,19.258199007972305,0.491832014573583,0.051873729838216816,0.49167149478409705,0.013876410061637482,0.5199964603809059,0.48000353961909414,True,0.00032889796420931816,0.8220044591808131
linear-extrapolation,test-0058,58,1.0,False,True,False,True,0.0,False,False,False,False,True,False,False,False,True,True,0.0,2.2846041267544613e-14,,0.0,0.008498555980622768,True,0.0027614076659543407,0.053391511884007696,0.07364651950459686,20.70654860511963,0.35235613286030504,0.034546161664711854,0.3946459459427511,0.012944897614807896,0.6147194764015567,0.38528052359844334,True,0.0003068193036597222,0.8220044591808131
learned-seed-11,test-0058,58,0.0,False,False,False,True,87.47685610049835,False,False,False,False,False,True,True,True,True,True,0.0,2.272770693649253,11,7.973219572529633,0.01622150093317032,True,0.02118604470614956,0.09887127657381294,0.13369894653456946,17.89908964130054,0.6725548847397105,0.2650447213854288,0.672690990757949,0.08017026496974,0.343272774486387,0.656727225513613,True,0.0019001915352419019,2.243126957958423
learned-seed-29,test-0058,58,0.0,False,True,False,True,53.37942787196107,False,False,False,False,False,True,True,True,True,True,0.0,2.3667433922488432,29,6.63565844516935,0.01270539965480566,True,0.018356187857658288,0.07124726984918552,0.09781257303193105,18.960116694450242,0.5267748425755405,0.22964223685506682,0.5266309400218391,0.042562873053411006,0.4858666447717972,0.5141333552282028,True,0.0010088230483233929,2.687859940936504
learned-seed-47,test-0058,58,0.0,False,True,False,True,43.79614880870351,False,False,False,False,False,True,True,True,False,True,0.0,1.517232233834204,47,5.426444614490208,0.014162949286401272,True,0.00491933802571907,0.045248909715760906,0.05662663907069539,18.48846299934553,0.5872058796613676,0.06154261423081941,0.5869837091235742,0.025124302184373032,0.42694611937634414,0.5730538806236558,True,0.0005954949301667511,1.679272926226495
analytic-oracle,test-0059,59,0.0,False,False,False,False,6.671083406149774e-16,False,False,False,False,False,False,False,False,False,False,0.0,0.023701683336894028,,2.1261472082412923e-18,0.0,False,0.0,0.0,0.0,120.0,0.0,0.0,0.0,0.0,1.0,0.0,False,0.0,0.0
persistence,test-0059,59,1.0,False,True,False,True,0.0,False,False,False,False,True,False,True,False,False,True,0.0,0.5769284123846475,,0.0,0.009174499660730362,True,0.004900789524492423,0.028985624739982944,0.027786022692710532,20.3741761105505,0.44217633272410733,0.10737900525936186,0.441740034832135,0.01378059299376628,0.5782977651813949,0.42170223481860514,True,0.00029130815528333187,0.85664053759806
linear-extrapolation,test-0059,59,1.0,False,True,False,True,0.0,False,False,False,False,True,False,False,False,True,True,0.0,1.8087596080827445e-14,,0.0,0.0080612413585186,True,0.0012077573731033406,0.05573397558636352,0.07506849893202731,20.935980756089137,0.38852147505882567,0.02646263110675591,0.43010001484225474,0.013868690568143828,0.5894097814262685,0.41059021857373146,True,0.00029317045118659735,0.85664053759806
learned-seed-11,test-0059,59,1.0,False,True,False,True,32.27706649902356,False,False,False,False,True,True,True,True,True,True,0.0,2.5364352500133753,11,5.682864974036776,0.010903573594987392,True,0.0019018484336456318,0.05056450628594555,0.06770098692770887,19.624311407541786,0.5255111847085864,0.04167054959988196,0.5252121308088968,0.017627154642969614,0.49861205267455816,0.5013879473254419,True,0.00037262067780829966,2.698521781492598
learned-seed-29,test-0059,59,0.0,False,False,False,True,1092.9799264526937,False,False,False,False,False,True,True,True,True,True,0.0,5.001874594457657,29,22.228062422886126,0.01132969744503498,True,0.013972937408715294,0.18709348900110148,0.25170503637207214,19.45781687639359,0.54604874950973,0.30615477608264985,0.6099641145852294,0.1343896252877586,0.4177045094463987,0.5822954905536013,True,0.0028408642392605543,6.293612642364584
learned-seed-47,test-0059,59,0.0,False,True,False,True,4.1237211969350716,False,False,False,False,False,True,True,True,False,True,0.0,0.9462257059005761,47,2.1966360015421715,0.006194851361215115,True,0.0008762428316628742,0.021457963922089242,0.02805494846035775,22.07969109591147,0.29856850596416945,0.01919896440346535,0.29813039972813926,0.018694438004772614,0.7153931137790218,0.2846068862209782,True,0.0003951819962821901,1.107307213590068
analytic-oracle,test-0060,60,0.0,False,False,False,False,4.436085436097452e-16,False,False,False,False,False,False,False,False,False,False,0.0,0.021571894038697473,,0.0,0.0,False,0.0,0.0,0.0,120.0,0.0,0.0,0.0,0.0,1.0,0.0,False,0.0,0.0
persistence,test-0060,60,1.0,False,True,False,True,0.0,False,False,False,False,True,False,True,False,False,True,0.0,0.6127041099498769,,0.0,0.010691212490200996,True,0.006826485585287484,0.02973343507664128,0.028741985894044083,19.709730386693384,0.42029729962070883,0.1032938726648238,0.41850818329866524,0.012066164090358593,0.5944699036432977,0.40553009635670234,True,0.0003121941990684718,0.9018179468100973
linear-extrapolation,test-0060,60,1.0,False,True,False,True,0.0,False,False,False,False,True,False,False,False,True,True,0.0,3.2357215009022666e-14,,0.0,0.009191246703267097,True,0.0020355524656221475,0.053948161206688244,0.0733011167623962,20.366255767937012,0.3613300337142843,0.030800635928932025,0.4070986182769452,0.011575894914332516,0.605525654014,0.39447434598599995,True,0.00029950920725241303,0.9018179468100973
learned-seed-11,test-0060,60,0.0,False,True,False,True,9.55317146684969,False,False,False,False,False,True,True,True,False,True,0.0,0.7072895375279098,11,2.154243391349935,0.010533248074352741,True,0.004182218140302382,0.04216374997691167,0.05688753476355961,19.774376873849288,0.41408733817077636,0.06328256357443371,0.4138804220708307,0.02722834237520628,0.5989541563569424,0.4010458436430576,True,0.0007044931990094483,1.0599899228554892
learned-seed-29,test-0060,60,1.0,False,True,False,True,7.153945286182214,False,False,False,False,True,True,True,True,False,True,0.0,0.9035256112884357,29,2.799072800686749,0.008124367333948612,True,0.0018461667750398689,0.03127255199442103,0.04226869544663147,20.902104486965346,0.31938843744009277,0.027934976701626736,0.3252306087080504,0.011262094430441913,0.6848549076198069,0.31514509238019306,True,0.0002913900825660676,1.0854365658299099
learned-seed-47,test-0060,60,0.0,False,True,False,True,24.79217842167096,False,False,False,False,False,True,True,True,False,True,0.0,0.9051523157014154,47,3.8476301671524564,0.00811705645173788,True,0.004146075951550643,0.023919155975332625,0.03162474369634558,20.906014336321306,0.3191010290611243,0.06273568383725295,0.31899896676593015,0.02312004206686424,0.690893304138914,0.30910669586108597,True,0.0005981969879940152,1.0840677284029288
analytic-oracle,test-0061,61,0.0,False,False,False,False,9.810797880851165e-16,False,False,False,False,False,False,False,False,False,False,0.0,0.012631476184826133,,3.689880366838581e-17,0.0,False,0.0,0.0,0.0,120.0,0.0,0.0,0.0,0.0,1.0,0.0,False,0.0,0.0
persistence,test-0061,61,1.0,False,True,False,True,0.0,False,False,False,False,True,False,True,False,False,True,0.0,0.5318913835237022,,0.0,0.010696619749069214,True,0.004762657078031815,0.02944400669495071,0.029334996392455143,19.70753442525844,0.41950780424813905,0.0579714586488223,0.4207787896670278,0.01014847851059122,0.5926131800170957,0.40738681998290427,True,0.00025552450097166,0.7594943069313155
linear-extrapolation,test-0061,61,1.0,False,True,False,True,0.0,False,False,False,False,True,False,False,False,False,True,0.0,2.0702575531036353e-14,,0.0,0.007907191291451454,True,0.0029392716207418063,0.04406834358145225,0.061701913845388555,21.019777545859696,0.3101099725205668,0.03577705898781744,0.35982501419115254,0.008876827687952478,0.6516270024027695,0.3483729975972305,True,0.0002235061110695824,0.7594943069313155
learned-seed-11,test-0061,61,1.0,False,True,False,True,5.500270448230466,False,False,False,False,True,True,True,True,False,True,0.0,0.9010307571615811,11,2.3725616198550274,0.009696350432932377,True,0.0008594870805329466,0.029356698925541127,0.039810132138309334,20.133916971857687,0.38027851552766584,0.010461748333328118,0.3804531461299263,0.013427748010953672,0.6316553943296183,0.36834460567038174,True,0.00033809192245826125,1.077542679569918
learned-seed-29,test-0061,61,0.0,False,True,False,True,6.73168594577184,False,False,False,False,False,True,True,True,False,True,0.0,0.34488102961540135,29,1.0689915483165895,0.010130801238119602,True,0.009861777504597758,0.03322523261582546,0.04613345012541763,19.943562052287437,0.3973171228273025,0.12003837720097466,0.39739113617114596,0.02653320463994542,0.6152564833834298,0.38474351661657025,True,0.0006680689984932542,0.5900720070563087
learned-seed-47,test-0061,61,1.0,False,True,False,True,6.929812379486247,False,False,False,False,True,True,True,True,False,True,0.0,1.0773712462808849,47,2.7578273327339216,0.0066800653003156185,True,0.0003793774219054244,0.019844816432680275,0.02614869597529263,21.752192921010824,0.2619836539121101,0.004617813578838607,0.26204281968714477,0.009915825661825025,0.7462971194527759,0.2537028805472241,True,0.00024966662749648094,1.2037474401805772
analytic-oracle,test-0062,62,0.0,False,False,False,False,4.455976613446683e-16,False,False,False,False,False,False,False,False,False,False,0.0,0.009364854784230311,,0.0,0.0,False,0.0,0.0,0.0,120.0,0.0,0.0,0.0,0.0,1.0,0.0,False,0.0,0.0
persistence,test-0062,62,1.0,False,True,False,True,0.0,False,False,False,False,True,False,True,False,False,True,0.0,0.6113350455951468,,0.0,0.008640757761895657,True,0.0038456692785808983,0.029787468882271708,0.028200938752135363,20.634481698614536,0.4811447456990747,0.10642779426696229,0.4800926552476781,0.01825412419951432,0.540206143544077,0.45979385645592297,True,0.0003348548780195415,0.9315608900742238
linear-extrapolation,test-0062,62,1.0,False,True,False,True,0.0,False,False,False,False,True,False,False,False,True,True,0.0,2.8662029043241084e-14,,0.0,0.007908430881798267,True,0.0013658723737473783,0.06745460767797742,0.0885230186657953,21.019096766763372,0.440366466732977,0.037800126182913896,0.4735813910612149,0.020884165426532403,0.5464421049527196,0.4535578950472804,True,0.0003831005305983126,0.9315608900742238
learned-seed-11,test-0062,62,0.0,False,True,False,True,22.48763969010073,False,False,False,False,False,True,True,True,True,True,0.0,0.8801735559524052,11,3.9472235614886655,0.009188183583319187,True,0.0036984038673907576,0.05914942448110628,0.07711746139194292,20.36770336025338,0.5116271483882745,0.1023522662510515,0.5114738368754858,0.04175550516043425,0.5101517897374152,0.48984821026258485,True,0.000765965785831213,1.2651628413460998
learned-seed-29,test-0062,62,1.0,False,True,False,True,10.461557387683476,False,False,False,False,True,True,True,True,False,True,0.0,1.0531272720338387,29,3.2184459295659993,0.00701316399499774,True,0.001472781647082244,0.037995165829839875,0.0495844042278774,21.54086005491657,0.3905151723844659,0.04075880965865786,0.398020277855474,0.01691494514690514,0.6188084185365977,0.38119158146340226,True,0.00031028888770379126,1.2453523058099805
learned-seed-47,test-0062,62,0.0,False,True,False,True,55.11674262491986,False,False,False,False,False,True,True,True,True,True,0.0,2.1971870656016725,47,6.088515051779213,0.011723359115421772,True,0.008631348441204502,0.06477269506028921,0.08383662273800202,19.3094793129839,0.6527937474653919,0.23887009246046226,0.6527274377140886,0.05160460266829238,0.37487053275930005,0.6251294672407,True,0.0009466382907703519,2.344332069145627
analytic-oracle,test-0063,63,0.0,False,False,False,False,7.270326389989309e-16,False,False,False,False,False,False,False,False,False,False,0.0,0.03137080383747171,,0.0,0.0,False,2.0929438737660178e-15,0.0,0.0,120.0,0.0,5.427743969266364e-14,0.0,0.0,1.0,0.0,False,0.0,0.0
persistence,test-0063,63,1.0,False,True,False,True,0.0,False,False,False,False,True,False,True,False,False,True,0.0,0.6178715024712549,,0.0,0.00766734266653657,True,0.0012469073255266252,0.027271039490234135,0.025715613228164264,21.15355126953698,0.46102396390451444,0.03233671863442341,0.46067751699489984,0.016703547796993307,0.5635937245553145,0.43640627544468547,True,0.0002828147553373128,0.9466730611637832
linear-extrapolation,test-0063,63,1.0,False,True,False,True,0.0,False,False,False,False,True,False,False,False,True,True,0.0,2.9551725147453523e-14,,0.0,0.007408085744827986,True,0.0012491003757280383,0.06437822681555692,0.0840225844170893,21.30293999559095,0.44543529662902875,0.03239359218537822,0.47977761639731814,0.01952991869294408,0.5454999324049915,0.4545000675950085,True,0.000330669223330915,0.9466730611637832
learned-seed-11,test-0063,63,0.0,False,True,False,True,18.860939463270153,False,False,False,False,False,True,True,True,False,True,0.0,1.1938788783507515,11,3.6503309597042564,0.01019097026437521,True,0.001886076432526378,0.03984471283773952,0.050246013033211516,19.917844656104474,0.6127652971374979,0.04891263502350821,0.6116535599282519,0.04118272981938586,0.4205720007956753,0.5794279992043248,True,0.0006972820265218616,1.2274301836827675
learned-seed-29,test-0063,63,0.0,False,True,False,True,4.036388917186719,False,False,False,False,False,True,True,True,False,True,0.0,0.6200169634195005,29,1.212241184195185,0.009821291081607342,True,0.0037249338494723967,0.03777557994939683,0.048387423552280796,20.078314172271625,0.5905371315754636,0.0966007139073918,0.5907777475802349,0.03081335878845138,0.44034795073373384,0.5596520492662662,True,0.0005217138677835464,0.9354212548673986
learned-seed-47,test-0063,63,1.0,False,True,False,True,42.07450906188963,False,False,False,False,True,True,True,True,False,True,0.0,2.3235971034342136,47,5.428267073809234,0.007067155092954636,True,0.0009393820302935887,0.024574740003053822,0.02961136344044606,21.5075537772797,0.4249357301717752,0.02436149967360871,0.4247167385202511,0.017477368089455804,0.5976598745566974,0.40234012544330255,True,0.0002959166304208338,2.2835382314344876
analytic-oracle,test-0064,64,0.0,False,False,False,False,4.631207969885283e-16,False,False,False,False,False,False,False,False,False,False,0.0,0.021585465599069275,,3.272891725979925e-17,0.0,False,6.765421556309548e-17,0.0,0.0,120.0,0.0,1.3009863919424096e-15,0.0,0.0,1.0,0.0,False,0.0,0.0
persistence,test-0064,64,1.0,False,True,False,True,0.0,False,False,False,False,True,False,True,False,False,True,0.0,0.599657959282811,,0.0,0.011074727401137352,True,0.0043178960333147215,0.03505188876837012,0.03472853853145435,19.55666954914269,0.5538652876654216,0.08303287436576015,0.5510968995799314,0.016993260530645038,0.4672291825032136,0.5327708174967865,True,0.00033093232195824385,0.8636764316347543
linear-extrapolation,test-0064,64,1.0,False,True,False,True,0.0,False,False,False,False,True,False,False,False,True,True,0.0,3.1349374949151805e-14,,0.0,0.007412453647702932,True,0.001499483234934298,0.05567103354089375,0.0771328720649664,21.300380093929128,0.3707089685539313,0.02883497011026532,0.40596398044516724,0.016555138232649782,0.6075358763569836,0.3924641236430164,True,0.0003224001848138869,0.8636764316347543
learned-seed-11,test-0064,64,0.0,False,True,False,True,5.658210778531682,False,False,False,False,False,True,True,True,False,True,0.0,0.7955825113456235,11,1.9158005396607936,0.009852423332631588,True,0.000704791058948898,0.03948288458231626,0.053068328212223154,20.06456935944175,0.49273585576192985,0.01355308858765879,0.4913222983182015,0.0344194605316015,0.5250160493936473,0.4749839506063527,True,0.0006702958489768207,1.0296072350753993
learned-seed-29,test-0064,64,1.0,False,True,False,True,5.202150427908445,False,False,False,False,True,True,True,True,False,True,0.0,0.7157715755443461,29,2.425085751840835,0.006976610980927944,True,0.0011194537329033407,0.028635228684989484,0.038936848315893446,21.563554928079558,0.34891176170029786,0.021527026228810846,0.34832170982084837,0.02039186092805494,0.6632613207684798,0.33673867923152023,True,0.0003971177793573588,0.9204795995339953
learned-seed-47,test-0064,64,0.0,True,True,True,True,5.094651950367737,False,False,False,False,False,True,True,True,False,True,0.0,0.6567478223353074,47,1.9756409253089398,0.0045576561242341995,True,0.0005946527435222843,0.015470026504200447,0.020530526839736826,23.412584454964495,0.22793586053141154,0.011435135576026396,0.2272442963983406,0.028725696902020047,0.7803124465844213,0.21968755341557866,True,0.0005594136309809983,0.7547173104496964
analytic-oracle,test-0065,65,0.0,False,False,False,False,7.227764921456095e-16,False,False,False,False,False,False,False,False,False,False,0.0,0.01954593077466607,,0.0,0.0,False,1.0842021724855044e-16,0.0,0.0,120.0,0.0,3.2165661588542857e-15,0.0,0.0,1.0,0.0,False,0.0,0.0
persistence,test-0065,65,1.0,False,True,False,True,0.0,False,False,False,False,True,False,True,False,False,True,0.0,0.5542658270775166,,0.0,0.009708552621304989,True,0.004005014484412441,0.032056229491293005,0.03233808400299126,20.128455111253658,0.5520427290247171,0.11881911310645836,0.551259166960412,0.013802885570494635,0.4735032417797224,0.5264967582202775,True,0.0002442053519189358,0.7876698864281758
linear-extrapolation,test-0065,65,1.0,False,True,False,True,0.0,False,False,False,False,True,False,False,False,False,True,0.0,2.3607078666786945e-14,,0.0,0.006125642918050289,True,0.0005576351137564313,0.04712587038457226,0.06600210679466072,22.128483231089856,0.3483131590686963,0.016543687897118447,0.38820803238683227,0.012832139673746483,0.6292301646542637,0.37076983534573626,True,0.00022703058493789285,0.7876698864281758
learned-seed-11,test-0065,65,1.0,False,True,False,True,32.244342047754174,False,False,False,False,True,True,True,True,False,True,0.0,2.3984549887622713,11,5.5591106430629855,0.009346447885036469,True,0.0010608293873970837,0.04530067883561943,0.06249580910893797,20.29353411270276,0.5314529156303102,0.03147224746835861,0.5320554301161661,0.018450673885137478,0.49184435209623706,0.508155647903763,True,0.00032643560552969575,2.543240652013777
learned-seed-29,test-0065,65,0.0,False,False,False,True,1372.6494169925313,False,False,False,False,False,True,True,True,True,True,0.0,5.384151129507529,29,24.974390611559294,0.009880663827061653,True,0.011555826821485954,0.20776578747831362,0.2903509873397743,20.052138765920198,0.5618292279425003,0.3428334902369822,0.6308826210719579,0.14535261503839078,0.3974564511219256,0.6025435488780744,True,0.002571627963334322,6.834073713949902
learned-seed-47,test-0065,65,0.0,False,True,False,True,6.2846972592925825,False,False,False,False,False,True,True,True,False,True,0.0,1.0276540536866534,47,2.754114989631123,0.005835637450218201,True,0.0005360355329298112,0.020079817169393936,0.02671740787776748,22.33911697289311,0.3318230172176037,0.015902880467512665,0.33232065240564757,0.01956262706607557,0.6826070990420626,0.3173929009579374,True,0.0003461086598690599,1.174839017523243
analytic-oracle,test-0066,66,0.0,False,False,False,False,0.0,False,False,False,False,False,False,False,False,False,False,0.0,0.03376670819484677,,0.0,0.0,False,6.739400704169896e-16,0.0,0.0,120.0,0.0,6.915577207735526e-15,0.0,0.0,1.0,0.0,False,0.0,0.0
persistence,test-0066,66,1.0,False,True,False,True,0.0,False,False,False,False,True,False,True,False,False,True,0.0,0.6337774808959303,,0.0,0.009958801791071892,True,0.003177173673135285,0.026063961953536757,0.02479221844854393,20.017929112579573,0.3614137054883656,0.0326022903273238,0.3615337499118033,0.012674447732710906,0.6541970064897642,0.3458029935102358,True,0.00036038528196513653,0.984535817092718
linear-extrapolation,test-0066,66,1.0,False,True,False,True,0.0,False,False,False,False,True,False,False,False,True,True,0.0,2.0773671648381784e-14,,0.0,0.011935749091207981,True,0.005151962248160921,0.06696375128597892,0.0860827389401968,19.231503193493865,0.43315886763608025,0.05286641092055975,0.4790374125379912,0.014133472335686958,0.541806065686962,0.458193934313038,True,0.0004018711915705353,0.984535817092718
learned-seed-11,test-0066,66,1.0,False,True,False,True,3.919878304381102,False,False,False,False,True,True,True,True,False,True,0.0,0.8467949966705877,11,2.100853600952186,0.015140779316425323,True,0.0090415076095322,0.036635903763426944,0.044424863438944646,18.198517705352383,0.5494722428994046,0.09277864114736563,0.5475807403699625,0.015771337983919047,0.4762451382348738,0.5237548617651262,True,0.00044844226795248687,1.0979242838323626
learned-seed-29,test-0066,66,1.0,False,True,False,True,1.0300743734423106,False,False,False,False,True,True,True,True,False,True,0.0,0.43218758117301015,29,0.8875499891239353,0.01079842820763588,True,0.003387802804517928,0.03326131202968018,0.04232176501547425,19.666394547378943,0.3918844891029522,0.03476364277424638,0.3906431139450621,0.014161396001765825,0.6263542249393952,0.3736457750606048,True,0.00040266517316922545,0.7509406531060061
learned-seed-47,test-0066,66,1.0,False,True,False,True,7.8266782645722675,False,False,False,False,True,True,True,True,False,True,0.0,0.9341296182743423,47,2.931941140882009,0.01458949688822031,True,0.010273148865466828,0.045961839190606486,0.05882373008886171,18.359596842845516,0.5294657170815277,0.10541702039135123,0.5272953606884757,0.01553861176580564,0.49564787731541915,0.5043521226845809,True,0.00044182493002153933,1.1674372511503937
analytic-oracle,test-0067,67,0.0,False,False,False,False,4.3472011443187093e-16,False,False,False,False,False,False,False,False,False,False,0.0,0.025369205173977147,,0.0,0.0,False,0.0,0.0,0.0,120.0,0.0,0.0,0.0,0.0,1.0,0.0,False,0.0,0.0
persistence,test-0067,67,1.0,False,True,False,True,0.0,False,False,False,False,True,False,True,False,False,True,0.0,0.5053592824120238,,0.0,0.009816507808864117,True,0.0032114542010413757,0.03085619561456267,0.03045847958977404,20.08042983605909,0.5014461946512634,0.06140206597335399,0.5013029776823743,0.013225382774431136,0.5236629834388743,0.4763370165611257,True,0.0002662141341716051,0.7310668393012653
linear-extrapolation,test-0067,67,1.0,False,True,False,True,0.0,False,False,False,False,True,False,False,False,True,True,0.0,2.6638365273465264e-14,,0.0,0.007149282842874527,True,0.0019374307024137881,0.050572959097997444,0.06971001337442614,21.457375208567022,0.36519918751634156,0.037043108934836186,0.4061484930942532,0.012717436470608811,0.6140785710555022,0.38592142894449777,True,0.00025598966749385,0.7310668393012653
learned-seed-11,test-0067,67,1.0,False,True,False,True,29.751540871574157,False,False,False,False,True,True,True,True,True,True,0.0,2.0160327192418084,11,5.2779367658272065,0.009792287833988667,True,0.0031456904717642982,0.0561947849335853,0.0763822697555827,20.091158293819525,0.500208991516267,0.060144682684993386,0.5432495965219956,0.023086161677519975,0.4838053959869368,0.5161946040130632,True,0.00046470205415971577,2.2521075453127266
learned-seed-29,test-0067,67,0.0,False,False,False,True,5912.761327726846,False,False,False,False,False,True,True,True,True,True,0.0,9.652671950774263,29,52.009456491250226,0.011213395744562149,True,0.02366334130108199,0.40346748093085905,0.5551079108537962,19.50262850402035,0.5728019306572524,0.4524361715162784,0.6928496170964621,0.1448675061589158,0.3416557765943411,0.6583442234056589,True,0.002916042460128665,12.529267571483391
learned-seed-47,test-0067,67,0.0,False,True,False,True,9.448649973169886,False,False,False,False,False,True,True,True,False,True,0.0,0.8579922128410048,47,3.2936681638302705,0.007485323119908571,True,0.0008420323385997268,0.026678221800719035,0.03566828421412614,21.257894476703694,0.38236477444901024,0.01609941228171102,0.3822274362199758,0.016675402477502134,0.6368083081042654,0.36319169189573464,True,0.00033565968624316156,1.0467602182395614
analytic-oracle,test-0068,68,0.0,False,False,False,False,6.869378087519303e-16,False,False,False,False,False,False,False,False,False,False,0.0,0.0068791690135716205,,0.0,0.0,False,0.0,0.0,0.0,120.0,0.0,0.0,0.0,0.0,1.0,0.0,False,0.0,0.0
persistence,test-0068,68,1.0,False,True,False,True,0.0,False,False,False,False,True,False,True,False,False,True,0.0,0.4494707257780407,,0.0,0.01113668642938137,True,0.0005027157210158685,0.032999898912669204,0.034099464609857875,19.532440083993706,0.5465384631908775,0.008552566569291351,0.5405042311491702,0.011390982340138803,0.4824816540628752,0.5175183459371249,True,0.00023296746076084673,0.6178133604899835
linear-extrapolation,test-0068,68,1.0,False,True,False,True,0.0,False,False,False,False,True,False,False,False,False,True,0.0,2.0159952710071408e-14,,0.0,0.0059205712750554085,True,0.0012168381110773448,0.039387998471871244,0.057310784604545126,22.276363862442786,0.29055500003519297,0.020701737610292936,0.335345427885978,0.009176868340018038,0.6789157213660507,0.3210842786339493,True,0.0001876845781225711,0.6178133604899835
learned-seed-11,test-0068,68,1.0,False,True,False,True,12.690259188357869,False,False,False,False,True,True,True,True,False,True,0.0,0.875493000083901,11,3.11388134755169,0.008395482785999775,True,0.0020132088718345354,0.030692206698399324,0.04332446224804694,20.75954324509029,0.4120125217407838,0.034250177932488614,0.4123947545276191,0.02130026199355722,0.6051430517342626,0.39485694826573736,True,0.00043563125655055046,1.1427114134118943
learned-seed-29,test-0068,68,1.0,False,True,False,True,5.597323942019933,False,False,False,False,True,True,True,True,False,True,0.0,0.5753756444636924,29,2.004471238076129,0.010601966641843319,True,0.0016789443635055468,0.04380267873087412,0.061783491897022196,19.74613566576878,0.520296821857798,0.02856342627598954,0.5208831545615573,0.019676405067613135,0.5012683101442494,0.49873168985575056,True,0.00040242026443593204,0.8650066253806425
learned-seed-47,test-0068,68,0.0,True,True,True,True,5.560502082592844,False,False,False,False,False,True,True,True,False,True,0.0,0.53459559790708,47,2.032917607805542,0.0036024271976202726,False,6.781539175535178e-05,0.013384068546296899,0.018494938393423598,24.43404787194408,0.1767909186299835,0.0011537249148249932,0.1769428062256705,0.01767698317337795,0.8305819952441592,0.1694180047558408,True,0.0003615282475948334,0.7366341620152838
analytic-oracle,test-0069,69,0.0,False,False,False,False,4.366394559744534e-16,False,False,False,False,False,False,False,False,False,False,0.0,0.04113176178387691,,0.0,0.0,False,0.0,0.0,0.0,120.0,0.0,0.0,0.0,0.0,1.0,0.0,False,0.0,0.0
persistence,test-0069,69,1.0,False,True,False,True,0.0,False,False,False,False,True,False,True,False,False,True,0.0,0.6175743583497066,,0.0,0.011800561100244522,True,0.0003692993494240889,0.035168589671538436,0.034023064759371315,19.280973421051872,0.5130041007109076,0.00557525435433973,0.513229408199105,0.01727312613382543,0.5077192943386094,0.4922807056613906,True,0.0004037229809910059,0.9055396981443173
linear-extrapolation,test-0069,69,1.0,False,True,False,True,0.0,False,False,False,False,True,False,False,False,True,True,0.0,1.6997766430292396e-14,,0.0,0.00905509851872921,True,0.0009052188678668841,0.06273431008394975,0.08551985084183392,20.431068202358745,0.39365099955739336,0.013665947266291417,0.43088059459169087,0.017561208393328524,0.5867068414771969,0.41329315852280313,True,0.0004104562976863235,0.9055396981443173
learned-seed-11,test-0069,69,0.0,False,False,False,True,73.19458099854567,False,False,False,False,False,True,True,True,True,True,0.0,2.3088525155445536,11,7.265949155850535,0.01581747643649578,True,0.019240936273780127,0.10092008315759239,0.13497053763941158,18.008628038425755,0.687630885166329,0.29047739702020886,0.6903642500018882,0.08539359103133924,0.3378146405389113,0.6621853594610887,True,0.0019958955235779285,2.301548128670729
learned-seed-29,test-0069,69,0.0,False,True,False,True,46.12143057988346,False,False,False,False,False,True,True,True,False,True,0.0,2.3906432839314435,29,6.638156909557748,0.008137242868542671,True,0.006867661343424551,0.03391133824172457,0.0458795887265587,20.8952272162343,0.3537491924817439,0.10368000612177854,0.3534769617288818,0.027126733551542097,0.6609510574120648,0.33904894258793516,True,0.0006340303225442767,2.498157125745064
learned-seed-47,test-0069,69,0.0,False,True,False,True,98.65119495319121,False,False,False,False,False,True,True,True,False,True,0.0,3.3157357568976185,47,6.745811858049234,0.009227443486452103,True,0.002754400949409233,0.025776059458064358,0.026859315118455983,20.349186059640214,0.4011433276278697,0.04158275911056785,0.4008211400518421,0.021642674866124523,0.6155393465056939,0.38446065349430614,True,0.000505851989146322,3.2645906315912923
analytic-oracle,test-0070,70,0.0,False,False,False,False,2.642914919114344e-16,False,False,False,False,False,False,False,False,False,False,0.0,0.009859582063266294,,0.0,0.0,False,0.0,0.0,0.0,120.0,0.0,0.0,0.0,0.0,1.0,0.0,False,0.0,0.0
persistence,test-0070,70,1.0,False,True,False,True,0.0,False,False,False,False,True,False,True,False,False,True,0.0,0.6481320886297859,,0.0,0.00804987084120512,True,0.0017721479926029852,0.031563473447760566,0.0303646308897065,20.942110877565916,0.5403043725827763,0.05169797297263431,0.5426894950234928,0.019945466526693493,0.4837964314873778,0.5162035685126223,True,0.0002971967915073037,0.9681570495368522
linear-extrapolation,test-0070,70,1.0,False,True,False,True,0.0,False,False,False,False,True,False,False,False,True,True,0.0,1.8035622332482197e-14,,0.0,0.006356058642268181,True,0.001071573880778309,0.06283411066900761,0.08401018394019287,21.968121045584294,0.42661632025588103,0.03126048036501021,0.4565600289905184,0.022212351233707368,0.5657223543733245,0.4342776456266755,True,0.00033097443520091474,0.9681570495368522
learned-seed-11,test-0070,70,1.0,False,True,False,True,6.490088157016307,False,False,False,False,True,True,True,True,False,True,0.0,0.5639184857297742,11,1.560613079420162,0.0061966548673808575,True,0.0006123266245858482,0.04092355381104816,0.05411644987225752,22.07842691903589,0.41591719746536837,0.017863093500315515,0.4161278822246364,0.02850451686628428,0.6041812127712946,0.39581878722870545,True,0.0004247306496836245,1.1818846527233502
learned-seed-29,test-0070,70,1.0,False,True,False,True,11.473419246630666,False,False,False,False,True,True,True,True,False,True,0.0,1.4566052535351046,29,3.235298059232526,0.0061429706402122974,True,0.0006596447568781058,0.041871991701766205,0.055586972099445034,22.116215603477425,0.41231393186644383,0.0192434813316769,0.4122717698642038,0.025495109350709807,0.6078491278116526,0.39215087218834743,True,0.00037988906842656434,1.6913978566451895
learned-seed-47,test-0070,70,0.0,False,True,False,True,17.435794684594345,False,False,False,False,False,True,True,True,False,True,0.0,1.0354817992564183,47,3.934050716673435,0.010740592144429684,True,0.001042289675861265,0.04815657442323785,0.05933348472739422,19.689717746914695,0.7209045976313825,0.030406187134057915,0.7206518588295924,0.03419602370885246,0.3145195096009989,0.685480490399001,True,0.0005095367669127882,1.3179100690933405
analytic-oracle,test-0071,71,0.0,False,False,False,False,0.0,False,False,False,False,False,False,False,False,False,False,0.0,0.016709606005547373,,0.0,0.0,False,0.0,0.0,0.0,120.0,0.0,0.0,0.0,0.0,1.0,0.0,False,0.0,0.0
persistence,test-0071,71,1.0,False,True,False,True,0.0,False,False,False,False,True,False,True,False,False,True,0.0,0.4682141901829405,,0.0,0.009890682063996792,True,0.003219504462211243,0.03019872022465165,0.03032131472908234,20.047737583101725,0.47531112400284614,0.05745641114741934,0.4777247603377607,0.011052883905961163,0.5434106244488787,0.45658937555112133,True,0.0002332776493858546,0.6638994073114847
linear-extrapolation,test-0071,71,1.0,False,True,False,True,0.0,False,False,False,False,True,False,False,False,False,True,0.0,3.1824529498833564e-14,,0.0,0.006717801559716463,True,0.0019108587358684357,0.04356281990002285,0.06133632883229376,21.727728291327875,0.32283373275134936,0.03410185836403138,0.36840255138917055,0.009618909881388879,0.6478962263306293,0.35210377366937073,True,0.00020301277982071042,0.6638994073114847
learned-seed-11,test-0071,71,0.0,False,True,False,True,20.89773561826152,False,False,False,False,False,True,True,True,False,True,0.0,1.1663535438065353,11,4.025662783924812,0.006387255620211363,True,0.0004042083198407395,0.019509503277163998,0.02379755247139031,21.946857028766466,0.30694886646769315,0.007213644114046665,0.3068260434691022,0.019722261893457035,0.7067484810891322,0.29325151891086776,True,0.0004162499972153455,1.3775376976320624
learned-seed-29,test-0071,71,1.0,False,True,False,True,10.86671414430539,False,False,False,False,True,True,True,True,False,True,0.0,0.734829669897321,29,3.3376377285868197,0.007638785522431135,True,0.0011180541850666938,0.027151456987095465,0.03692099432048165,21.169756836799117,0.3670929577142041,0.019953188975598897,0.3671681489302041,0.017434195386753025,0.6490760166507286,0.35092398334927144,True,0.0003679590008687228,0.9243244981575968
learned-seed-47,test-0071,71,0.0,False,True,False,True,2.939509878026263,False,False,False,False,False,True,True,True,False,True,0.0,0.21688224136423603,47,0.9541796588296063,0.007909053936600685,True,0.00027790313754325166,0.02402337523981742,0.03208609966154102,21.018754627332406,0.38008109977459953,0.0049595573223328,0.3798170280896888,0.023105867659878963,0.6369867461830069,0.3630132538169931,True,0.0004876629973296076,0.4676221101755796
analytic-oracle,test-0072,72,0.0,False,False,False,False,0.0,False,False,False,False,False,False,False,False,False,False,0.0,0.025798843281313037,,0.0,0.0,False,8.307157045583935e-16,0.0,0.0,120.0,0.0,1.4597427566162018e-14,0.0,0.0,1.0,0.0,False,0.0,0.0
persistence,test-0072,72,1.0,False,True,False,True,0.0,False,False,False,False,True,False,True,False,False,True,0.0,0.5439931850619779,,0.0,0.011898769065737724,True,0.002761192016722407,0.03809184763375571,0.039114624656828516,19.244979642888516,0.5974607020199701,0.04851996927372029,0.6001874991675682,0.015159474407060619,0.4193902107562808,0.5806097892437192,True,0.0003039412840735167,0.7504403391170497
linear-extrapolation,test-0072,72,1.0,False,True,False,True,0.0,False,False,False,False,True,False,False,False,False,True,0.0,1.9643369875399443e-14,,0.0,0.00637690769508481,True,0.0013388701340283325,0.04669908460821721,0.06770323466181852,21.953898693237765,0.32019713360036567,0.023526772991929644,0.3575810056585636,0.012873189237538349,0.654083044680324,0.34591695531967603,True,0.00025810219813138247,0.7504403391170497
learned-seed-11,test-0072,72,1.0,False,True,False,True,19.550945508046688,False,False,False,False,True,True,True,True,True,True,0.0,1.4261613841549254,11,4.147606825742814,0.009228617884218693,True,0.0008667059604279977,0.05046993728396107,0.0721745147737521,20.348633358324335,0.4633871360404875,0.015229852293732889,0.4703768409306508,0.028604615617013048,0.5449665331972826,0.4550334668027174,True,0.00057351088616997,1.7709330852595109
learned-seed-29,test-0072,72,1.0,False,True,False,True,7.814986444290714,False,False,False,False,True,True,True,True,False,True,0.0,0.830464266029189,29,2.5918065013587794,0.01039939559996128,True,0.002999670783250457,0.04760121813402799,0.06688151261447899,19.829919006271098,0.5221741981384554,0.052710544342132494,0.521794919262913,0.028208476127417923,0.4952256777725735,0.5047743222274266,True,0.0005655684508383274,1.163071979419006
learned-seed-47,test-0072,72,0.0,False,True,False,True,2.0099155464048213,False,False,False,False,False,True,True,True,False,True,0.0,0.35782299534432294,47,0.894180262035082,0.0051294309087097645,False,0.000388547032138089,0.01567895553463215,0.017512015987517088,22.899308155737405,0.25755885963912195,0.006827591107956829,0.25744393998188003,0.02475737973176064,0.750953707062766,0.24904629293723402,True,0.0004963753744959831,0.4682586298494221
analytic-oracle,test-0073,73,0.0,False,False,False,False,2.6394254191851923e-16,False,False,False,False,False,False,False,False,False,False,0.0,0.004047389997737929,,0.0,0.0,False,1.231653667943533e-15,0.0,0.0,120.0,0.0,1.833288615666165e-14,0.0,0.0,1.0,0.0,False,0.0,0.0
persistence,test-0073,73,1.0,False,True,False,True,0.0,False,False,False,False,True,False,True,False,False,True,0.0,0.45860144586767,,0.0,0.012879065237939358,True,0.002248326802382859,0.037579010594415485,0.039225282859357634,18.901156569091903,0.587525900346386,0.03346583571652692,0.5891345718959621,0.013209998701999263,0.4335835468662585,0.5664164531337414,True,0.00029553170315921307,0.6254783730700786
linear-extrapolation,test-0073,73,1.0,False,True,False,True,0.0,False,False,False,False,True,False,False,False,False,True,0.0,2.693138569704309e-14,,0.0,0.00656935153529048,True,0.0016074511562650718,0.04310172576626933,0.06307693730383859,21.82477497798555,0.2996851172159289,0.023926546737286836,0.3414705160587345,0.010636398329159167,0.671697218628187,0.328302781371813,True,0.00023795558081474155,0.6254783730700786
learned-seed-11,test-0073,73,0.0,False,False,False,True,166.748137549716,False,False,False,False,False,True,True,True,True,True,0.0,2.3517204843027195,11,10.83511939633434,0.014400344341993332,True,0.01927536842194327,0.12450653193500988,0.17818540001558494,18.41627122902,0.6569246384360503,0.28690949745411537,0.674835307383249,0.09824133805142864,0.35118759025240315,0.6488124097475969,True,0.002197837457060814,2.4947771728416486
learned-seed-29,test-0073,73,0.0,False,True,False,True,30.266956286741664,False,False,False,False,False,True,True,True,False,True,0.0,1.2249634307743704,29,4.406775063786863,0.007665977347642183,True,0.0026092500989099536,0.024233102694975497,0.03150326633048423,21.154324683856764,0.34971173450854454,0.038838097317928345,0.34944806920145044,0.026784295173527047,0.664027294690026,0.33597270530997403,True,0.0005992134101688862,1.3441472826846368
learned-seed-47,test-0073,73,0.0,False,False,False,True,2131.461951141669,False,False,False,False,False,True,True,True,True,True,0.0,5.308612154023944,47,23.5200746286699,0.013708865270018578,True,0.017997831086500916,0.13403704624311966,0.1941244934051033,18.62998491772448,0.6253802789016426,0.26789364328899523,0.651789260293584,0.13172659325427602,0.37334493914006334,0.6266550608599366,True,0.002946963533759117,7.643568163631661
analytic-oracle,test-0074,74,0.0,False,False,False,False,1.970385529779565e-16,False,False,False,False,False,False,False,False,False,False,0.0,0.027301714514692474,,1.848803406323563e-17,0.0,False,0.0,0.0,0.0,120.0,0.0,0.0,0.0,0.0,1.0,0.0,False,0.0,0.0
persistence,test-0074,74,1.0,False,True,False,True,0.0,False,False,False,False,True,False,True,False,False,True,0.0,0.5307799538452487,,0.0,0.009699435904622078,True,0.002001877593573118,0.03499145398570727,0.035926033154721114,20.13253522500104,0.6222366701466754,0.05666549410213551,0.6199192162685059,0.015235879739450283,0.410230409932219,0.5897695900677811,True,0.0002386129053775221,0.7360091916645018
linear-extrapolation,test-0074,74,1.0,False,True,False,True,0.0,False,False,False,False,True,False,False,False,False,True,0.0,2.4009655386217703e-14,,0.0,0.005225006956607103,True,0.0008200338982516531,0.044540719903547604,0.06403131921974575,22.819131269941202,0.33519381561386746,0.02321202164113888,0.369801651348092,0.013674482474810803,0.6481835655381782,0.35181643446182176,True,0.0002141594741260633,0.7360091916645018
learned-seed-11,test-0074,74,0.0,False,True,False,True,37.26428823782062,False,False,False,False,False,True,True,True,True,True,0.0,1.5481403917445795,11,5.28037232440497,0.010160662233829498,True,0.0027743097531322944,0.05841858828286697,0.08078234528109556,19.930779854452897,0.6518251882926883,0.07853009267815309,0.6506272456981688,0.04875372543921797,0.38101585833703605,0.618984141662964,True,0.0007635442307218909,1.5400653587444342
learned-seed-29,test-0074,74,0.0,False,True,False,True,6.5294961386336015,False,False,False,False,False,True,True,True,False,True,0.0,0.7257927574604308,29,1.7058666166766694,0.008832376450300217,True,0.003629015983144742,0.04121237868399811,0.05691420184567635,20.539224288807354,0.566613209877266,0.10272355535105444,0.5660677629840759,0.029144578261667452,0.4614628103718859,0.5385371896281141,True,0.00045644049532711506,1.0164127785073278
learned-seed-47,test-0074,74,0.0,False,True,False,True,335.20029465042694,False,False,False,False,False,True,True,True,False,True,0.0,3.6580033504242278,47,11.381695497565484,0.008982162922620773,True,0.003410472613107633,0.04661434942658831,0.06325705273882366,20.466190717679076,0.5762222878366705,0.0965374288437914,0.5750545693296829,0.06064602942720856,0.45291307525257385,0.5470869247474262,True,0.0009497925639152527,4.229111671149436
analytic-oracle,test-0075,75,0.0,False,False,False,False,1.392629561247898e-16,False,False,False,False,False,False,False,False,False,False,0.0,0.009712782834136308,,0.0,0.0,False,0.0,0.0,0.0,120.0,0.0,0.0,0.0,0.0,1.0,0.0,False,0.0,0.0
persistence,test-0075,75,1.0,False,True,False,True,0.0,False,False,False,False,True,False,True,False,False,True,0.0,0.6313530927332042,,0.0,0.01038696151226759,True,0.0037818577884504495,0.032419645194971654,0.031684796772169926,19.835114776061648,0.5041255621677935,0.05838442704676707,0.506700193952615,0.015561594288736129,0.5198090559773701,0.48019094402262985,True,0.0003272815083619207,0.9259838214126345
linear-extrapolation,test-0075,75,1.0,False,True,False,True,0.0,False,False,False,False,True,False,False,False,True,True,0.0,2.6012449704946627e-14,,0.0,0.008034736849367619,True,0.002025044432961469,0.05742453398427488,0.07814489276588074,20.950283425147052,0.38996160968478105,0.031262692987496975,0.42923640144225633,0.01558299937269321,0.5932201422510036,0.4067798577489964,True,0.00032773168641142547,0.9259838214126345
learned-seed-11,test-0075,75,1.0,False,True,False,True,11.328383653170734,False,False,False,False,True,True,True,True,True,True,0.0,0.941963631024955,11,3.123622557270868,0.015687210485339165,True,0.016165243910325297,0.07290274660752076,0.09437986337166784,18.04454276204679,0.761370280945581,0.24955949075025585,0.7614604659867286,0.03148724936733502,0.2783771856375628,0.7216228143624372,True,0.0006622197106480598,1.1890716504874999
learned-seed-29,test-0075,75,1.0,False,True,False,True,1.158923960527152,False,False,False,False,True,True,True,True,False,True,0.0,0.3105609838172981,29,0.8356878913075874,0.007123725954443216,True,0.0008821551191723104,0.02993665029008276,0.040252244817105674,21.472927959412928,0.34574618836042814,0.013618735573965299,0.3459786871233732,0.01813629044835741,0.6721220272573664,0.32787797274263364,True,0.00038143087294884026,0.7775855231956244
learned-seed-47,test-0075,75,0.0,False,True,False,True,2.54938551931394,False,False,False,False,False,True,True,True,False,True,0.0,0.2525623087960113,47,0.6568468205433442,0.006240830756723881,True,0.0017596699251009981,0.02226044853412164,0.029847874427552355,22.047575947653023,0.3028953472015552,0.027165833861390154,0.3027290310285853,0.018205153985528105,0.7131089726674414,0.28689102733255856,True,0.0003828791668638587,0.49235327992761985
analytic-oracle,test-0076,76,0.0,False,False,False,False,3.664540294362285e-16,False,False,False,False,False,False,False,False,False,False,0.0,0.027371007689693864,,0.0,0.0,False,6.999609225566417e-16,0.0,0.0,120.0,0.0,1.3204813377281997e-14,0.0,0.0,1.0,0.0,False,0.0,0.0
persistence,test-0076,76,1.0,False,True,False,True,0.0,False,False,False,False,True,False,True,False,False,True,0.0,0.550421467879348,,0.0,0.010172135196626186,True,0.006117725554597052,0.03079549303579607,0.029611948284188047,19.92587876302214,0.46890317518662755,0.11541133460253417,0.4649678101554031,0.015173722958648519,0.5522895192690632,0.4477104807309368,True,0.0003270376182626933,0.8148909515628969
linear-extrapolation,test-0076,76,1.0,False,True,False,True,0.0,False,False,False,False,True,False,False,False,True,True,0.0,2.7129430996885913e-14,,0.0,0.008451693691313267,True,0.0015109024470692368,0.058249272865221476,0.07863825817176764,20.730562511586502,0.38959627757169457,0.02850328382898188,0.42903636365118153,0.015418228493159825,0.58688736633806,0.41311263366193995,True,0.0003323074197396636,0.8148909515628969
learned-seed-11,test-0076,76,1.0,False,True,False,True,33.53983756384818,False,False,False,False,True,True,True,True,True,True,0.0,2.555060650393182,11,5.795020641430885,0.01227245107293129,True,0.0023638425779981863,0.05294318703662497,0.07060778601866549,19.110686906437223,0.5657210766652663,0.044594061025190056,0.5654584020733373,0.02383026188646718,0.4555286462927646,0.5444713537072354,True,0.0005136110703460872,2.7304518473169583
learned-seed-29,test-0076,76,1.0,False,True,False,True,120.38645318278762,False,False,False,False,True,True,True,True,False,True,0.0,2.620432356914003,29,10.788317654588791,0.00758454529568553,True,0.0015899145071449749,0.024207688144834413,0.031113345559944394,21.200704506707936,0.3496234863918549,0.029993852051053285,0.3493106594502407,0.026694877380506174,0.6636540425999843,0.3363459574000157,True,0.0005753518198616803,2.5744125401789977
learned-seed-47,test-0076,76,0.0,False,True,False,True,2.6019143753406433,False,False,False,False,False,True,True,True,False,True,0.0,0.4713605620366398,47,1.4254962131980056,0.009166085161268711,True,0.0005101916528458938,0.0284294147128298,0.03612380673277816,20.378161120817122,0.42252745889333626,0.009624802393067743,0.42209590036111894,0.028671565723839547,0.5935702335994535,0.4064297664005465,True,0.0006179551710374653,0.9814869847584413
analytic-oracle,test-0077,77,0.0,False,False,False,False,1.442417355652547e-16,False,False,False,False,False,False,False,False,False,False,0.0,0.025457559209217002,,0.0,0.0,False,0.0,0.0,0.0,120.0,0.0,0.0,0.0,0.0,1.0,0.0,False,0.0,0.0
persistence,test-0077,77,1.0,False,True,False,True,0.0,False,False,False,False,True,False,True,False,False,True,0.0,0.6203612286032656,,0.0,0.009170599281787872,True,0.003994114029253775,0.025796828591646285,0.024369664650817816,20.376022830574072,0.3602748886010973,0.048663064597850844,0.3595976527465531,0.011806300329792348,0.6528207232656923,0.3471792767343077,True,0.0003045997000299394,0.9471512746483215
linear-extrapolation,test-0077,77,1.0,False,True,False,True,0.0,False,False,False,False,True,False,False,False,True,True,0.0,3.020371346815938e-14,,0.0,0.010199427604675293,True,0.003012353960329619,0.059424240677030817,0.07783433071157753,19.914242003073255,0.40069329507907137,0.036701599976728685,0.4474643647050618,0.012393803867407304,0.5679884078326511,0.43201159216734886,True,0.00031975714955478907,0.9471512746483215
learned-seed-11,test-0077,77,0.0,False,True,False,True,3.6305811005166735,False,False,False,False,False,True,True,True,False,True,0.0,0.7731881351236389,11,1.7988725613135865,0.00835463311523199,True,0.00246065220965956,0.029166343322248958,0.03778207378242196,20.780726169290247,0.3282189552073014,0.029979834465036364,0.3276176830035979,0.022294834576792957,0.6836962940057759,0.3163037059942241,True,0.000575201353058219,1.0150296283163907
learned-seed-29,test-0077,77,1.0,False,True,False,True,5.090408829853054,False,False,False,False,True,True,True,True,False,True,0.0,0.8776824545143798,29,2.37515221130666,0.009235672652721405,True,0.0025051042748688874,0.03194321123750291,0.04160228949894081,20.34531468526209,0.3628313520058974,0.030521424841511803,0.36328445330820675,0.01241959145601012,0.6492612429891047,0.3507387570108953,True,0.00032042246311903,1.0519734102694205
learned-seed-47,test-0077,77,0.0,True,True,True,True,3.1760985490862614,False,False,False,False,False,True,True,True,False,True,0.0,0.3999302858105353,47,1.637906228278043,0.001279259566217661,False,9.038851303059918e-05,0.006030497585238011,0.006824025646554848,28.930413267185507,0.05025681349159366,0.0011012660170179275,0.05016127535059214,0.0073184319124635225,0.951570998410929,0.04842900158907104,True,0.00018881377764046192,0.4980948443558766
analytic-oracle,test-0078,78,0.0,False,False,False,False,1.6295490370366166e-15,False,False,False,False,False,False,False,False,False,False,0.0,0.0013657119880904017,,0.0,0.0,False,0.0,0.0,0.0,120.0,0.0,0.0,0.0,0.0,1.0,0.0,False,0.0,0.0
persistence,test-0078,78,1.0,False,True,False,True,0.0,False,False,False,False,True,False,True,False,False,True,0.0,0.5836552550008601,,0.0,0.012476194649934769,True,0.010220039764136067,0.035757416910398944,0.036046121003235634,19.039178581267308,0.5362337532270185,0.18695605858364334,0.5361123743485987,0.013935513886796515,0.49107047341880966,0.5089295265811904,True,0.00033184667699970305,0.8250545072514596
linear-extrapolation,test-0078,78,1.0,False,True,False,True,0.0,False,False,False,False,True,False,False,False,True,True,0.0,2.7019944222066846e-14,,0.0,0.007893089205026627,True,0.0012799466888435062,0.05014733631168625,0.07091904312887148,21.027529889174396,0.3392493438685827,0.023414173884439397,0.38220435539463804,0.012182850773099151,0.6371747958912402,0.36282520410875985,True,0.00029011047445237637,0.8250545072514596
learned-seed-11,test-0078,78,0.0,False,True,False,True,14.619489153675922,False,False,False,False,False,True,True,True,False,True,0.0,0.637456366842172,11,2.8796510504903488,0.010509208776056767,True,0.004904287173046818,0.04662195461813123,0.06481434827629753,19.78429980178006,0.45169161138895075,0.08971454330859532,0.4512713303852204,0.032878011611388085,0.5716097677997675,0.42839023220023253,True,0.0007829247624613345,1.0387450529954496
learned-seed-29,test-0078,78,1.0,False,True,False,True,8.474272545206519,False,False,False,False,True,True,True,True,False,True,0.0,0.8420364017883353,29,3.0351261267124925,0.006958847399801016,True,0.0012039911226042607,0.029121031777480606,0.040706695269262065,21.57462687021439,0.2990951138574043,0.02202471223660807,0.3021928477847325,0.013377639413155819,0.7131294289817998,0.28687057101820024,True,0.0003185620007570833,1.0194030578283761
learned-seed-47,test-0078,78,0.0,False,True,False,True,48.199964317509384,False,False,False,False,False,True,True,True,True,True,0.0,1.535540301528199,47,5.426384321080562,0.013296615332365036,True,0.010255659646785115,0.05341346614717166,0.07388829516938808,18.762588950892138,0.5714958883658731,0.18760765613325825,0.5712247350412512,0.038750351206044684,0.4577384371527709,0.5422615628472292,True,0.0009227629052475095,1.7839939581289808
analytic-oracle,test-0079,79,0.0,False,False,False,False,4.4229145891750447e-16,False,False,False,False,False,False,False,False,False,False,0.0,0.033579081732000554,,1.9586390389862887e-17,0.0,False,1.5785983631388945e-16,0.0,0.0,120.0,0.0,2.5005297725641408e-15,0.0,0.0,1.0,0.0,False,0.0,0.0
persistence,test-0079,79,1.0,False,True,False,True,0.0,False,False,False,False,True,False,True,False,False,True,0.0,0.5010151269042631,,0.0,0.009796218946576118,True,0.0048359809448623595,0.0280848014964178,0.02776522206261566,20.089415169091826,0.41804722618421564,0.0766028561447154,0.41709314499455247,0.009867596690725995,0.5978739994656899,0.40212600053431014,True,0.0002343353844480589,0.7183232748896229
linear-extrapolation,test-0079,79,1.0,False,True,False,True,0.0,False,False,False,False,True,False,False,False,False,True,0.0,1.77801602345382e-14,,0.0,0.007435715291649103,True,0.0014688565353617187,0.043531751578141625,0.06067734594707848,21.286772474145153,0.3173142790419063,0.023266966342180506,0.3663658296622993,0.008715299581304315,0.6467809946469897,0.3532190053530103,True,0.00020697066793218255,0.7183232748896229
learned-seed-11,test-0079,79,1.0,False,True,False,True,45.240722045005235,False,False,False,False,True,True,True,True,False,True,0.0,2.547219748046785,11,6.72369108661607,0.010871312581002712,True,0.0015582802054955477,0.04812063266734921,0.0664233504660732,19.637180168822443,0.4639261427551268,0.024683454251726883,0.4821226861387218,0.014382113608872565,0.5351780055115631,0.46482199448843686,True,0.00034154599416069686,2.6707422854221385
learned-seed-29,test-0079,79,0.0,False,False,False,True,1578.5888380556137,False,False,False,False,False,True,True,True,True,True,0.0,5.035642854467159,29,26.135623650100737,0.012323801405727863,True,0.020412578125048018,0.20103346389766927,0.27978741890233777,19.092553088208106,0.5259101518459145,0.3233391122678053,0.5921457883972574,0.12526154754418062,0.42910301816507923,0.5708969818349208,True,0.0029747074004262686,6.542061715798941
learned-seed-47,test-0079,79,0.0,False,True,False,True,3.1696575166592473,False,False,False,False,False,True,True,True,False,True,0.0,0.6736624829257566,47,1.8571636666205402,0.006992545444518328,True,0.001075577347009382,0.02223517001956909,0.03020117853017701,21.553647024695692,0.2984022961297383,0.017037349345432412,0.2979579630410055,0.013811466761216083,0.712734084837107,0.287265915162893,True,0.0003279942902736366,0.8790624474187195
analytic-oracle,test-0080,80,0.0,False,False,False,False,6.900666775239917e-16,False,False,False,False,False,False,False,False,False,False,0.0,0.023603401298241882,,0.0,0.0,False,1.1600963245594897e-17,0.0,0.0,120.0,0.0,1.838322427968145e-16,0.0,0.0,1.0,0.0,False,0.0,0.0
persistence,test-0080,80,1.0,False,True,False,True,0.0,False,False,False,False,True,False,True,False,False,True,0.0,0.567250104488811,,0.0,0.010872926563024521,True,0.0009226590552535376,0.03397336686245568,0.03321536398850681,19.636535452322953,0.5120563137925844,0.014620724147923975,0.513118507996038,0.015503791430007696,0.5113042991159117,0.4886957008840883,True,0.00033956722472794354,0.8231662508995212
linear-extrapolation,test-0080,80,1.0,False,True,False,True,0.0,False,False,False,False,True,False,False,False,True,True,0.0,2.6821576716669202e-14,,0.0,0.00801408663392067,True,0.0012402540776685082,0.056420979370076015,0.07775375277256008,20.961459670654943,0.3774203418364966,0.019653427384339985,0.41540542046871365,0.015074426920098104,0.6043665548143219,0.3956334451856781,True,0.00033016319503076375,0.8231662508995212
learned-seed-11,test-0080,80,0.0,False,False,False,True,101.00945472344247,False,False,False,False,False,True,True,True,True,True,0.0,2.4384374762385623,11,8.590508788122776,0.014537526294589043,True,0.01795814866077357,0.10889894607296079,0.1473665715347694,18.375094867374695,0.6846392351609268,0.28457005464974444,0.6904432846527048,0.09155814945533321,0.34241961719168573,0.6575803828083142,True,0.002005325397476554,2.464578048340187
learned-seed-29,test-0080,80,0.0,False,True,False,True,54.04995784933947,False,False,False,False,False,True,True,True,True,True,0.0,2.5571690959643547,29,7.033319905844472,0.010665946640074253,True,0.012331650103046862,0.055723833352923635,0.07649583166510492,19.720005933494924,0.502308673563374,0.19541091957941326,0.5017139274101756,0.03599298425406915,0.5221660579802794,0.4778339420197206,True,0.0007883257349021733,2.7523614786361454
learned-seed-47,test-0080,80,1.0,False,True,False,True,26.544181085014607,False,False,False,False,True,True,True,True,False,True,0.0,2.041783908413507,47,5.21652398621688,0.00953077431768179,True,0.002559832658591223,0.02949305168139177,0.03698740617627833,20.208718141323306,0.4488481676403064,0.040563853953424496,0.4485001875167953,0.020947639630529234,0.5728469932975839,0.42715300670241607,True,0.0004587995063047856,2.0939891696140815
analytic-oracle,test-0081,81,0.0,False,False,False,False,9.71240512139197e-16,False,False,False,False,False,False,False,False,False,False,0.0,0.04015543289495766,,3.102840834026229e-17,0.0,False,0.0,0.0,0.0,120.0,0.0,0.0,0.0,0.0,1.0,0.0,False,0.0,0.0
persistence,test-0081,81,1.0,False,True,False,True,0.0,False,False,False,False,True,False,True,False,False,True,0.0,0.6325221557716965,,0.0,0.008679590187966824,True,0.003279270800826393,0.025416192247355408,0.024340082188631415,20.615007798127078,0.3895515469390178,0.056252068973294815,0.3894158709650671,0.015118072712076925,0.6229895665447597,0.3770104334552403,True,0.00033851401531137526,0.9992379554138884
linear-extrapolation,test-0081,81,1.0,False,True,False,True,0.0,False,False,False,False,True,False,False,False,True,True,0.0,2.674009988037237e-14,,0.0,0.010356464423239231,True,0.0030210233242728753,0.07206836255253486,0.09116006916191856,19.847884823847536,0.46481189198136436,0.05182213447090272,0.5030190770632496,0.0183361556934575,0.5130053641370904,0.4869946358629096,True,0.00041057122871279716,0.9992379554138884
learned-seed-11,test-0081,81,0.0,False,True,False,True,5.840184600878176,False,False,False,False,False,True,True,True,False,True,0.0,0.7177384713573807,11,1.6222351119398626,0.008054004982113838,True,0.002855597393349689,0.033534702847674396,0.042141521107640335,20.939881060789872,0.361474451200091,0.04898444541090879,0.3603082631691426,0.028076568368897676,0.6511699070244394,0.34883009297556056,True,0.0006286721909418702,1.0005553444694535
learned-seed-29,test-0081,81,1.0,False,True,False,True,5.142812450999309,False,False,False,False,True,True,True,True,False,True,0.0,0.9546494592166916,29,2.327535508033131,0.009435097686946392,True,0.003250116455307493,0.03649191069801287,0.04603086006909842,20.252535989773595,0.42345972792197967,0.05575196015197176,0.4226133343814116,0.015539569344751878,0.5908496590438318,0.4091503409561682,True,0.00034795189276337624,1.127386661757705
learned-seed-47,test-0081,81,0.0,True,True,True,True,16.743685227135305,False,False,False,False,False,True,True,True,False,True,0.0,1.0136394425480664,47,3.401282912971373,0.003932175226509571,False,0.0009399809652822118,0.012883126358970702,0.015857702656828676,24.05367137276684,0.17648125189662942,0.016124278019160304,0.17597058438030228,0.022577533554502552,0.8296352274287736,0.1703647725712264,True,0.0005055413930676877,1.055664693271367
analytic-oracle,test-0082,82,0.0,False,False,False,False,1.320899682807187e-16,False,False,False,False,False,False,False,False,False,False,0.0,0.008285691868348325,,2.1407455192880563e-17,0.0,False,0.0,0.0,0.0,120.0,0.0,0.0,0.0,0.0,1.0,0.0,False,0.0,0.0
persistence,test-0082,82,1.0,False,True,False,True,0.0,False,False,False,False,True,False,True,False,False,True,0.0,0.45839534771218904,,0.0,0.012687643058598042,True,0.008524970023591344,0.03392031573992906,0.03566780413316909,18.966190478592086,0.5247547684658401,0.12948147535394114,0.5240189850902816,0.009931413673592912,0.5009898442579516,0.49901015574204843,True,0.0002459087991155684,0.620531051481436
linear-extrapolation,test-0082,82,1.0,False,True,False,True,0.0,False,False,False,False,True,False,False,False,False,True,0.0,3.237831289897187e-14,,0.0,0.006530666723847389,True,0.001249481403986179,0.037422105974608134,0.05514434699267134,21.850424788004418,0.2701052109341717,0.018977743636368657,0.31660688312064883,0.007509520819206545,0.6985031944447205,0.30149680555527947,True,0.0001859410258475691,0.620531051481436
learned-seed-11,test-0082,82,1.0,False,True,False,True,273.5510076013134,False,False,False,False,True,True,True,True,True,True,0.0,4.153917263506232,11,16.209849755455256,0.020208584144711494,True,0.009018409321962377,0.12189526848141764,0.166787663582145,16.94464112990336,0.835817247135916,0.13697607629375524,0.8354676542835662,0.04942889189608421,0.20440507664114746,0.7955949233588525,True,0.0012238941853865981,4.416423272735358
learned-seed-29,test-0082,82,1.0,False,True,False,True,11.50612398578507,False,False,False,False,True,True,True,True,False,True,0.0,1.264495524205747,29,3.4605660930768516,0.006444597616791725,True,0.0005945198082283514,0.019036577771258625,0.02143606716143692,21.908041936344564,0.26654543437547906,0.009029861886144176,0.26660418167246125,0.011335012926058551,0.7461195147444218,0.25388048525557816,True,0.0002806629054248333,1.3070920979556868
learned-seed-47,test-0082,82,0.0,False,True,False,True,43.269370947677444,False,False,False,False,False,True,True,True,True,True,0.0,0.6815176336339391,47,3.738729544611389,0.016027439385652542,True,0.014169845138803627,0.05088395916351462,0.06755072243723051,17.951358569041528,0.6628871260859484,0.2152186399520312,0.6626657148398242,0.028119664136119077,0.3689600358464775,0.6310399641535225,True,0.0006962626939639449,0.9882227365779507
analytic-oracle,test-0083,83,0.0,False,False,False,False,4.989756993508683e-16,False,False,False,False,False,False,False,False,False,False,0.0,0.015170711600391103,,0.0,0.0,False,0.0,0.0,0.0,120.0,0.0,0.0,0.0,0.0,1.0,0.0,False,0.0,0.0
persistence,test-0083,83,1.0,False,True,False,True,0.0,False,False,False,False,True,False,True,False,False,True,0.0,0.5777115451158565,,0.0,0.008961751125752926,True,0.002839639176952427,0.027518626158677253,0.026231591902687364,20.476071209243116,0.4147685442689,0.050372013882954265,0.41385591652565606,0.013121400775792123,0.6056392415325449,0.3943607584674551,True,0.00028809098876081407,0.8677811002927162
linear-extrapolation,test-0083,83,1.0,False,True,False,True,0.0,False,False,False,False,True,False,False,False,True,True,0.0,2.9586560403423686e-14,,0.0,0.008621599525213242,True,0.0024472577857326556,0.056879337566739456,0.07571427861874443,20.644121540673048,0.39902561833769945,0.04341160812212533,0.4404617404829259,0.01352429002583768,0.5802867154565039,0.4197132845434961,True,0.0002969367487821728,0.8677811002927162
learned-seed-11,test-0083,83,1.0,False,True,False,True,27.94368418295887,False,False,False,False,True,True,True,True,True,True,0.0,2.295287835411285,11,5.239687147176093,0.009839950129389763,True,0.003924600747196207,0.05353378474450695,0.07086066545598133,20.07007102644443,0.45541342685999586,0.06961801517859957,0.5228056466818533,0.01674756707056564,0.5018217134906111,0.4981782865093889,True,0.0003677064087241888,2.486642151061667
learned-seed-29,test-0083,83,0.0,False,False,False,True,2213.006888035196,False,False,False,False,False,True,True,True,True,True,0.0,6.993653571494207,29,31.312652377425625,0.012328708544373512,True,0.026040974390947456,0.28477354386497683,0.37857848121712484,19.090824141931886,0.5705983600650071,0.46193767651644063,0.667804757323841,0.13249057089260124,0.3636529524156782,0.6363470475843218,True,0.002908937865868211,9.109682425595222
learned-seed-47,test-0083,83,0.0,False,True,False,True,8.515206485380144,False,False,False,False,False,True,True,True,False,True,0.0,1.0030321548075365,47,3.0571116274899457,0.0060187228955328465,True,0.0007918429645461956,0.023089248635561343,0.030399393843401408,22.204956513107508,0.27855905600461794,0.014046406010656634,0.27734431687114247,0.01148679619554244,0.7357203055688064,0.2642796944311936,True,0.00025220192037522793,1.1270251142427454
analytic-oracle,test-0084,84,0.0,False,False,False,False,1.9249467296446113e-16,False,False,False,False,False,False,False,False,False,False,0.0,0.011954057444148484,,0.0,0.0,False,2.178639213479272e-14,0.0,0.0,120.0,0.0,2.704819320427487e-13,0.0,0.0,1.0,0.0,False,0.0,0.0
persistence,test-0084,84,1.0,False,True,False,True,0.0,False,False,False,False,True,False,True,False,False,True,0.0,0.5370080046271087,,0.0,0.011591569520533085,True,0.004937157153335083,0.03237944108806659,0.03274303924947047,19.358577557570776,0.49408390407152336,0.06129568390078258,0.4927456625289652,0.01145199602336378,0.5285213986304492,0.4714786013695508,True,0.000273584300884977,0.7577819540563853
linear-extrapolation,test-0084,84,1.0,False,True,False,True,0.0,False,False,False,False,True,False,False,False,False,True,0.0,3.0253322289596637e-14,,0.0,0.007504982408136129,True,0.00267338045843454,0.04527743034870254,0.0640319560685383,21.246503214164946,0.3198955069571519,0.033190493726949676,0.3657816692891833,0.00980006705208401,0.6500055851167517,0.34999441488324834,True,0.00023412027803715318,0.7577819540563853
learned-seed-11,test-0084,84,1.0,False,True,False,True,13.424692538082864,False,False,False,False,True,True,True,True,True,True,0.0,0.8867648715133758,11,3.3582539332315804,0.017321323975920677,True,0.018590593620272752,0.07192528051111888,0.09580865591715106,17.614189152366436,0.7383113527940077,0.23080552526191886,0.7361508056503712,0.027288718736121577,0.2956216997147031,0.7043783002852969,True,0.0006519182352349162,1.130114610806035
learned-seed-29,test-0084,84,1.0,False,True,False,True,1.7930447903415279,False,False,False,False,True,True,True,True,False,True,0.0,0.3447211862756083,29,1.1435712777633649,0.006937027908861637,True,0.0009042524874204147,0.024794709981259953,0.034062660782457344,21.588265582552285,0.2956867769970332,0.011226455410271265,0.29477855970134675,0.014882618845308906,0.7179441776749241,0.28205582232507587,True,0.00035554071655496955,0.6950424086020347
learned-seed-47,test-0084,84,0.0,False,True,False,True,3.5082398348770445,False,False,False,False,False,True,True,True,False,True,0.0,0.21908391671486438,47,0.6937429672995156,0.009739764966070652,True,0.004049680481712933,0.030325663277888413,0.041742208738558356,20.11451523118321,0.41515181275934104,0.050277503226439785,0.4139120599858392,0.02046367979466794,0.6039525175513006,0.39604748244869936,True,0.0004888703697361052,0.5055768175962945
analytic-oracle,test-0085,85,0.0,False,False,False,False,0.0,False,False,False,False,False,False,False,False,False,False,0.0,0.016061323910743074,,0.0,0.0,False,3.9898639947466563e-17,0.0,0.0,120.0,0.0,8.65109975483306e-16,0.0,0.0,1.0,0.0,False,0.0,0.0
persistence,test-0085,85,1.0,False,True,False,True,0.0,False,False,False,False,True,False,True,False,False,True,0.0,0.49717543097294875,,0.0,0.009124676696956158,True,0.004226105411560218,0.028690205937741,0.02810644187088618,20.39782514401938,0.45906086928164475,0.09163334774815737,0.4597529675999878,0.012440904735366421,0.5578737393644062,0.4421262606355938,True,0.0002495241933502257,0.7261823289568978
linear-extrapolation,test-0085,85,1.0,False,True,False,True,0.0,False,False,False,False,True,False,False,False,False,True,0.0,2.1919596118617556e-14,,0.0,0.007189789321273565,True,0.0008320963285494147,0.049728719853841176,0.06792197193932226,21.43283835340187,0.36171702794431493,0.018042089538363865,0.40443860528633513,0.011844900176116228,0.6110673757140377,0.3889326242859623,True,0.00023757027520332485,0.7261823289568978
learned-seed-11,test-0085,85,0.0,False,True,False,True,27.94730440952612,False,False,False,False,False,True,True,True,True,True,0.0,0.7925404559392124,11,4.319626184495467,0.010532854124903679,True,0.004129973151734592,0.05421182036305489,0.0724556141089876,19.774539305484982,0.5299060263919259,0.08954894143630306,0.5299661674818154,0.034287831393878594,0.490352479690839,0.509647520309161,True,0.0006877026753500104,1.1682388577893665
learned-seed-29,test-0085,85,1.0,False,True,False,True,15.807440637073213,False,False,False,False,True,True,True,True,False,True,0.0,1.0796233416945864,29,3.8601219311311947,0.006627785973250866,True,0.001025863341144991,0.029865600436462556,0.04034117470188033,21.78631524413369,0.33344273899678895,0.02224348025586065,0.337083843205007,0.012642463218649449,0.6758397887132888,0.32416021128671124,True,0.00025356680271215737,1.1927707995141448
learned-seed-47,test-0085,85,0.0,False,False,False,True,89.9399377883387,False,False,False,False,False,True,True,True,True,True,0.0,2.308289386093581,47,8.136150551400085,0.013584159314632416,True,0.01713986862017275,0.08773845661365998,0.11731526885431093,18.669672336769764,0.6834166503143855,0.37163851553106025,0.6834610864636688,0.049028644333165027,0.3427424818472664,0.6572575181527336,True,0.0009833555668592453,2.5516583852548416
analytic-oracle,test-0086,86,0.0,False,False,False,False,0.0,False,False,False,False,False,False,False,False,False,False,0.0,0.04539597591463338,,0.0,0.0,False,0.0,0.0,0.0,120.0,0.0,0.0,0.0,0.0,1.0,0.0,False,0.0,0.0
persistence,test-0086,86,1.0,False,True,False,True,0.0,False,False,False,False,True,False,True,False,False,True,0.0,0.6420586431028515,,0.0,0.009472395293414593,True,0.004588610214073327,0.023997816504677038,0.023127786033306775,20.235401866593126,0.34260956684066896,0.05165663532557024,0.3415897660802062,0.011016233447375715,0.6747913517499183,0.32520864825008167,True,0.0003080774622503668,0.9992060671019856
linear-extrapolation,test-0086,86,1.0,False,True,False,True,0.0,False,False,False,False,True,False,False,False,True,True,0.0,3.029355006250392e-14,,0.0,0.011693388223648071,True,0.004977253193970276,0.06227839714522898,0.07972824090269134,19.32059631384994,0.4229412466548018,0.05603181381050807,0.4736165549555385,0.01206102330829827,0.5490959773373717,0.4509040226626283,True,0.00033729581627994776,0.9992060671019856
learned-seed-11,test-0086,86,0.0,False,True,False,True,3.1210237578538518,False,False,False,False,False,True,True,True,False,True,0.0,0.7554458850348272,11,1.6154549795967383,0.009175528772175312,True,0.004426529805601506,0.030738210967838367,0.038857104578075424,20.373688986049405,0.3318721232373602,0.049832002558077876,0.33104835095959684,0.019438162718565043,0.6848272477351962,0.3151727522648038,True,0.0005436032079160213,0.9839793774541626
learned-seed-29,test-0086,86,1.0,False,True,False,True,4.873605231739191,False,False,False,False,True,True,True,True,False,True,0.0,0.8994130250982467,29,2.400068431240654,0.010885369032621384,True,0.004231071608751733,0.035322317977944766,0.045042634462737055,19.631568430478403,0.39371578715259303,0.047631616749517484,0.39639744297130297,0.010307827343116685,0.6226120059808308,0.3773879940191692,True,0.0002882663393393159,1.1080651211810018
learned-seed-47,test-0086,86,0.0,True,True,True,True,0.9740559682419998,False,False,False,False,False,True,True,True,False,True,0.0,0.28599603477903096,47,1.0897013015843584,0.003729942487552762,False,0.00097917057437874,0.011102957034846256,0.01334328604220122,24.28297864580331,0.1349092748366922,0.011023088674448789,0.1345464845855791,0.009544303964717218,0.871905763217149,0.12809423678285103,True,0.00026691381935961545,0.4740581486675793
analytic-oracle,test-0087,87,0.0,False,False,False,False,1.3389418819537017e-16,False,False,False,False,False,False,False,False,False,False,0.0,0.03403589206087776,,0.0,0.0,False,2.2551405187698492e-17,0.0,0.0,120.0,0.0,5.768629727579837e-16,0.0,0.0,1.0,0.0,False,0.0,0.0
persistence,test-0087,87,1.0,False,True,False,True,0.0,False,False,False,False,True,False,True,False,False,True,0.0,0.6438864025351211,,0.0,0.008911645971238613,True,0.002503029374308059,0.031037085444688646,0.029679708181056506,20.50042074839949,0.522439185574644,0.06402727252453141,0.5269832390210668,0.019766703391783245,0.5047261368934294,0.4952738631065706,True,0.00034689513267949224,0.9765930426403658
linear-extrapolation,test-0087,87,1.0,False,True,False,True,0.0,False,False,False,False,True,False,False,False,True,True,0.0,3.007908836557235e-14,,0.0,0.007707308977842331,True,0.0014159763948864298,0.06868939092095022,0.09033394518801535,21.13097230259845,0.45183574822782585,0.03622055236517527,0.48376163593003646,0.02295801271604287,0.5453470309702858,0.4546529690297142,True,0.000402900914195925,0.9765930426403658
learned-seed-11,test-0087,87,0.0,False,True,False,True,7.188861738185204,False,False,False,False,False,True,True,True,False,True,0.0,0.7591388813954285,11,1.6508610346205024,0.008485864847898483,True,0.0009679266371854904,0.04069012914521028,0.05268145507721325,20.71303889406466,0.49747805672944617,0.024759478741619136,0.4970622860465937,0.03859588346662882,0.5328467010218549,0.46715329897814506,True,0.0006773372297175229,1.0285762107573007
learned-seed-29,test-0087,87,1.0,False,True,False,True,4.0594472884619925,False,False,False,False,True,True,True,True,False,True,0.0,0.7223380541774386,29,2.1614438005044194,0.007089694496244192,True,0.0014285939072953098,0.034655091816934644,0.04522508871853034,21.493724787032452,0.41562851919217886,0.03654330722929201,0.41554505919370416,0.022994910194433144,0.6094589134485034,0.39054108655149655,True,0.00040354844531975687,0.9816008001936419
learned-seed-47,test-0087,87,0.0,True,True,True,True,4.620515959462674,False,False,False,False,False,True,True,True,False,True,0.0,0.7242591330973726,47,1.9347404480828982,0.0038519275840371847,False,0.0003339206375496664,0.014659677175929557,0.01878384735017529,24.143218861759244,0.22581663548930156,0.00854166070978216,0.22583583768990384,0.031094963923556426,0.787753045109437,0.212246954890563,True,0.0005457000806927681,0.8728348663920916
analytic-oracle,test-0088,88,0.0,False,False,False,False,2.704926525254073e-16,False,False,False,False,False,False,False,False,False,False,0.0,0.004301376576598125,,0.0,0.0,False,2.5222879340702775e-15,0.0,0.0,120.0,0.0,2.5488801111694565e-14,0.0,0.0,1.0,0.0,False,0.0,0.0
persistence,test-0088,88,1.0,False,True,False,True,0.0,False,False,False,False,True,False,True,False,False,True,0.0,0.45301478962781544,,0.0,0.010757154785096645,True,0.004234989481779049,0.028785427117885603,0.028261399409774863,19.683025822505886,0.39454549652945414,0.04279638464471082,0.39491346397459465,0.010073040130958033,0.6178867366827948,0.3821132633172052,True,0.00027645015507005155,0.6574625190452104
linear-extrapolation,test-0088,88,1.0,False,True,False,True,0.0,False,False,False,False,True,False,False,False,False,True,0.0,2.903195658828714e-14,,0.0,0.008916626684367657,True,0.004139839193042981,0.04758472168532571,0.06553619328103448,20.49799415741566,0.3270395353449412,0.04183485017731152,0.3776835643830026,0.009047084234921426,0.6345581691867891,0.3654418308132109,True,0.00024829324684105814,0.6574625190452104
learned-seed-11,test-0088,88,1.0,False,True,False,True,8.764217763395028,False,False,False,False,True,True,True,True,True,True,0.0,0.8104810744725031,11,2.8332028027281835,0.019380560144782066,True,0.02212873621462392,0.06332762288460156,0.08255144558147773,17.126336749492175,0.7108304080495103,0.22362036808284014,0.7106403725389596,0.021252230187673755,0.3123933809122164,0.6876066190877836,True,0.0005832581082358956,0.9491661020989695
learned-seed-29,test-0088,88,1.0,False,True,False,True,2.879904425855001,False,False,False,False,True,True,True,True,False,True,0.0,0.45521898844836944,29,1.8858287731459336,0.00875605084002018,True,0.0017501702555848334,0.02767153102049765,0.036943909749683465,20.576917254645302,0.32115001553190614,0.0176862208924013,0.32077024537570387,0.014478721245612076,0.6896267754409711,0.31037322455902894,True,0.00039736213511787355,0.6816723523602239
learned-seed-47,test-0088,88,1.0,False,True,False,True,14.245439050192482,False,False,False,False,True,True,True,True,False,True,0.0,0.8053734250130905,47,3.8823528459161256,0.015984144061803818,True,0.01054991930894283,0.045610669096928305,0.060649612052083926,17.963106148935868,0.5862583723532481,0.10661145834216147,0.58650115688156,0.021058624310837395,0.4325089128646516,0.5674910871353485,True,0.0005779446801170707,0.9794768226752628
analytic-oracle,test-0089,89,0.0,False,False,False,False,6.230270522152757e-16,False,False,False,False,False,False,False,False,False,False,0.0,0.03535011803440704,,0.0,0.0,False,3.434752482434078e-16,0.0,0.0,120.0,0.0,8.011985628562389e-15,0.0,0.0,1.0,0.0,False,0.0,0.0
persistence,test-0089,89,1.0,False,True,False,True,0.0,False,False,False,False,True,False,True,False,False,True,0.0,0.5969894557637717,,0.0,0.009271355345845222,True,0.003972980074631532,0.029390073479839313,0.028095755874422753,20.328567732777792,0.47472988436573016,0.09267468157692346,0.4739489021348832,0.017065009452992205,0.543326944764011,0.456673055235989,True,0.00033650611294433475,0.9086360048017476
linear-extrapolation,test-0089,89,1.0,False,True,False,True,0.0,False,False,False,False,True,False,False,False,True,True,0.0,1.7374967451249808e-14,,0.0,0.008504013530910015,True,0.001630947392170241,0.06657460733114795,0.08722379932406503,20.703760574693693,0.43543896329921905,0.03804386817925553,0.46988578403543657,0.019401687936489494,0.5472419586988484,0.4527580413011516,True,0.00038258323911577463,0.9086360048017476
learned-seed-11,test-0089,89,0.0,False,True,False,True,25.302449378707706,False,False,False,False,False,True,True,True,True,True,0.0,0.9393351962770334,11,4.096174099054399,0.0096677765250206,True,0.003436076226906043,0.05818716688768417,0.07597854348371909,20.146733970595996,0.4950282089935731,0.08015073426515665,0.49383938812680633,0.04431744519838532,0.5241614841686933,0.47583851583130665,True,0.0008738987962715328,1.296400011830265
learned-seed-29,test-0089,89,1.0,False,True,False,True,9.800928377598462,False,False,False,False,True,True,True,True,False,True,0.0,1.0704356009493925,29,3.085763981124427,0.007758728228509426,True,0.0018587188272408172,0.03751852634642664,0.048993231374259025,21.102094602630935,0.3972774224855922,0.04335691904308153,0.4039975324630425,0.015645956631948232,0.6107285265845134,0.3892714734154866,True,0.0003085237112827599,1.2337697423453484
learned-seed-47,test-0089,89,0.0,False,True,False,True,53.43402099441948,False,False,False,False,False,True,True,True,False,True,0.0,2.038638573966652,47,5.982764584764325,0.011452811770141125,True,0.007579743691968092,0.04951842035199874,0.06414782426277509,19.410878769621426,0.5864290391736579,0.1768069106545884,0.5849663980620552,0.044416960788619946,0.43635613246475174,0.5636438675352482,True,0.0008758611511439085,2.1425481448062103
analytic-oracle,test-0090,90,0.0,False,False,False,False,4.1027307307223176e-16,False,False,False,False,False,False,False,False,False,False,0.0,0.017871817844977336,,0.0,0.0,False,0.0,0.0,0.0,120.0,0.0,0.0,0.0,0.0,1.0,0.0,False,0.0,0.0
persistence,test-0090,90,1.0,False,True,False,True,0.0,False,False,False,False,True,False,True,False,False,True,0.0,0.45050460993386027,,0.0,0.014051580801606178,True,0.013044441284309191,0.035006715848763345,0.03592306006141589,18.52274814919355,0.5046758151033364,0.14780524496539396,0.501848659142048,0.010940500096270317,0.5185682910373687,0.4814317089626313,True,0.00031264781136997044,0.6235071270615731
linear-extrapolation,test-0090,90,1.0,False,True,False,True,0.0,False,False,False,False,True,False,False,False,False,True,0.0,2.9320619032605935e-14,,0.0,0.00818739552050829,True,0.0019299866199539648,0.04381810346165953,0.06322524478351266,20.868542290039755,0.29405805412396135,0.021868483204824006,0.34086298984500113,0.008819999910703903,0.6730045029835541,0.3269954970164459,True,0.0002520500565879047,0.6235071270615731
learned-seed-11,test-0090,90,1.0,False,True,False,True,65.31687521550059,False,False,False,False,True,True,True,True,True,True,0.0,2.7859955570137576,11,8.105127735798852,0.015355820767581463,True,0.003853014312108975,0.05190575470112038,0.07155282471186751,18.137269655898383,0.5515188270898372,0.043658115502537245,0.5594678547413738,0.020058767097269392,0.4632932448633708,0.5367067551366291,True,0.0005732214776799083,2.8823841870685087
learned-seed-29,test-0090,90,0.0,False,False,False,True,13843.763061704385,False,False,False,False,False,True,True,True,True,True,0.0,12.585433326174083,29,79.96002021318014,0.014014935120940208,True,0.02833049103545667,0.5254270899331221,0.757185823277892,18.534089083698298,0.5033596508210941,0.32100992876731915,0.641951868115632,0.12098119495905937,0.38416496824556773,0.6158350317544323,True,0.003457292215898633,16.16965351070993
learned-seed-47,test-0090,90,0.0,False,True,False,True,4.569015639766091,False,False,False,False,False,True,True,True,False,True,0.0,0.7589544663109479,47,1.8021985691398377,0.008603192865848541,True,0.0019191325130718685,0.024836464585058227,0.03367482874351518,20.65340341003172,0.30899180906158435,0.021745496417454387,0.307539618710166,0.017627552548471485,0.7049721633958912,0.2950278366041088,True,0.0005037444061599672,0.8798000280145076
analytic-oracle,test-0091,91,0.0,False,False,False,False,2.9449041963750175e-16,False,False,False,False,False,False,False,False,False,False,0.0,0.03100232368880758,,0.0,0.0,False,4.027811070783649e-17,0.0,0.0,120.0,0.0,1.3007853690504627e-15,0.0,0.0,1.0,0.0,False,0.0,0.0
persistence,test-0091,91,1.0,False,True,False,True,0.0,False,False,False,False,True,False,True,False,False,True,0.0,0.6140016376216864,,0.0,0.009634722024202347,True,0.0006790487051726353,0.03836222903706271,0.03870520337558164,20.16160810857675,0.6503980458140277,0.02192994172364126,0.6489194374995737,0.019996218443579586,0.3870165883120509,0.6129834116879491,True,0.00030252267606556416,0.8648817558438118
linear-extrapolation,test-0091,91,1.0,False,True,False,True,0.0,False,False,False,False,True,False,False,False,True,True,0.0,1.5776839986456862e-14,,0.0,0.005486816167831421,True,0.0004923617717965726,0.05333136944238086,0.07559796008095256,22.606795903112733,0.3703910195160832,0.015900869672820513,0.40077972285518254,0.019583670675498138,0.6214147586675088,0.37858524133249116,True,0.0002962812432087958,0.8648817558438118
learned-seed-11,test-0091,91,0.0,False,True,False,True,43.03600741343632,False,False,False,False,False,True,True,True,True,True,0.0,1.9539033208159728,11,5.680732633165757,0.010013312101364136,True,0.004869457402559194,0.07269704084336122,0.09963247040834211,19.99422247253394,0.6759550100660394,0.15725958425431077,0.6759911533636789,0.06767793291003048,0.36144405682097974,0.6385559431790202,True,0.0010238990653306246,1.8985568209008143
learned-seed-29,test-0091,91,0.0,True,True,True,True,33.973243191815406,False,False,False,False,False,True,True,True,False,True,0.0,1.4957042012231854,29,5.081471673477069,0.0034107237588614225,False,0.00043116086982184106,0.014327813653487979,0.01835249711876927,24.67153453521459,0.23024307935428975,0.013924380794310787,0.2300709540860774,0.028068759120704105,0.7826699737807162,0.21733002621928377,True,0.0004246520984452218,1.615874594468896
learned-seed-47,test-0091,91,0.0,False,True,False,True,448.1205905982534,False,False,False,False,False,True,True,True,True,True,0.0,4.297603249291602,47,11.846725245662547,0.010261544026434422,True,0.006451397774857937,0.07160925309949412,0.09783841266000226,19.88787287205779,0.6927120642466176,0.20834849718577278,0.6923600401928564,0.10560771944754188,0.3459816503738162,0.6540183496261838,True,0.001597738591954112,5.345103169750151
analytic-oracle,test-0092,92,0.0,False,False,False,False,4.64069989376067e-16,False,False,False,False,False,False,False,False,False,False,0.0,0.018557517139151332,,3.2762439979687534e-17,0.0,False,0.0,0.0,0.0,120.0,0.0,0.0,0.0,0.0,1.0,0.0,False,0.0,0.0
persistence,test-0092,92,1.0,False,True,False,True,0.0,False,False,False,False,True,False,True,False,False,True,0.0,0.5990443857574483,,0.0,0.011151795275509357,True,0.005265190497084199,0.02898039744116991,0.027811786723872783,19.526552119444787,0.39633937773704614,0.04800522277145403,0.3971902276754256,0.013739701495400998,0.6114300505613411,0.38856994943865886,True,0.0003814814845100045,0.9097296316285611
linear-extrapolation,test-0092,92,1.0,False,True,False,True,0.0,False,False,False,False,True,False,False,False,True,True,0.0,2.554733405583956e-14,,0.0,0.01132617611438036,True,0.005318956487166522,0.0643870947637799,0.08453064918201926,19.459166896714425,0.402536944268704,0.04849543263809781,0.44682456122489095,0.014324475113290344,0.562872938291455,0.437127061708545,True,0.000397717667510733,0.9097296316285611
learned-seed-11,test-0092,92,1.0,False,True,False,True,27.852230346629934,False,False,False,False,True,True,True,True,True,True,0.0,2.442301462941531,11,5.2884753945373255,0.012576478533446789,True,0.009025393534579984,0.058684700379075715,0.0765237112719137,19.004409461391575,0.44697320502433185,0.08228876570895027,0.5350007092601947,0.018402162889740482,0.47661049023401625,0.5233895097659838,True,0.0005109342746436596,2.6275607254918123
learned-seed-29,test-0092,92,0.0,False,False,False,True,4231.246652982223,False,False,False,False,False,True,True,True,True,True,0.0,9.895520427710215,29,43.48307227156866,0.015871182084083557,True,0.044211857178946455,0.414896453125216,0.5440351637849459,17.99390725830143,0.564068320458808,0.4031003349623141,0.6949177975786242,0.12286074309233982,0.3201641061274865,0.6798358938725135,True,0.0034112166613340378,12.886719470914665
learned-seed-47,test-0092,92,0.0,False,True,False,True,10.674158074466817,False,False,False,False,False,True,True,True,False,True,0.0,1.0825273919770466,47,3.4922395305368137,0.008519954048097134,True,0.002377547180984041,0.02632778426202051,0.033905226880882725,20.6956274757035,0.3028026611272964,0.021677217972642753,0.3025866240092404,0.01226681718153068,0.7039804582297896,0.2960195417702104,True,0.00034058699384331703,1.268612533514708
analytic-oracle,test-0093,93,0.0,False,False,False,False,3.363803701060129e-16,False,False,False,False,False,False,False,False,False,False,0.0,0.024830665342319036,,0.0,0.0,False,4.709774237277031e-16,0.0,0.0,120.0,0.0,1.2412254141067864e-14,0.0,0.0,1.0,0.0,False,0.0,0.0
persistence,test-0093,93,1.0,False,True,False,True,0.0,False,False,False,False,True,False,True,False,False,True,0.0,0.5744996823136654,,0.0,0.011832622811198235,True,0.006993209242060056,0.03977706894774388,0.04104474697387083,19.269189792792442,0.647812673104488,0.18430074564316806,0.6476605955130317,0.017319985002376772,0.3783001925252732,0.6216998074747269,True,0.00032107994775287807,0.7943767293892067
linear-extrapolation,test-0093,93,1.0,False,True,False,True,0.0,False,False,False,False,True,False,False,False,False,True,0.0,2.1133877710018148e-14,,0.0,0.006200697273015976,True,0.0007802662462903422,0.04987062104502744,0.0718101356606294,22.075594710184703,0.33947589977622356,0.020563327367156582,0.3739544154888251,0.015415066934423115,0.6410351506261297,0.3589648493738703,True,0.0002857663494069129,0.7943767293892067
learned-seed-11,test-0093,93,1.0,False,True,False,True,6.979278459159789,False,False,False,False,True,True,True,True,False,True,0.0,0.7577453445228177,11,1.7664724762130706,0.006530607584863901,True,0.0009920908062620126,0.02217313473779529,0.024535225024408736,21.85046411607239,0.35753783620511725,0.026145803594739697,0.3573903290935131,0.022883294447257226,0.6569352831867696,0.34306471681323036,True,0.0004242132417857647,0.8503609701101568
learned-seed-29,test-0093,93,1.0,False,True,False,True,9.114375591934179,False,False,False,False,True,True,True,True,False,True,0.0,0.8836842132506366,29,3.03963368347812,0.0062609585002064705,True,0.0008085357724641087,0.028915055165250343,0.041018472906313774,22.033591748590396,0.34277508266185447,0.02130834936956837,0.34580710147259713,0.016499054403196278,0.6680542094141018,0.33194579058589824,True,0.0003058614383917302,1.0523018570514422
learned-seed-47,test-0093,93,0.0,False,True,False,True,60.30290486429906,False,False,False,False,False,True,True,True,True,True,0.0,1.9528383267665146,47,6.504336806440821,0.010520304553210735,True,0.007382004491713521,0.05516567100156538,0.07778526729693634,19.77971687571599,0.5759658465609976,0.1945471506817433,0.5762290758379318,0.04876199714405626,0.44686845549711435,0.5531315445028857,True,0.0009039557189680636,2.126583185042116
analytic-oracle,test-0094,94,0.0,False,False,False,False,4.051429696164794e-16,False,False,False,False,False,False,False,False,False,False,0.0,0.024636425347653087,,0.0,0.0,False,0.0,0.0,0.0,120.0,0.0,0.0,0.0,0.0,1.0,0.0,False,0.0,0.0
persistence,test-0094,94,1.0,False,True,False,True,0.0,False,False,False,False,True,False,True,False,False,True,0.0,0.45334788406922627,,0.0,0.01049795188009739,True,0.0036787355367863756,0.028331155180585668,0.02832912328492708,19.78895422257159,0.42750804169125867,0.042616409262897274,0.42527090783295185,0.009624561048401328,0.5914687104289297,0.4085312895710703,True,0.00023893409525044262,0.649208325211125
linear-extrapolation,test-0094,94,1.0,False,True,False,True,0.0,False,False,False,False,True,False,False,False,False,True,0.0,1.430449832064202e-14,,0.0,0.007807118818163872,True,0.0031602301269405128,0.04380277431964527,0.06087835472144902,21.075092109670344,0.3179292604238197,0.036609769609120844,0.3674136261805507,0.00843889794309211,0.6470485995047576,0.35295140049524243,True,0.00020949947065673769,0.649208325211125
learned-seed-11,test-0094,94,0.0,False,False,False,True,173.44258317399684,False,False,False,False,False,True,True,True,True,True,0.0,2.3641000074723397,11,10.834300703559295,0.016939932480454445,True,0.02452408675390674,0.1178156132298598,0.1608855487782552,17.710883250221062,0.6898447853272158,0.2840999325589678,0.6961484261157631,0.0875171836659848,0.3312535397656297,0.6687464602343702,True,0.0021726537961512804,2.5035296034178027
learned-seed-29,test-0094,94,0.0,False,False,False,True,87.3835582351649,False,False,False,False,False,True,True,True,True,True,0.0,2.297594115817129,29,8.1609651601034,0.014248364605009556,True,0.023490698636869548,0.08396473696110367,0.1159104425754156,18.462349801311596,0.5802360802528437,0.27212862054626924,0.5780179014700098,0.04660065407849182,0.4447341815926354,0.5552658184073647,True,0.001156882382929325,2.667285208575889
learned-seed-47,test-0094,94,0.0,False,True,False,True,110.67485438369195,False,False,False,False,False,True,True,True,False,True,0.0,1.7283808752974918,47,7.9176223627976805,0.015195698477327824,True,0.003792562141407437,0.04786049677752468,0.05639503960527805,18.18279332577957,0.6188143527776385,0.04393503657900349,0.6164535391124026,0.024307499292470384,0.4078114569897547,0.5921885430102454,True,0.0006034446996636689,1.912488051916969
analytic-oracle,test-0095,95,0.0,False,False,False,False,3.9526036448048527e-16,False,False,False,False,False,False,False,False,False,False,0.0,0.005475468994938302,,0.0,0.0,False,0.0,0.0,0.0,120.0,0.0,0.0,0.0,0.0,1.0,0.0,False,0.0,0.0
persistence,test-0095,95,1.0,False,True,False,True,0.0,False,False,False,False,True,False,True,False,False,True,0.0,0.6490962663450272,,0.0,0.009215726517140865,True,0.003120741318579891,0.025639240029898865,0.02463958407001487,20.354704217093747,0.38346522779172515,0.03999265910974696,0.38346429111497216,0.012909951602594246,0.6335146931274469,0.3664853068725531,True,0.00031320712878368795,1.0034939680205712
linear-extrapolation,test-0095,95,1.0,False,True,False,True,0.0,False,False,False,False,True,False,False,False,True,True,0.0,3.010474488406883e-14,,0.0,0.0103084035217762,True,0.003921315126784225,0.06334522556721127,0.08170395679722117,19.86808589359524,0.42893138129638253,0.0502521045860793,0.47318059973587334,0.014018800899809789,0.5477708320737836,0.45222916792621637,True,0.0003401088179089129,1.0034939680205712
learned-seed-11,test-0095,95,1.0,False,True,False,True,2.674170445684507,False,False,False,False,True,True,True,True,False,True,0.0,0.3489415937386388,11,0.8852022647503129,0.00913285929709673,True,0.0012521223319030936,0.034611932442007796,0.04390922346347822,20.393932331399142,0.38001713312967234,0.01604609176844208,0.37906858199733917,0.014907257499534548,0.6377157695828689,0.3622842304171311,True,0.0003616635804064572,0.9576795146469264
learned-seed-29,test-0095,95,1.0,False,True,False,True,16.423986098315986,False,False,False,False,True,True,True,True,False,True,0.0,1.6586339189052306,29,4.095162353532765,0.008689255453646183,True,0.0013369823435693089,0.03226890454919023,0.04119760190723593,20.610174348546654,0.36155883268405287,0.01713358258301573,0.3626492293808668,0.013742263660774781,0.6534081081440424,0.3465918918559576,True,0.0003333997738081962,1.7492608038608328
learned-seed-47,test-0095,95,1.0,False,True,False,True,4.45588220713762,False,False,False,False,True,True,True,True,False,True,0.0,0.5154227315150214,47,1.1221298374914581,0.016293004155158997,True,0.0036238962539301466,0.049467720742961435,0.061089082995123015,17.879988317307966,0.6779498651732906,0.046440647505660015,0.6763529795608325,0.02321118898500765,0.35359449364165507,0.6464055063583449,True,0.0005631244857795537,1.0773518032830904
analytic-oracle,test-0096,96,0.0,False,False,False,False,1.7680642682602696e-16,False,False,False,False,False,False,False,False,False,False,0.0,0.021335793533824116,,3.502629065822897e-17,0.0,False,0.0,0.0,0.0,120.0,0.0,0.0,0.0,0.0,1.0,0.0,False,0.0,0.0
persistence,test-0096,96,1.0,False,True,False,True,0.0,False,False,False,False,True,False,True,False,False,True,0.0,0.5603264109537183,,0.0,0.010034735314548016,True,0.0026760817540344554,0.03575970599586827,0.03651962104431966,19.984940783780157,0.6196424669036035,0.06711905138271608,0.618400794047922,0.016081274700752383,0.4108875280207462,0.5891124719792538,True,0.0002611698873806745,0.781255560162706
linear-extrapolation,test-0096,96,1.0,False,True,False,True,0.0,False,False,False,False,True,False,False,False,False,True,0.0,2.698595618890451e-14,,0.0,0.005529317539185286,True,0.00104550196828193,0.04675927606365765,0.0669176853904392,22.573284685608037,0.3414340142392142,0.026222330548778202,0.3762911453617601,0.014495129997108652,0.641530526866056,0.35846947313394395,True,0.00023540991242043674,0.781255560162706
learned-seed-11,test-0096,96,1.0,False,True,False,True,31.415071897232625,False,False,False,False,True,True,True,True,True,True,0.0,1.4246544412169544,11,5.159077485185832,0.009184167720377445,True,0.0028567915519759723,0.07316206573703257,0.10392726718487015,20.369601938301038,0.5671201246793877,0.07165145036309518,0.567145466564928,0.04109219502961137,0.4597153318758506,0.5402846681241493,True,0.0006673627649433911,1.8481866601416455
learned-seed-29,test-0096,96,1.0,False,True,False,True,13.27227480075964,False,False,False,False,True,True,True,True,False,True,0.0,1.3869202734194128,29,3.452551487927879,0.006857345346361399,True,0.0013715929958733608,0.046641425223919765,0.0663559443882285,21.638439782519395,0.42343940857803386,0.03440104945501313,0.4235331624662402,0.024634618964282737,0.5965259574256913,0.40347404257430874,True,0.0004000815097242594,1.6489459117184553
learned-seed-47,test-0096,96,0.0,False,True,False,True,13.81300771086357,False,False,False,False,False,True,True,True,True,True,0.0,0.7704269737542796,47,3.7131813806793206,0.011550497263669968,True,0.0008067806464706305,0.05115042821147407,0.06646592317343873,19.373993184368413,0.7132403988820262,0.020234939229119654,0.7133279585426398,0.03043530311039524,0.3204562461211782,0.6795437538788218,True,0.0004942882223986089,1.1414623305540252
analytic-oracle,test-0097,97,0.0,False,False,False,False,6.353495859721203e-16,False,False,False,False,False,False,False,False,False,False,0.0,0.031174102274945183,,0.0,0.0,False,0.0,0.0,0.0,120.0,0.0,0.0,0.0,0.0,1.0,0.0,False,0.0,0.0
persistence,test-0097,97,1.0,False,True,False,True,0.0,False,False,False,False,True,False,True,False,False,True,0.0,0.5911718379645431,,0.0,0.011560453101992607,True,0.00746387239215474,0.03936984683581641,0.040105237994248,19.37025143784108,0.6301027367185672,0.19442192057350582,0.6289726018420844,0.018104482021897513,0.39451809310615404,0.605481906893846,True,0.00033523392630741,0.8248403138555626
linear-extrapolation,test-0097,97,1.0,False,True,False,True,0.0,False,False,False,False,True,False,False,False,True,True,0.0,2.3519919619675705e-14,,0.0,0.006394231226295233,True,0.0006356776487244425,0.05183170915833892,0.07413694955668895,21.94211662951978,0.3485177059544048,0.016558384553916186,0.3812241449357775,0.01662932168149845,0.6330137090969133,0.36698629090308665,True,0.000307918933685869,0.8248403138555626
learned-seed-11,test-0097,97,1.0,False,True,False,True,2.96540663744569,False,False,False,False,True,True,True,True,False,True,0.0,0.8184835608691129,11,1.5474682845795893,0.01172429509460926,True,0.001966289947604208,0.037478072547677564,0.04620503684982635,19.30913259122412,0.6390329479331589,0.05121870363424385,0.6370147684833937,0.029251812034115553,0.3867762830825107,0.6132237169174892,True,0.0005416448693722486,0.9400105215927851
learned-seed-29,test-0097,97,1.0,False,True,False,True,5.318987851209922,False,False,False,False,True,True,True,True,False,True,0.0,0.7948908411901084,29,2.511533846504334,0.006536031141877174,True,0.000643205393731556,0.027316106479379536,0.03734232533352162,21.846858872110765,0.3562465133018644,0.01675447025380154,0.3549460423031855,0.017526016586497304,0.6583103844130327,0.3416896155869673,True,0.000324522698065266,0.9625334815483271
learned-seed-47,test-0097,97,0.0,False,True,False,True,55.342927620014144,False,False,False,False,False,True,True,True,True,True,0.0,1.7333728297121072,47,5.660542227499019,0.0115308603271842,True,0.008102657355688665,0.06246806327498886,0.08628304573098115,19.381382884199795,0.6284897819122665,0.21106124570107399,0.6264963720610927,0.04675097497363957,0.3969018413414685,0.6030981586585316,True,0.0008656703284941614,1.9559848052542237
analytic-oracle,test-0098,98,0.0,False,False,False,False,0.0,False,False,False,False,False,False,False,False,False,False,0.0,0.015853803539565964,,1.5225681122105578e-17,0.0,False,0.0,0.0,0.0,120.0,0.0,0.0,0.0,0.0,1.0,0.0,False,0.0,0.0
persistence,test-0098,98,1.0,False,True,False,True,0.0,False,False,False,False,True,False,True,False,False,True,0.0,0.6445083006845824,,0.0,0.012220780365169048,True,0.010706769399813994,0.0314261961904067,0.030053629382861418,19.1290106107661,0.44105214863116143,0.14448742539011963,0.43943437470151786,0.01591073791708422,0.5763081411706631,0.4236918588293369,True,0.00044744432670995593,0.9774544161697236
linear-extrapolation,test-0098,98,1.0,False,True,False,True,0.0,False,False,False,False,True,False,False,False,True,True,0.0,2.725078938922295e-14,,0.0,0.011595054529607296,True,0.004334757785456745,0.06914129362503596,0.0909860365022828,19.357272046066868,0.4184694889333311,0.058497383171557095,0.4605836015656525,0.017105478418621842,0.5559165747417621,0.44408342525823785,True,0.0004810430109500885,0.9774544161697236
learned-seed-11,test-0098,98,1.0,False,True,False,True,25.593773409611472,False,False,False,False,True,True,True,True,True,True,0.0,2.634872518801922,11,5.038010230960577,0.015142887830734253,True,0.006257305933843462,0.05511301637438174,0.07202432990863679,18.197912946274556,0.5465120077979262,0.08444209364171669,0.5464123316227253,0.02075293276182162,0.47316261585189806,0.526837384148102,True,0.0005836173077113926,2.8109610709314525
learned-seed-29,test-0098,98,0.0,False,True,False,True,57.55649083141069,False,False,False,False,False,True,True,True,False,True,0.0,2.2030218359655565,29,7.54441259124929,0.008630126714706421,True,0.002663686321911973,0.024051668393804914,0.030751028468450087,20.639828275647716,0.31146422869435153,0.035946340518609156,0.3113606414632361,0.021033465094976344,0.6997936972102844,0.3002063027897156,True,0.0005915064830332994,2.2266334737527456
learned-seed-47,test-0098,98,0.0,False,True,False,True,30.864625601335966,False,False,False,False,False,True,True,True,True,True,0.0,1.707045257763982,47,5.602145188959597,0.01524687185883522,True,0.012665232944464089,0.05157660268594973,0.06699935788023785,18.168192496811002,0.5502648269835134,0.17091681269828524,0.5499986225814767,0.030744768584783252,0.4697048019663814,0.5302951980336186,True,0.0008646093192510307,1.9087976589711002
analytic-oracle,test-0099,99,0.0,False,False,False,False,0.0,False,False,False,False,False,False,False,False,False,False,0.0,0.011206109105372696,,0.0,0.0,False,3.920475055707584e-16,0.0,0.0,120.0,0.0,4.846241347178564e-15,0.0,0.0,1.0,0.0,False,0.0,0.0
persistence,test-0099,99,1.0,False,True,False,True,0.0,False,False,False,False,True,False,True,False,False,True,0.0,0.5308050785673819,,0.0,0.014058723114430904,True,0.012787951983780164,0.034683483433486775,0.03593549604431543,18.52054122384417,0.5023580690869183,0.15807651054763394,0.5003576578860639,0.010722645685070031,0.5185188658481258,0.4814811341518742,True,0.00030682908254675567,0.7328449070398055
linear-extrapolation,test-0099,99,1.0,False,True,False,True,0.0,False,False,False,False,True,False,False,False,False,True,0.0,2.7947172259565165e-14,,0.0,0.00809423252940178,True,0.0019419777437778467,0.04293715361179497,0.0619014889411956,20.91824323445131,0.28922989599510296,0.024005490925125016,0.33739514403938986,0.008523545468244612,0.6753334458879979,0.32466655411200207,True,0.00024390171165578067,0.7328449070398055
learned-seed-11,test-0099,99,1.0,False,True,False,True,39.36219291172143,False,False,False,False,True,True,True,True,False,True,0.0,2.587551261535277,11,6.086276786857546,0.015076547861099243,True,0.0027139409633041203,0.04579838020590023,0.06382004424223664,18.216980892690554,0.5387278354051936,0.033548008145130884,0.5381239110451118,0.019197100716741123,0.48217738467542076,0.5178226153245793,True,0.0005493260687217116,2.7178690700414507
learned-seed-29,test-0099,99,1.0,False,True,False,True,53.96122759568927,False,False,False,False,True,True,True,True,False,True,0.0,1.8487852913661804,29,7.347462005926912,0.007241239305585623,True,0.0014411963296167094,0.019492919038140846,0.026004500462487593,21.401870998916202,0.25875002770459954,0.017815150314047623,0.2585798751052984,0.015103828317686014,0.75117532514532,0.24882467485467996,True,0.0004321968590375036,1.8873402034481632
learned-seed-47,test-0099,99,0.0,False,True,False,True,67.34001377540386,False,False,False,False,False,True,True,True,True,True,0.0,2.1168539919157263,47,8.106192855672951,0.01648898422718048,True,0.018486712168533696,0.058641828190165134,0.08171477703501151,17.82806097425102,0.589198194611883,0.2285209511895933,0.5886108992921164,0.02923296543746855,0.4335950716480155,0.5664049283519845,True,0.0008365028770640492,2.320663170513412
analytic-oracle,test-0100,100,0.0,False,False,False,False,3.8905259397208526e-16,False,False,False,False,False,False,False,False,False,False,0.0,0.028648302905485888,,0.0,0.0,False,0.0,0.0,0.0,120.0,0.0,0.0,0.0,0.0,1.0,0.0,False,0.0,0.0
persistence,test-0100,100,1.0,False,True,False,True,0.0,False,False,False,False,True,False,True,False,False,True,0.0,0.5341964003951356,,0.0,0.009872999042272568,True,0.0001783385149498904,0.036104019719076494,0.03575173869754047,20.05550905114573,0.5912447791574104,0.004688316191655719,0.5913155526747454,0.01861495936060524,0.44090649290590855,0.5590935070940914,True,0.00031474549905397,0.7644059717392467
linear-extrapolation,test-0100,100,1.0,False,True,False,True,0.0,False,False,False,False,True,False,False,False,True,True,0.0,2.3484883549144484e-14,,0.0,0.006313633639365435,True,0.00048099805874243264,0.05511163581354379,0.07699866731828038,21.997206224783554,0.3780920985411312,0.012644890463457912,0.411995619252357,0.018695599828896035,0.6104549007154162,0.3895450992845838,True,0.0003161089844070375,0.7644059717392467
learned-seed-11,test-0100,100,0.0,False,False,False,True,138.47817363840446,False,False,False,False,False,True,True,True,True,True,0.0,2.6613261827955124,11,10.091838851565633,0.011402726173400879,True,0.01160533975510432,0.12006790363738518,0.16466226907072504,19.429913047580794,0.6828525242754401,0.30509114813930904,0.6983805665061376,0.11130601638861354,0.33967568001877274,0.6603243199812272,True,0.0018819846445694566,2.6838758182079046
learned-seed-29,test-0100,100,0.0,False,True,False,True,58.43593637335632,False,False,False,False,False,True,True,True,False,True,0.0,2.4501661096075216,29,7.254691329235187,0.008166888728737831,True,0.00636418977315044,0.04885604055636279,0.06789502148713207,20.879433614954156,0.48907432302498105,0.16730729180185583,0.48933022308070406,0.04322370755477101,0.5373344243833731,0.4626655756166269,True,0.0007308351923711598,2.605992070947306
learned-seed-47,test-0100,100,0.0,False,True,False,True,249.93469531071818,False,False,False,False,False,True,True,True,False,True,0.0,3.8523744662295556,47,10.008804172186018,0.009040647186338902,True,0.001881574148946438,0.03386975158398434,0.04057125921353818,20.438004788835805,0.5413993687470915,0.0494644387432802,0.5417739565179606,0.04687231479582203,0.48774846182934667,0.5122515381706534,True,0.0007925265817902982,4.028916429095179
analytic-oracle,test-0101,101,0.0,False,False,False,False,6.531760251052335e-16,False,False,False,False,False,False,False,False,False,False,0.0,0.0014683060865530615,,0.0,0.0,False,0.0,0.0,0.0,120.0,0.0,0.0,0.0,0.0,1.0,0.0,False,0.0,0.0
persistence,test-0101,101,1.0,False,True,False,True,0.0,False,False,False,False,True,False,True,False,False,True,0.0,0.46094064334935697,,0.0,0.008838679641485214,True,0.0014683924959076062,0.027246827703256402,0.026566413886272587,20.53612606847247,0.42059915944517995,0.02472196279363447,0.4202454754395412,0.011266890982148073,0.601678936890989,0.39832106310901105,True,0.000237501910305582,0.6741471464181126
linear-extrapolation,test-0101,101,1.0,False,True,False,True,0.0,False,False,False,False,True,False,False,False,False,True,0.0,2.2224390551527275e-14,,0.0,0.00744347320869565,True,0.0017615022226933215,0.04720669403243364,0.06453437305069036,21.28224370448865,0.35420658988880765,0.029656779458963417,0.40026348146992646,0.010513957723136286,0.620618460446097,0.37938153955390297,True,0.0002216303546447307,0.6741471464181126
learned-seed-11,test-0101,101,0.0,False,True,False,True,3.310302227899047,False,False,False,False,False,True,True,True,False,True,0.0,0.3209060228133069,11,1.1346670143404671,0.008469154126942158,True,0.001945695454119694,0.0304064227907677,0.040711643555023484,20.721599635000008,0.4030148451454662,0.032757870091647094,0.40229605686059716,0.01736791915174647,0.6186919255093095,0.3813080744906905,True,0.00036610933602787554,0.61022548312406
learned-seed-29,test-0101,101,1.0,True,True,True,True,52.098936092540384,False,False,False,False,True,True,True,True,False,True,0.0,0.7515227592315622,29,3.9368898337933795,0.004633925389498472,True,0.000871940377914506,0.016565834297899804,0.020964227148366554,23.340509630341664,0.22051089108454547,0.014680051580995238,0.21985114127597358,0.028415557675367617,0.7916186004687309,0.2083813995312691,True,0.0005989894852973521,1.0355397774698967
learned-seed-47,test-0101,101,0.0,False,True,False,True,7.204279339709537,False,False,False,False,False,True,True,True,False,True,0.0,0.5596020151358728,47,2.611423777407682,0.008258136920630932,True,0.0015131064394584169,0.02594326006601506,0.0346192612490948,20.831179207612067,0.3929733385853237,0.025474769997362763,0.39125400920856884,0.020584300701923762,0.6291579041258694,0.37084209587413064,True,0.0004339094739407301,0.6913487863079193
analytic-oracle,test-0102,102,0.0,False,False,False,False,7.621198620698468e-16,False,False,False,False,False,False,False,False,False,False,0.0,0.01378163419424264,,1.8180121123364174e-17,0.0,False,2.1206994493816467e-15,0.0,0.0,120.0,0.0,3.2458017413873317e-14,0.0,0.0,1.0,0.0,False,0.0,0.0
persistence,test-0102,102,1.0,False,True,False,True,0.0,False,False,False,False,True,False,True,False,False,True,0.0,0.5397696638094628,,0.0,0.00862736627459526,True,0.0016758408804635368,0.026994626021536954,0.026265461892590332,20.641217636105655,0.41541495198287465,0.025649307588978064,0.4139481409318141,0.011082038872842344,0.602532054142854,0.39746794585714595,True,0.00023146210878621787,0.7901677045423544
linear-extrapolation,test-0102,102,1.0,False,True,False,True,0.0,False,False,False,False,True,False,False,False,False,True,0.0,2.8163187924647824e-14,,0.0,0.007304408587515354,True,0.0018249151256576445,0.04722403827526283,0.06449815884809283,21.364149416155627,0.35171342517138465,0.027930938985582247,0.3965958565486985,0.010362915212132756,0.6191935055366461,0.3808064944633539,True,0.00021644232037942857,0.7901677045423544
learned-seed-11,test-0102,102,0.0,False,True,False,True,21.737386283839495,False,False,False,False,False,True,True,True,False,True,0.0,1.064615362659527,11,3.7391456233731746,0.012418543919920921,True,0.002431828393227599,0.045261736140862825,0.059657430285086514,19.059293224053967,0.5979633484882023,0.03721995040737529,0.5955872633622683,0.03256258921393991,0.42812438868695485,0.5718756113130452,True,0.0006801100098527968,1.1370758582813891
learned-seed-29,test-0102,102,0.0,False,True,False,True,4.659544648202365,False,False,False,False,False,True,True,True,False,True,0.0,0.594755870598343,29,1.312187267290766,0.010346018709242344,True,0.0035002088075589627,0.034372153684218566,0.045752990956029416,19.85226740568985,0.49816951413894384,0.053571871516762036,0.49622951577818464,0.02055320485054508,0.5235264836168693,0.47647351638313074,True,0.00042927914182655513,0.8714330087266994
learned-seed-47,test-0102,102,1.0,False,True,False,True,27.194466162102344,False,False,False,False,True,True,True,True,False,True,0.0,1.9005551629720019,47,5.185683633806044,0.005525142885744572,True,0.0005997537751163981,0.01846124809131918,0.022868908670251556,22.576564862061083,0.2660402831555659,0.009179432984924123,0.2652291896992657,0.010353717079911255,0.7453301735482675,0.25466982645173253,True,0.00021625020599458367,1.9200904135559305
analytic-oracle,test-0103,103,0.0,False,False,False,False,0.0,False,False,False,False,False,False,False,False,False,False,0.0,0.02015720506268793,,0.0,0.0,False,0.0,0.0,0.0,120.0,0.0,0.0,0.0,0.0,1.0,0.0,False,0.0,0.0
persistence,test-0103,103,1.0,False,True,False,True,0.0,False,False,False,False,True,False,True,False,False,True,0.0,0.47845213569013884,,0.0,0.009454469196498394,True,0.004241835759403193,0.026826133845489295,0.026048415901965306,20.24362848786451,0.37802219383567787,0.05453812502140708,0.380278397098736,0.009832924706245673,0.6367119510532334,0.3632880489467666,True,0.00025098692276515067,0.6995679932962756
linear-extrapolation,test-0103,103,1.0,False,True,False,True,0.0,False,False,False,False,True,False,False,False,False,True,0.0,2.5230194254658067e-14,,0.0,0.008399598300457,True,0.0023079772453631813,0.046736178719791584,0.06392254722603087,20.757414829936423,0.33584482755025347,0.02967412193533151,0.3872809002898821,0.00899332789405324,0.6300223106701263,0.36997768932987374,True,0.00022955608437769115,0.6995679932962756
learned-seed-11,test-0103,103,0.0,False,True,False,True,17.9432605173268,False,False,False,False,False,True,True,True,False,True,0.0,0.8092505415108115,11,2.880828426449088,0.011206538416445255,True,0.0022483729381284003,0.042532662421514655,0.057559980862524215,19.505285157544172,0.448075946882076,0.02890777751650795,0.4481729985687692,0.031537759602087406,0.571850792780121,0.42814920721987904,True,0.0008050061878748238,1.0963399634272954
learned-seed-29,test-0103,103,1.0,False,True,False,True,10.757454903338392,False,False,False,False,True,True,True,True,False,True,0.0,0.9825113296406869,29,3.2774672474549407,0.008135354146361351,True,0.0015575645783941754,0.026000096598124703,0.034690825856771,20.8962353670834,0.32527943749361377,0.020025917202727422,0.32623083530868063,0.013233547314877362,0.6883447375139932,0.31165526248600683,True,0.00033778834040276706,1.0926969840629428
learned-seed-47,test-0103,103,0.0,False,True,False,True,23.58513694694041,False,False,False,False,False,True,True,True,False,True,0.0,0.8464911873429732,47,4.0093925985660865,0.007851608097553253,True,0.002842904513170876,0.02203278746672679,0.02899126174751067,21.050413857553828,0.31393429461638395,0.03655178808362208,0.3140095144872193,0.020805421950240786,0.7000200254889459,0.29997997451105407,True,0.0005310616106726229,0.922227941190558
analytic-oracle,test-0104,104,0.0,False,False,False,False,1.1591160524515544e-15,False,False,False,False,False,False,False,False,False,False,0.0,0.012297808784593888,,0.0,0.0,False,0.0,0.0,0.0,120.0,0.0,0.0,0.0,0.0,1.0,0.0,False,0.0,0.0
persistence,test-0104,104,1.0,False,True,False,True,0.0,False,False,False,False,True,False,True,False,False,True,0.0,0.4893410607450785,,0.0,0.010496030561625957,True,0.001350350933122995,0.03053743783937928,0.030493189243188158,19.789749134175207,0.4632160863751665,0.019052976633986453,0.46128644167262933,0.011181506532861957,0.5527983454053801,0.4472016545946199,True,0.00025469280080869794,0.6964927186804186
linear-extrapolation,test-0104,104,1.0,False,True,False,True,0.0,False,False,False,False,True,False,False,False,False,True,0.0,1.755886644327673e-14,,0.0,0.007251027040183544,True,0.0017790935181916587,0.04484801700588146,0.06299852344418501,21.396004753194386,0.32000596301941525,0.025102383684356633,0.36526718454355894,0.009737946670570544,0.645885778249419,0.35411422175058105,True,0.00022181133681442589,0.6964927186804186
learned-seed-11,test-0104,104,0.0,False,False,False,True,138.5675542842219,False,False,False,False,False,True,True,True,True,True,0.0,2.3772267767783735,11,9.84823353356626,0.015300335362553596,True,0.021049229420236126,0.11701388459577758,0.1610928323478168,18.15299049933364,0.6752420760645848,0.29699722232920467,0.6814060099452429,0.08871694736724178,0.3393998445016258,0.6606001554983743,True,0.002020798157900572,2.4873587901134147
learned-seed-29,test-0104,104,0.0,False,True,False,True,73.10118270528673,False,False,False,False,False,True,True,True,True,True,0.0,2.5675587228312535,29,8.001442153625842,0.012191979214549065,True,0.016364371793218535,0.06736635060328829,0.09405067800658484,19.13925786409194,0.5380625431463995,0.230895529271768,0.5365779817813074,0.038569175092017925,0.4798057354524656,0.5201942645475344,True,0.0008785302052274346,2.8092377541012623
learned-seed-47,test-0104,104,0.0,False,True,False,True,92.87545031682035,False,False,False,False,False,True,True,True,False,True,0.0,1.6790509227633654,47,5.7145797457446985,0.012694492004811764,True,0.006140165929845131,0.04218538177240878,0.056258224699062186,18.96384673594614,0.5602396897059739,0.08663558125558997,0.5587205465732896,0.028262279428666614,0.45833926534326935,0.5416607346567306,True,0.0006437593256123364,1.8665298540401054
analytic-oracle,test-0105,105,0.0,False,False,False,False,8.449966595547611e-16,False,False,False,False,False,False,False,False,False,False,0.0,0.0019583630046839857,,0.0,0.0,False,3.5041414214731503e-16,0.0,0.0,120.0,0.0,4.3097433396056554e-15,0.0,0.0,1.0,0.0,False,0.0,0.0
persistence,test-0105,105,1.0,False,True,False,True,0.0,False,False,False,False,True,False,True,False,False,True,0.0,0.47950886778926044,,0.0,0.013943028636276722,True,0.012495665266642263,0.03466560252064788,0.035803644402920255,18.556428806742616,0.5018720624258147,0.15368418017276606,0.4993998404759889,0.010695026304709587,0.5161670232617114,0.4838329767382886,True,0.0003031431697309017,0.6639894631017292
linear-extrapolation,test-0105,105,1.0,False,True,False,True,0.0,False,False,False,False,True,False,False,False,False,True,0.0,3.2993245881467265e-14,,0.0,0.008058667182922363,True,0.0020672446632904054,0.043432822065064006,0.062491597166955355,20.937367799028653,0.2900675330303617,0.025425040965400506,0.3381582960411018,0.008584905845588131,0.6723824844910414,0.32761751550895857,True,0.00024333325563929975,0.6639894631017292
learned-seed-11,test-0105,105,1.0,False,True,False,True,52.29539718599924,False,False,False,False,True,True,True,True,True,True,0.0,2.6747453846132108,11,7.137157803686526,0.015749402344226837,True,0.0036562927118616757,0.05093577055793156,0.07043079619353529,18.027359220984533,0.5668915443454027,0.04496874203202103,0.5669180829532496,0.021177284023374283,0.45075340156176363,0.5492465984382364,True,0.0006002555601298809,2.8322096031264863
learned-seed-29,test-0105,105,1.0,False,True,False,True,140.17115987599942,False,False,False,False,True,True,True,True,False,True,0.0,2.5254388715639817,29,11.646446526562132,0.008640456013381481,True,0.0031146713346816464,0.02559257662525157,0.034461275898011394,20.634633363556993,0.31100871932894986,0.03830734101496861,0.31104303533885513,0.020130845287485502,0.6986525315301003,0.3013474684698997,True,0.0005705949733965099,2.4541092075834157
learned-seed-47,test-0105,105,0.0,False,False,False,True,81.47163521339581,False,False,False,False,False,True,True,True,True,True,0.0,2.1665389547904166,47,9.050964263915718,0.01724965311586857,True,0.02408125329670167,0.07247912256391022,0.10164573949477791,17.63219634003976,0.6208922904215304,0.2961753209183712,0.6208969878610321,0.03830656807145739,0.3984570808066088,0.6015429191933912,True,0.0010857733432203531,2.3880449124114
analytic-oracle,test-0106,106,0.0,False,False,False,False,3.36790097459412e-16,False,False,False,False,False,False,False,False,False,False,0.0,0.004120182330024727,,0.0,0.0,False,8.257283745649602e-16,0.0,0.0,120.0,0.0,1.2956748954473095e-14,0.0,0.0,1.0,0.0,False,0.0,0.0
persistence,test-0106,106,1.0,False,True,False,True,0.0,False,False,False,False,True,False,True,False,False,True,0.0,0.5741501175980668,,0.0,0.009350387379527092,True,0.004268830775100073,0.02699040383453573,0.025788761547477303,20.291703962605293,0.4020984135060248,0.06698349043805225,0.4023516360498211,0.013434077808490765,0.6098176197849022,0.39018238021509777,True,0.00031023265910334885,0.875650724993891
linear-extrapolation,test-0106,106,1.0,False,True,False,True,0.0,False,False,False,False,True,False,False,False,True,True,0.0,2.5891347450201847e-14,,0.0,0.009534516371786594,True,0.002458338745232416,0.06133791872734343,0.08028275426882782,20.207013311854887,0.4100165855199584,0.03857452274643252,0.45298666718987346,0.014367132261488603,0.560714061597693,0.439285938402307,True,0.0003317796508781612,0.875650724993891
learned-seed-11,test-0106,106,1.0,False,True,False,True,33.66868293064289,False,False,False,False,True,True,True,True,True,True,0.0,2.531111618340158,11,5.811340244874929,0.011591928079724312,True,0.0028612584815027294,0.05742321113016172,0.07494815595988355,19.358443220396218,0.49849227643109983,0.044896855891890214,0.5234735667307788,0.015605911647418846,0.49235906121328443,0.5076409387867156,True,0.00036038673715665936,2.6901104379377463
learned-seed-29,test-0106,106,0.0,False,False,False,True,1487.351859252135,False,False,False,False,False,True,True,True,True,True,0.0,5.56782492957154,29,25.48358368405771,0.012275630608201027,True,0.018055853392949125,0.21605726336367315,0.2826110623016395,19.10956188603985,0.5278938071754281,0.2833197535381637,0.6037744131790139,0.1307547161060628,0.4144869399313425,0.5855130600686576,True,0.0030195137951523066,7.184689234275523
learned-seed-47,test-0106,106,0.0,False,True,False,True,1.8624934345736852,False,False,False,False,False,True,True,True,False,True,0.0,0.658305031545852,47,1.5908564220742063,0.007726707961410284,True,0.0018580374265955608,0.02743732357973547,0.03566264640172308,21.12005502035395,0.33227468411737415,0.02915501662044435,0.33245212885254455,0.013971630569271991,0.6776029936977812,0.3223970063022188,True,0.00032264634501188993,0.893885319408452
analytic-oracle,test-0107,107,0.0,False,False,False,False,6.700315084678897e-16,False,False,False,False,False,False,False,False,False,False,0.0,0.030626864666067264,,0.0,0.0,False,0.0,0.0,0.0,120.0,0.0,0.0,0.0,0.0,1.0,0.0,False,0.0,0.0
persistence,test-0107,107,1.0,False,True,False,True,0.0,False,False,False,False,True,False,True,False,False,True,0.0,0.4985435839259596,,0.0,0.011649672873318195,True,0.004506369012072289,0.03200582902037901,0.03199044324483393,19.33686269599975,0.47366215030483283,0.052333171577126435,0.4728061493363472,0.011618190469352412,0.5465506483594619,0.4534493516405381,True,0.00028663332341238856,0.7073808242020101
linear-extrapolation,test-0107,107,1.0,False,True,False,True,0.0,False,False,False,False,True,False,False,False,False,True,0.0,3.077859040988645e-14,,0.0,0.007926689460873604,True,0.003156049952408679,0.0465341589263138,0.0655199658880922,21.009081555659982,0.32228997463399384,0.036651704115423116,0.369498027691748,0.010095456804079611,0.6456293106076141,0.3543706893923859,True,0.0002490658371243626,0.7073808242020101
learned-seed-11,test-0107,107,0.0,False,True,False,True,18.284598629417513,False,False,False,False,False,True,True,True,False,True,0.0,1.1446809086813428,11,3.8159990233649634,0.013197462074458599,True,0.0022008106928384247,0.041816341064477805,0.05670375195574512,18.795095773570868,0.5365934591238026,0.025558360464609062,0.5364567172797228,0.028551113778243657,0.4855059500068956,0.5144940499931043,True,0.0007043868536129594,1.148048269392097
learned-seed-29,test-0107,107,0.0,False,True,False,True,32.74473263052794,False,False,False,False,False,True,True,True,True,True,0.0,1.036152390069512,29,4.070319557732106,0.012072606012225151,True,0.010656180376627937,0.05084792625592846,0.07114186682625823,19.181989722749137,0.49085811985593164,0.12375189748396302,0.49074298739203304,0.05035168532174633,0.5293481487763906,0.4706518512236094,True,0.001242230529896915,1.3470907152919682
learned-seed-47,test-0107,107,1.0,False,True,False,True,209.01934621466805,False,False,False,False,True,True,True,True,False,True,0.0,2.9805998234066453,47,9.570279591068747,0.010055691935122013,True,0.002698070998059939,0.031239003463987013,0.04186824916017933,19.97588040107894,0.4088527391787788,0.03133312254067011,0.4088316798641294,0.02574789247957711,0.6079059876342222,0.3920940123657778,True,0.0006352283526211977,3.250213993656684
analytic-oracle,test-0108,108,0.0,False,False,False,False,0.0,False,False,False,False,False,False,False,False,False,False,0.0,0.0072532351011223685,,0.0,0.0,False,2.983724378680108e-16,0.0,0.0,120.0,0.0,4.837218409993241e-15,0.0,0.0,1.0,0.0,False,0.0,0.0
persistence,test-0108,108,1.0,False,True,False,True,0.0,False,False,False,False,True,False,True,False,False,True,0.0,0.48169765036982387,,0.0,0.012274414300918579,True,0.008657402566205827,0.03371461082845706,0.0339718882752667,19.109992219706,0.5039606227421376,0.14035393944295468,0.504828788782195,0.013246766845678512,0.5106077692105363,0.4893922307894637,True,0.0003215864999219775,0.6860934144221867
linear-extrapolation,test-0108,108,1.0,False,True,False,True,0.0,False,False,False,False,True,False,False,False,True,True,0.0,2.364128584866653e-14,,0.0,0.008186914958059788,True,0.001730323237685391,0.050080097350432964,0.06998245029476656,20.868797208400963,0.3361368338603304,0.028052026120031395,0.38039990839325033,0.011793281456752427,0.6312318871319361,0.3687681128680639,True,0.0002863008121494204,0.6860934144221867
learned-seed-11,test-0108,108,1.0,False,True,False,True,50.8725775884564,False,False,False,False,True,True,True,True,True,True,0.0,2.6036471525692457,11,7.099716757925167,0.013706873171031475,True,0.0032575203024568433,0.05356895804233459,0.07289339145854905,18.630616057097868,0.5627742529925496,0.05281096769716199,0.5650690312730428,0.021332316478076867,0.4522095413142788,0.5477904586857212,True,0.0005178761784918606,2.706997040962858
learned-seed-29,test-0108,108,0.0,False,False,False,True,10509.551922144936,False,False,False,False,False,True,True,True,True,True,0.0,11.888096359980642,29,69.75241280982137,0.01250366773456335,True,0.02133076786009335,0.49090584879977844,0.6853570891943683,19.029625755329302,0.5133732676433893,0.3458147264854922,0.648028552628158,0.13174688580924612,0.3717867403105062,0.6282132596894938,True,0.0031983668450266123,15.227601073327596
learned-seed-47,test-0108,108,0.0,False,True,False,True,3.8609632412644834,False,False,False,False,False,True,True,True,False,True,0.0,0.8109097687479737,47,2.0628297748687854,0.008380496874451637,True,0.0014218872228564227,0.02511676604624521,0.03367662149715456,20.767302315564304,0.34408488423118616,0.023051656850348285,0.3439727777054445,0.021488906925452005,0.666545155995959,0.333454844004041,True,0.0005216776626184583,0.9969539738579101
analytic-oracle,test-0109,109,0.0,False,False,False,False,0.0,False,False,False,False,False,False,False,False,False,False,0.0,0.02038520523765134,,0.0,0.0,False,6.643990912991171e-16,0.0,0.0,120.0,0.0,1.0303854425737098e-14,0.0,0.0,1.0,0.0,False,0.0,0.0
persistence,test-0109,109,1.0,False,True,False,True,0.0,False,False,False,False,True,False,True,False,False,True,0.0,0.5829367975199505,,0.0,0.011218585073947906,True,0.002617126565831318,0.03399565149113704,0.033299137076985834,19.50061914321049,0.5139644076269322,0.04058779053313704,0.5124670895214248,0.015399452701707486,0.5184400595733067,0.48155994042669326,True,0.00034430131199769676,0.8448419505566658
linear-extrapolation,test-0109,109,1.0,False,True,False,True,0.0,False,False,False,False,True,False,False,False,True,True,0.0,2.5650789573311696e-14,,0.0,0.00828668661415577,True,0.00191321083744461,0.05591613929040994,0.07716321519766038,20.81619084990784,0.3796434174863196,0.02967109108506696,0.4182476488960013,0.014851377544160091,0.6069770781299265,0.3930229218700735,True,0.0003320474352221936,0.8448419505566658
learned-seed-11,test-0109,109,1.0,False,True,False,True,17.95164062238592,False,False,False,False,True,True,True,True,True,True,0.0,1.595280635532788,11,4.027070178415002,0.010788689367473125,True,0.0014156309301425235,0.056527507712520145,0.07749741245582441,19.67031311113814,0.49426931322213324,0.021954357276795913,0.502109101164696,0.025798750551095144,0.5281733524188333,0.47182664758116666,True,0.0005768090486526489,1.9452954983195143
learned-seed-29,test-0109,109,1.0,False,True,False,True,3.856044423237306,False,False,False,False,True,True,True,True,False,True,0.0,0.6343094434889143,29,1.8952208983608396,0.009025073610246181,True,0.0026419089195052125,0.034868908852588906,0.04689761221590307,20.445492472180543,0.41347162599421194,0.04097212845281065,0.411811779150126,0.02112686543414634,0.6130247973196835,0.3869752026803165,True,0.00047235493548214436,0.9678115775671361
learned-seed-47,test-0109,109,0.0,True,True,True,True,1.741792226626596,False,False,False,False,False,True,True,True,False,True,0.0,0.38956446966809927,47,0.9237913761649531,0.003903245786204934,False,0.0004595680479575917,0.012182185316573337,0.012656552196179612,24.085741004657013,0.1788219632962293,0.007127225679397136,0.1781753255730451,0.021024646761759944,0.8325705183359386,0.16742948166406135,True,0.0004700695280916989,0.45132076084541684
analytic-oracle,test-0110,110,0.0,False,False,False,False,0.0,False,False,False,False,False,False,False,False,False,False,0.0,0.01943426657169334,,0.0,0.0,False,8.716985466783456e-17,0.0,0.0,120.0,0.0,1.503972632339209e-15,0.0,0.0,1.0,0.0,False,0.0,0.0
persistence,test-0110,110,1.0,False,True,False,True,0.0,False,False,False,False,True,False,True,False,False,True,0.0,0.48155775273366347,,0.0,0.01267107855528593,True,0.009512634845439025,0.035355502713849775,0.03687797191710653,18.971864166340712,0.5437617026650803,0.16412488610303677,0.5427074134174644,0.011384749809813913,0.47535886362364305,0.524641136376357,True,0.0002662341285031289,0.6547070626635813
linear-extrapolation,test-0110,110,1.0,False,True,False,True,0.0,False,False,False,False,True,False,False,False,False,True,0.0,2.6364762335752535e-14,,0.0,0.006539496127516031,True,0.0009323617316625401,0.0399565117901065,0.05872896886394366,21.84455713062524,0.28063337571105246,0.016086369917722013,0.32512805132541167,0.008849458850787775,0.6856951902663924,0.31430480973360764,True,0.00020694595878012478,0.6547070626635813
learned-seed-11,test-0110,110,1.0,False,True,False,True,49.23517863578578,False,False,False,False,True,True,True,True,False,True,0.0,2.5974392238641895,11,6.965727178036939,0.01277764793485403,True,0.0021110459018088374,0.04542407134580042,0.06386935075402028,18.935490822436808,0.5483349792834102,0.03642262883230304,0.5475275695479508,0.019461789253424722,0.47069916646954385,0.5293008335304561,True,0.0004551169404294342,2.708613108724872
learned-seed-29,test-0110,110,0.0,False,False,False,True,3967.799643873661,False,False,False,False,False,True,True,True,True,True,0.0,7.564555601874365,29,42.59285874083946,0.012188984081149101,True,0.01872732200969236,0.3069771386428372,0.4501154795221884,19.140324901434916,0.5230732892077498,0.3231091744606748,0.6229893098017151,0.12975152588940222,0.39774948459516263,0.6022505154048374,True,0.0030342594254761934,9.653305006285377
learned-seed-47,test-0110,110,0.0,False,True,False,True,5.517359573955892,False,False,False,False,False,True,True,True,False,True,0.0,0.9279862208186803,47,2.391068431027233,0.007119578309357166,True,0.0006333287209147618,0.020734792124333882,0.027399684827352912,21.475457287427435,0.30552679528124566,0.010927046593799953,0.30495666749184797,0.020993459558006817,0.7051950855600356,0.29480491443996437,True,0.0004909352865070105,1.1065606857333308
analytic-oracle,test-0111,111,0.0,False,False,False,False,3.6680242397334947e-16,False,False,False,False,False,False,False,False,False,False,0.0,0.03003428643297563,,0.0,0.0,False,0.0,0.0,0.0,120.0,0.0,0.0,0.0,0.0,1.0,0.0,False,0.0,0.0
persistence,test-0111,111,1.0,False,True,False,True,0.0,False,False,False,False,True,False,True,False,False,True,0.0,0.47645254171173157,,0.0,0.008882849477231503,True,0.002016908172423418,0.029657242619539226,0.02981433075376657,20.514476970896904,0.5118089866308844,0.04788535435844829,0.5102253262902482,0.011386666339487563,0.5168813493778265,0.4831186506221735,True,0.00019939026969950646,0.6706424560656451
linear-extrapolation,test-0111,111,1.0,False,True,False,True,0.0,False,False,False,False,True,False,False,False,False,True,0.0,2.6690441277843876e-14,,0.0,0.005587439984083176,True,0.0013002059037496303,0.041019050105237376,0.05828268529159447,22.527871286871182,0.3219352082284492,0.03086943733545787,0.36540879113675634,0.009941577189253691,0.6540042349856919,0.34599576501430807,True,0.00017408552230335772,0.6706424560656451
learned-seed-11,test-0111,111,0.0,False,True,False,True,14.906367558902376,False,False,False,False,False,True,True,True,False,True,0.0,1.0662701044196743,11,3.5224114509168363,0.005734770558774471,True,0.0001788600188892224,0.01931042775647064,0.020826349645751665,22.41483953011446,0.3304240509501204,0.004246487520935648,0.32991895661002474,0.017374751145321877,0.6876086056115538,0.3123913943884462,True,0.0003042467578779906,1.2217964543288855
learned-seed-29,test-0111,111,1.0,False,True,False,True,6.930543957440054,False,False,False,False,True,True,True,True,False,True,0.0,0.5892098290838012,29,2.682596226258803,0.007221219129860401,True,0.000839603696808603,0.029687377289950412,0.04117686773040022,21.41389476021061,0.4160697369201956,0.019933837887143424,0.4161777061692808,0.02001025096188529,0.6059325136103554,0.3940674863896446,True,0.00035039661452174187,0.882592720203764
learned-seed-47,test-0111,111,0.0,False,True,False,True,3.038690526331796,False,False,False,False,False,True,True,True,False,True,0.0,0.25650343901886546,47,1.134018360982877,0.0074758026748895645,True,0.0001385624901774022,0.025112934130084617,0.0338684944539706,21.263421704202237,0.43073824464716476,0.0032897451820830727,0.4309288855558358,0.02416708208928155,0.5919650182448587,0.4080349817551413,True,0.0004231862840242684,0.6139372749263272
analytic-oracle,test-0112,112,0.0,False,False,False,False,0.0,False,False,False,False,False,False,False,False,False,False,0.0,0.02491022815436011,,1.0471159388759558e-17,0.0,False,6.452087128461237e-16,0.0,0.0,120.0,0.0,6.384245746587804e-15,0.0,0.0,1.0,0.0,False,0.0,0.0
persistence,test-0112,112,1.0,False,True,False,True,0.0,False,False,False,False,True,False,True,False,False,True,0.0,0.4685764728835857,,0.0,0.011871613562107086,True,0.001856761165199444,0.029419755676324415,0.030105670269816243,19.25490248737553,0.42406153410094605,0.018372379875442008,0.4229557685950495,0.008461021067803071,0.5964444238565322,0.4035555761434678,True,0.00024035238311626017,0.653416727413321
linear-extrapolation,test-0112,112,1.0,False,True,False,True,0.0,False,False,False,False,True,False,False,False,False,True,0.0,3.731488925336803e-14,,0.0,0.007793193683028221,True,0.003087662775614667,0.03879182388211115,0.05538998332399599,21.082845301736064,0.2783778002443825,0.03055197109034802,0.32801736576177204,0.006751771755860735,0.6870281791763606,0.3129718208236394,True,0.00019179770606569946,0.653416727413321
learned-seed-11,test-0112,112,0.0,False,False,False,True,121.28283712300994,False,False,False,False,False,True,True,True,True,True,0.0,2.0980351405922817,11,9.060520843205815,0.01927289552986622,True,0.03380102148687468,0.11666726088975254,0.16247957800561516,17.150530327148125,0.6884400003592882,0.33445615869940604,0.6903667897009678,0.07425525552521418,0.34129904766748426,0.6587009523325158,True,0.0021093704272061586,2.302251328429704
learned-seed-29,test-0112,112,0.0,False,True,False,True,81.70057988375443,False,False,False,False,False,True,True,True,True,True,0.0,2.5022657399447352,29,8.817674605828376,0.013051889836788177,True,0.01916746359148393,0.05222362946113855,0.07414473371948328,18.843266004891973,0.4662217480504454,0.18965924586947097,0.4644994243584745,0.026967253313935135,0.556806298119639,0.443193701880361,True,0.00076605926733464,2.711979824182987
learned-seed-47,test-0112,112,0.0,False,True,False,True,64.31441316060351,False,False,False,False,False,True,True,True,False,True,0.0,1.4286991411784054,47,5.428488446177716,0.014165167696774006,True,0.010138000486263263,0.04188329563361087,0.056856353466479805,18.487782796431926,0.5059887363133633,0.1003140304752321,0.5042857743165936,0.02258850206040272,0.5188448738474786,0.48115512615252143,True,0.0006416719988919795,1.6085321071368106
analytic-oracle,test-0113,113,0.0,False,False,False,False,7.622021638521213e-16,False,False,False,False,False,False,False,False,False,False,0.0,0.000369708801086375,,0.0,0.0,False,0.0,0.0,0.0,120.0,0.0,0.0,0.0,0.0,1.0,0.0,False,0.0,0.0
persistence,test-0113,113,1.0,False,True,False,True,0.0,False,False,False,False,True,False,True,False,False,True,0.0,0.4674290027629672,,0.0,0.009802564047276974,True,0.00292305621884086,0.030126435507309084,0.030773645091579004,20.086603114569215,0.4961792199914147,0.052642521164252366,0.49643221063068466,0.010886019709905602,0.5221882168461239,0.47781178315387607,True,0.00021456209651660174,0.6545887205108624
linear-extrapolation,test-0113,113,1.0,False,True,False,True,0.0,False,False,False,False,True,False,False,False,False,True,0.0,1.5143017441177168e-14,,0.0,0.00603477144613862,True,0.0017791166304525795,0.04015792641096994,0.057188572696642154,22.193391732154165,0.30546377198150604,0.03204084282354757,0.3499480909577422,0.009168192577364287,0.6631779369445324,0.3368220630554676,True,0.00018070393707603216,0.6545887205108624
learned-seed-11,test-0113,113,0.0,False,True,False,True,12.294143830746144,False,False,False,False,False,True,True,True,False,True,0.0,1.0446159793769887,11,3.269792250047611,0.008403180167078972,True,0.0005733945365515455,0.025660984915320883,0.02689499873827152,20.755563249335744,0.42534620132441764,0.01032649794120322,0.4240346256085176,0.01756640310370992,0.5918702770644336,0.4081297229355664,True,0.0003462316235527396,1.1880497496801001
learned-seed-29,test-0113,113,1.0,False,True,False,True,5.060112566475954,False,False,False,False,True,True,True,True,False,True,0.0,0.49438191874231174,29,2.3015939882110623,0.007533335126936436,True,0.0008752572330876988,0.02944605146985685,0.04087014003367083,21.230127121715753,0.38131700330543433,0.01576286734411681,0.38040112285998223,0.018342191191381238,0.6338671525835311,0.3661328474164689,True,0.0003615223104134202,0.7820312970206964
learned-seed-47,test-0113,113,0.0,False,True,False,True,3.9364296576026225,False,False,False,False,False,True,True,True,False,True,0.0,0.20607377488848394,47,0.90191464984789,0.009947121143341064,True,0.0019851479094952916,0.032226201002504215,0.04380222614270963,20.02302592869154,0.5034963083392566,0.035751344830862695,0.5026330911724,0.022788101740473778,0.516219922031013,0.48378007796898703,True,0.00044915065518580377,0.5332412857083446
analytic-oracle,test-0114,114,0.0,False,False,False,False,2.248669636739646e-16,False,False,False,False,False,False,False,False,False,False,0.0,0.03230823414871283,,0.0,0.0,False,9.107298248878237e-18,0.0,0.0,120.0,0.0,2.4555343744220276e-16,0.0,0.0,1.0,0.0,False,0.0,0.0
persistence,test-0114,114,1.0,False,True,False,True,0.0,False,False,False,False,True,False,True,False,False,True,0.0,0.4968522824078423,,0.0,0.009423458017408848,True,0.0027477559830794396,0.03132807986971115,0.03191303118643556,20.257896999357236,0.5387033758427787,0.07408573964080316,0.5415724197736037,0.01210541241255048,0.48895184703799144,0.5110481529620086,True,0.00021292846940923482,0.691600193981225
linear-extrapolation,test-0114,114,1.0,False,True,False,True,0.0,False,False,False,False,True,False,False,False,False,True,0.0,2.97679313557387e-14,,0.0,0.005566158797591925,True,0.0008665954026688201,0.0407100950028334,0.05841329131078174,22.54444407787432,0.31819620029084045,0.0233653795211054,0.3600293767589938,0.01024925860172895,0.6602627067278238,0.33973729327217617,True,0.00018027960322797298,0.691600193981225
learned-seed-11,test-0114,114,1.0,False,True,False,True,216.35863270277153,False,False,False,False,True,True,True,True,True,True,0.0,4.002492305426805,11,14.336278858270214,0.014596766792237759,True,0.004391398632981763,0.12276899786843828,0.16611835741790035,18.357433305026078,0.8344418294050421,0.11840207710782737,0.8341247348192911,0.06051573045665686,0.21288845313148874,0.7871115468685113,True,0.0010644430294632912,4.331081127568895
learned-seed-29,test-0114,114,1.0,False,True,False,True,16.993819956197207,False,False,False,False,True,True,True,True,False,True,0.0,1.1672708572727175,29,4.034483120676239,0.008098451420664787,True,0.0012024206350142188,0.030570727564953014,0.041832668724659794,20.91598018622239,0.4629577710593401,0.03241999022218749,0.46457602517861923,0.014516178723974286,0.5616085477964052,0.43839145220359477,True,0.00025533270672895014,1.2671035546660876
learned-seed-47,test-0114,114,0.0,False,False,False,True,1046.3129702932265,False,False,False,False,False,True,True,True,True,True,0.0,3.1355368374290307,47,17.305371173746344,0.012073940597474575,True,0.01650330103718365,0.19976184550468115,0.2836017557422216,19.181509651607357,0.6902214184611181,0.44496646404690465,0.733535711486897,0.1595174438398421,0.3078080478253282,0.6921919521746718,True,0.0028058362659066916,5.3872928658869785
analytic-oracle,test-0115,115,0.0,False,False,False,False,6.424720618182811e-16,False,False,False,False,False,False,False,False,False,False,0.0,0.04053101280124251,,0.0,0.0,False,8.456776945386935e-17,0.0,0.0,120.0,0.0,2.2920531323736644e-15,0.0,0.0,1.0,0.0,False,0.0,0.0
persistence,test-0115,115,1.0,False,True,False,True,0.0,False,False,False,False,True,False,True,False,False,True,0.0,0.5878858257992532,,0.0,0.007785491179674864,True,0.0017513427953889152,0.02893839287450064,0.027524317861464254,21.08713982981115,0.4885308777699131,0.047466910454826323,0.4875828997608569,0.016298828668310273,0.5372830372101635,0.46271696278983654,True,0.0002641094906721264,0.8784891049738474
linear-extrapolation,test-0115,115,1.0,False,True,False,True,0.0,False,False,False,False,True,False,False,False,True,True,0.0,2.2351275992446936e-14,,0.0,0.0066161006689071655,True,0.0012046792674653426,0.05832208305565624,0.0780580534586628,21.793978952907178,0.415152929032065,0.032650605618795986,0.44884791075934194,0.017876059291592084,0.574042604605307,0.425957395394693,True,0.00028966725221835077,0.8784891049738474
learned-seed-11,test-0115,115,1.0,False,True,False,True,21.47901276311196,False,False,False,False,True,True,True,True,True,True,0.0,1.9546321764482288,11,4.466415013119347,0.007665560115128756,True,0.0019321377753989488,0.055024198569045696,0.07324263946441262,21.15456106168741,0.4810053373919922,0.05236702432711519,0.5275769189647066,0.021161637022843904,0.4993286481107093,0.5006713518892907,True,0.00034290741314180195,2.240645809041168
learned-seed-29,test-0115,115,0.0,False,False,False,True,2558.999847545706,False,False,False,False,False,True,True,True,True,True,0.0,7.718949062222595,29,34.181141901002455,0.009198260493576527,True,0.01564020932723943,0.31129228786553087,0.41599259598678656,20.36294295422895,0.5771805746327898,0.4238989748811298,0.6796555435652623,0.15401110906247714,0.35500578667537463,0.6449942133246254,True,0.0024956269189715385,9.950155703720787
learned-seed-47,test-0115,115,0.0,False,True,False,True,4.623206791252942,False,False,False,False,False,True,True,True,False,True,0.0,0.8502566800707458,47,2.3224345274090155,0.006110390182584524,True,0.0005533834990535912,0.028521557036330678,0.03782510714807223,22.139310567405914,0.38342016072251733,0.014998437236795871,0.3825093899023056,0.01642662961327717,0.636997968507514,0.363002031492486,True,0.00026618040283210576,1.0297655466203128
analytic-oracle,test-0116,116,0.0,False,False,False,False,4.376867955181734e-16,False,False,False,False,False,False,False,False,False,False,0.0,0.007224740179180774,,1.5908756072369242e-17,0.0,False,7.629747528214992e-15,0.0,0.0,120.0,0.0,1.6933642311651855e-13,0.0,0.0,1.0,0.0,False,0.0,0.0
persistence,test-0116,116,1.0,False,True,False,True,0.0,False,False,False,False,True,False,True,False,False,True,0.0,0.6168350197924785,,0.0,0.008308402262628078,True,0.0017917547386772895,0.02716120842815484,0.026077775238892643,20.80482484668185,0.4560215318364209,0.039766628899274785,0.4547800042904561,0.014808966168341084,0.5683773658410421,0.43162263415895785,True,0.00027380947722122073,0.9355636817380293
linear-extrapolation,test-0116,116,1.0,False,True,False,True,0.0,False,False,False,False,True,False,False,False,True,True,0.0,2.1239993957549278e-14,,0.0,0.007714483886957169,True,0.0014334709168788294,0.05961676867549373,0.07840749117335133,21.126931237219253,0.42342325855859625,0.03181479292835879,0.46229356155863327,0.016150430587314166,0.5612463984515358,0.4387536015484642,True,0.00029861240182071924,0.9355636817380293
learned-seed-11,test-0116,116,0.0,False,True,False,True,6.3299263242477,False,False,False,False,False,True,True,True,False,True,0.0,0.9657896869980963,11,2.5324157035024597,0.010771886445581913,True,0.0028914392693022654,0.03480066098284595,0.04163086656990568,19.6770823345558,0.5912342713325045,0.06417328774138815,0.591139959010172,0.019509849614292814,0.43896085171407057,0.5610391482859294,True,0.00036072617513127625,1.1669541387556819
learned-seed-29,test-0116,116,1.0,False,True,False,True,1.2000880844794635,False,False,False,False,True,True,True,True,False,True,0.0,0.29873604455149805,29,0.9437560139999907,0.007074848283082247,True,0.0006911494681344663,0.0355394290022648,0.04649293217087473,21.502828689523188,0.3883157133680856,0.015339534937423537,0.3884194728340842,0.018338085035907125,0.6313588230756797,0.3686411769243203,True,0.00033906090538948774,0.8379996801172876
learned-seed-47,test-0116,116,0.0,False,True,False,True,2.1276076172314258,False,False,False,False,False,True,True,True,False,True,0.0,0.2594465775111303,47,0.6068409917121921,0.00621588621288538,True,0.0015621683876973795,0.022326613797135252,0.028862051478494372,22.064969442663926,0.34117004243656573,0.03467113506706838,0.341312193019128,0.018807202961040825,0.6760674030703459,0.32393259692965415,True,0.0003477346326690167,0.5281665847735467
analytic-oracle,test-0117,117,0.0,False,False,False,False,6.734890143298482e-16,False,False,False,False,False,False,False,False,False,False,0.0,0.016211706013114585,,0.0,0.0,False,3.369700352084948e-16,0.0,0.0,120.0,0.0,3.5374236628947802e-15,0.0,0.0,1.0,0.0,False,0.0,0.0
persistence,test-0117,117,1.0,False,True,False,True,0.0,False,False,False,False,True,False,True,False,False,True,0.0,0.49726224503566074,,0.0,0.009609141387045383,True,0.0042551392190278495,0.025147347760232315,0.024486151108340553,20.173154164446064,0.3432124922685407,0.04466934323399825,0.3418554660501847,0.008378546029317209,0.6697194325384409,0.3302805674615591,True,0.0002367724518990144,0.731137089696705
linear-extrapolation,test-0117,117,1.0,False,True,False,True,0.0,False,False,False,False,True,False,False,False,False,True,0.0,1.916606891497745e-14,,0.0,0.009101123549044132,True,0.003614449116731254,0.04541776072976761,0.06165103592830479,20.409049899833484,0.3250674716809212,0.03794354541329838,0.37706109549085853,0.007596808122526016,0.6357058319842226,0.3642941680157774,True,0.00021468102931976318,0.731137089696705
learned-seed-11,test-0117,117,0.0,False,True,False,True,46.74490608391005,False,False,False,False,False,True,True,True,False,True,0.0,1.059397861552281,11,2.412026128221134,0.011797488667070866,True,0.011174253274711797,0.04104039784914479,0.055126772923263394,19.282104311777193,0.42137432730399815,0.1173044004482109,0.4185562086966007,0.030360025056627056,0.5956157035600006,0.4043842964399994,True,0.0008579552522860467,1.6545898305753115
learned-seed-29,test-0117,117,1.0,False,True,False,True,7.965621452375894,False,False,False,False,True,True,True,True,False,True,0.0,0.8443581788832843,29,2.9026101546776992,0.008458390831947327,True,0.001859540423091202,0.025660263574204565,0.03402395614678262,20.72712251532868,0.30211080065152823,0.019520971028424438,0.3009898939061253,0.010889112519843775,0.7092013355582388,0.29079866444176117,True,0.000307719485135749,0.9606809141396649
learned-seed-47,test-0117,117,0.0,True,True,True,True,1.4405744268567326,False,False,False,False,False,True,True,True,False,True,0.0,0.15365721536073212,47,0.36649902535570655,0.005943239200860262,True,0.0007754583133626962,0.018838148720582183,0.024854396834690658,22.259767900979877,0.21227639974423732,0.008140559398940065,0.2107163135050537,0.010952288596449889,0.7964183390075142,0.20358166099248576,True,0.0003095048014074564,0.5030703356656295
analytic-oracle,test-0118,118,0.0,False,False,False,False,6.600991540321639e-16,False,False,False,False,False,False,False,False,False,False,0.0,0.021213395425819147,,0.0,0.0,False,0.0,0.0,0.0,120.0,0.0,0.0,0.0,0.0,1.0,0.0,False,0.0,0.0
persistence,test-0118,118,1.0,False,True,False,True,0.0,False,False,False,False,True,False,True,False,False,True,0.0,0.6484410959905738,,0.0,0.009312321431934834,True,0.0040336251240708386,0.03830981143826941,0.0370581925860203,20.309420419611147,0.6176817068647658,0.15143150603934089,0.6200315870015841,0.025730945882852303,0.41666089754732605,0.583339102452674,True,0.0004015243612229824,0.958865179226613
linear-extrapolation,test-0118,118,1.0,False,True,False,True,0.0,False,False,False,False,True,False,False,False,True,True,0.0,2.884593679992735e-14,,0.0,0.006634085904806852,True,0.0008389388051984635,0.07176152621953932,0.09689339284252875,21.78218909099016,0.44003565975677283,0.03149568014834128,0.46635844274123117,0.029264707172539175,0.5612399092028815,0.43876009079711853,True,0.00045666773803532124,0.958865179226613
learned-seed-11,test-0118,118,1.0,False,True,False,True,24.130125446785744,False,False,False,False,True,True,True,True,True,True,0.0,2.381552542064928,11,4.607576125354584,0.009200922213494778,True,0.001446603640955411,0.052830684548523944,0.07037708165966462,20.361686408979807,0.6102926514189897,0.05430880690538476,0.6105288775366836,0.03811857794662237,0.4256012517588437,0.5743987482411563,True,0.0005948299658484757,2.5875644685736607
learned-seed-29,test-0118,118,1.0,False,True,False,True,36.07125424904011,False,False,False,False,True,True,True,True,False,True,0.0,1.9931774765760082,29,5.984039421720068,0.005277691408991814,True,0.0005522110889647823,0.0214697851863877,0.028041926621585476,22.77556006933335,0.35006667903797356,0.02073126636249424,0.35008165889568604,0.028385224518331264,0.670635617657926,0.329364382342074,True,0.0004429436521604657,2.0636042155202285
learned-seed-47,test-0118,118,0.0,False,True,False,True,14.601915398186526,False,False,False,False,False,True,True,True,False,True,0.0,0.8047749236171564,47,3.2677160217968138,0.005948931910097599,True,0.0011925506405491997,0.03168984714083783,0.0421034517592501,22.255610018664484,0.3945897317987971,0.04477107663001914,0.39427037378392127,0.03772798481592285,0.6290619207337169,0.3709380792662831,True,0.0005887348670512438,1.081950867309112
analytic-oracle,test-0119,119,0.0,False,False,False,False,3.794673619316983e-16,False,False,False,False,False,False,False,False,False,False,0.0,0.009223023400726725,,4.189736478936449e-17,0.0,False,0.0,0.0,0.0,120.0,0.0,0.0,0.0,0.0,1.0,0.0,False,0.0,0.0
persistence,test-0119,119,1.0,False,True,False,True,0.0,False,False,False,False,True,False,True,False,False,True,0.0,0.46843413260514233,,0.0,0.011016784235835075,True,0.0036740238158953233,0.03909195680095804,0.041244057612984567,19.579451561595498,0.6739237838053405,0.10051315991840658,0.6715024133126789,0.016454838215867146,0.3595800532566739,0.640419946743326,True,0.00027029355987906456,0.6346527284707584
linear-extrapolation,test-0119,119,1.0,False,True,False,True,0.0,False,False,False,False,True,False,False,False,False,True,0.0,2.3691289515185335e-14,,0.0,0.005229140166193247,True,0.0008766966660206017,0.04378229618015288,0.0641974480523506,22.81569716826222,0.31987936328883876,0.023984480397329366,0.354396335883619,0.013795552282894029,0.6620079421115436,0.33799205788845643,True,0.00022661109687760472,0.6346527284707584
learned-seed-11,test-0119,119,1.0,False,True,False,True,42.03632385446902,False,False,False,False,True,True,True,True,True,True,0.0,2.1537563371735793,11,6.335563324225197,0.009679798036813736,True,0.0017165115361114456,0.05271162076969386,0.073729983950345,20.141337038912305,0.5921370501404343,0.04695995648817402,0.5960651970453827,0.03019055772578057,0.4315254358295149,0.5684745641704851,True,0.0004959218204021454,2.3035445183601984
learned-seed-29,test-0119,119,0.0,False,False,False,True,20854.1829182132,False,False,False,False,False,True,True,True,True,True,0.0,16.259274326712987,29,99.46720840039261,0.008665327914059162,True,0.013908148253859252,0.6744302626300779,0.9869638900618691,20.62214998031215,0.5300794179812792,0.38049615344379445,0.6807318176293893,0.15791538862776894,0.3507778590965347,0.6492221409034653,True,0.00259397947229445,20.63434019050812
learned-seed-47,test-0119,119,0.0,False,True,False,True,45.60427374895697,False,False,False,False,False,True,True,True,False,True,0.0,1.8311557971030423,47,6.918160967497207,0.005099204834550619,True,0.0005219860144206525,0.019697330769176416,0.02620437220661144,22.924975421160163,0.311930899519732,0.01428038204750972,0.3119468748657895,0.022978410592084,0.7024925048254866,0.29750749517451336,True,0.0003774522920139134,1.9266215743044592
analytic-oracle,test-0120,120,0.0,False,False,False,False,1.5495847504358798e-16,False,False,False,False,False,False,False,False,False,False,0.0,0.017180964019081153,,0.0,0.0,False,0.0,0.0,0.0,120.0,0.0,0.0,0.0,0.0,1.0,0.0,False,0.0,0.0
persistence,test-0120,120,1.0,False,True,False,True,0.0,False,False,False,False,True,False,True,False,False,True,0.0,0.5985252134034432,,0.0,0.00963529571890831,True,0.0037592393358605873,0.027637764316057162,0.026206168953556548,20.16134951779755,0.3928507961195721,0.05564575193811064,0.3912473316077579,0.013389891804668097,0.6179458686874412,0.38205413131255883,True,0.0003302895638626069,0.9069703888141963
linear-extrapolation,test-0120,120,1.0,False,True,False,True,0.0,False,False,False,False,True,False,False,False,True,True,0.0,2.407042338038576e-14,,0.0,0.009777612052857876,True,0.002788686171631291,0.06050890282062142,0.07984835404950719,20.097671982693107,0.39865332535416426,0.04127923898314653,0.4405344217529458,0.013944749341521987,0.5698168850776008,0.43018311492239925,True,0.00034397628041915596,0.9069703888141963
learned-seed-11,test-0120,120,1.0,False,True,False,True,95.72732484577237,False,False,False,False,True,True,True,True,True,True,0.0,2.93397793426941,11,9.44644473483975,0.018064698204398155,True,0.010624871115762656,0.11477007166781097,0.1495030238088447,17.431692895213327,0.7365348483628781,0.15727355713753136,0.7341309106108226,0.04527572938507544,0.2831190792521328,0.7168809207478672,True,0.0011168201453983784,3.3166942908167827
learned-seed-29,test-0120,120,1.0,False,True,False,True,9.88950825405686,False,False,False,False,True,True,True,True,False,True,0.0,1.1253137458661748,29,3.1503451329107737,0.011310823261737823,True,0.003528011288099989,0.04617276754422994,0.06034816633822344,19.46505783667133,0.4611654953590702,0.05222302264708658,0.4604197030644408,0.016242608664068722,0.5503988513592631,0.44960114864073686,True,0.0004006577655673027,1.3832678869308244
learned-seed-47,test-0120,120,0.0,False,False,False,True,1570.9659638769003,False,False,False,False,False,True,True,True,True,True,0.0,4.244526576757066,47,21.06990569325822,0.015919437631964684,True,0.0259962099776056,0.2633719451652444,0.34651348409438965,17.980722781591766,0.6490681687351245,0.3848062127743507,0.7253505509230178,0.13757076453523998,0.2916931254426871,0.7083068745573129,True,0.0033934693783521652,8.118928359855602
analytic-oracle,test-0121,121,0.0,False,False,False,False,1.3935671299165252e-16,False,False,False,False,False,False,False,False,False,False,0.0,0.025916516994286678,,3.1096325285253994e-17,0.0,False,0.0,0.0,0.0,120.0,0.0,0.0,0.0,0.0,1.0,0.0,False,0.0,0.0
persistence,test-0121,121,1.0,False,True,False,True,0.0,False,False,False,False,True,False,True,False,False,True,0.0,0.6311406750962305,,0.0,0.010009688325226307,True,0.004107532382654274,0.028567146642042705,0.027261314409380833,19.99579445072299,0.4302860873636227,0.06491494388638522,0.42953630222219064,0.015295352814068979,0.5842087161540694,0.41579128384593056,True,0.00035887377453036606,0.9658520332269198
linear-extrapolation,test-0121,121,1.0,False,True,False,True,0.0,False,False,False,False,True,False,False,False,True,True,0.0,2.8027862353128764e-14,,0.0,0.009948952123522758,True,0.0030540398535075937,0.06674272021159672,0.08702186042664176,20.02222659046941,0.4276752225950879,0.04826567565344895,0.4678151189161671,0.01713406231254809,0.5471548088243497,0.45284519117565025,True,0.0004020152846351266,0.9658520332269198
learned-seed-11,test-0121,121,1.0,False,True,False,True,110.93430580713643,False,False,False,False,True,True,True,True,True,True,0.0,3.5049342783584594,11,10.24466372374019,0.01809229515492916,True,0.009825434419998124,0.12674227073334754,0.1628407291402483,17.42506335854737,0.7777327965370281,0.15527997459666537,0.7777066400105332,0.052722690886181346,0.24717971302408112,0.7528202869759189,True,0.001237028744071722,3.884118105707592
learned-seed-29,test-0121,121,1.0,False,True,False,True,9.274998113392948,False,False,False,False,True,True,True,True,False,True,0.0,1.057482751427073,29,3.197348332898392,0.011714912950992584,True,0.003950008746383052,0.047636108716226186,0.06121335021137211,19.312609341301027,0.5035885128195602,0.0624254594327732,0.5070168202289055,0.01780888919391034,0.5092075488757909,0.4907924511242091,True,0.00041784869972616434,1.3243634796318784
learned-seed-47,test-0121,121,0.0,False,False,False,True,1081.7226569997667,False,False,False,False,False,True,True,True,True,True,0.0,3.8438985078346763,47,17.583245511099204,0.015528131276369095,True,0.022091569163579322,0.2316530072462159,0.3010496273715033,18.088808060353486,0.6675071824303274,0.34913248126098917,0.7339375570465279,0.14327440800523064,0.28954819993476133,0.7104518000652387,True,0.0033616372384130955,7.052775406535945
analytic-oracle,test-0122,122,0.0,False,False,False,False,0.0,False,False,False,False,False,False,False,False,False,False,0.0,0.02307478851012342,,0.0,0.0,False,0.0,0.0,0.0,120.0,0.0,0.0,0.0,0.0,1.0,0.0,False,0.0,0.0
persistence,test-0122,122,1.0,False,True,False,True,0.0,False,False,False,False,True,False,True,False,False,True,0.0,0.5785126747986894,,0.0,0.010341816581785679,True,0.005050975320064078,0.030024285406506847,0.02960514527837431,19.854031689643303,0.4651087621854787,0.09368355552188273,0.46187889070835697,0.0117953986790367,0.5596088872202382,0.44039111277976184,True,0.0002672276459634304,0.8358405840791286
linear-extrapolation,test-0122,122,1.0,False,True,False,True,0.0,False,False,False,False,True,False,False,False,False,True,0.0,2.346151022591828e-14,,0.0,0.007710301782935858,True,0.0014637667836072928,0.04857772145514835,0.06715140563853796,21.12928623233241,0.3467600580592181,0.027149385624284112,0.3924867158294459,0.01075724267615516,0.6257727620538852,0.3742272379461148,True,0.0002437079674564302,0.8358405840791286
learned-seed-11,test-0122,122,1.0,False,True,False,True,33.32672329070289,False,False,False,False,True,True,True,True,False,True,0.0,2.5164737057505913,11,5.776310677810522,0.010534542612731457,True,0.0017450560822196938,0.04765931347044731,0.06538863456433137,19.773843157824153,0.4737763463555543,0.032366631790502164,0.49028864132783434,0.014432575451317617,0.5325208302841025,0.46747916971589754,True,0.00032697353162802756,2.66403837526665
learned-seed-29,test-0122,122,0.0,False,False,False,True,677.7927342497268,False,False,False,False,False,True,True,True,True,True,0.0,3.8397795702547195,29,16.865240299001595,0.01197008602321148,True,0.017628457201330175,0.14655827971959492,0.20222871701480197,19.219027285182495,0.5383379070283503,0.3269658718041405,0.5782342569306897,0.1287032158831309,0.44866666786493664,0.5513333321350633,True,0.002915802877396345,4.968704666846094
learned-seed-47,test-0122,122,0.0,False,True,False,True,2.1074815122110153,False,False,False,False,False,True,True,True,False,True,0.0,0.7003891966455704,47,1.6152325917817127,0.005789502989500761,True,0.0008706355111208529,0.02031623504059498,0.027640640965759532,22.37358717478432,0.2603748140204283,0.016148213973925817,0.26019588372879665,0.012080491093355539,0.7519090889815264,0.24809091101847358,True,0.0002736864844337106,0.8777005363022288
analytic-oracle,test-0123,123,0.0,False,False,False,False,1.024471234537742e-15,False,False,False,False,False,False,False,False,False,False,0.0,0.01890766813687134,,0.0,0.0,False,0.0,0.0,0.0,120.0,0.0,0.0,0.0,0.0,1.0,0.0,False,0.0,0.0
persistence,test-0123,123,1.0,False,True,False,True,0.0,False,False,False,False,True,False,True,False,False,True,0.0,0.570185091793643,,0.0,0.011254982091486454,True,0.004465576846615368,0.03587305474994239,0.03578369026080354,19.486551916963176,0.5516156180642636,0.08344386693115773,0.5536868660656602,0.01591608641095642,0.4726988279875215,0.5273011720124785,True,0.0003323127457406372,0.8115770194726721
linear-extrapolation,test-0123,123,1.0,False,True,False,True,0.0,False,False,False,False,True,False,False,False,True,True,0.0,3.000140305725146e-14,,0.0,0.007299370132386684,True,0.0017386838524386808,0.052769585194380214,0.07413049329665969,21.367146138289655,0.35774793192270027,0.03248908461360587,0.3961065956221004,0.01471694839640179,0.622769682803642,0.377230317196358,True,0.00030727588455192745,0.8115770194726721
learned-seed-11,test-0123,123,1.0,False,True,False,True,28.59592552348772,False,False,False,False,True,True,True,True,True,True,0.0,2.2348114758906417,11,5.282938727183597,0.010632352903485298,True,0.0027919079915856983,0.05030585384211567,0.069034800780407,19.73370616951258,0.5211000666780109,0.05216965398557365,0.560318225909622,0.023943041789027272,0.4663834825602329,0.5336165174397671,True,0.0004999079392291605,2.3937400468484147
learned-seed-29,test-0123,123,0.0,False,False,False,True,5056.787668692128,False,False,False,False,False,True,True,True,True,True,0.0,10.201976220916276,29,48.23816976043879,0.011091817170381546,True,0.023456457121387324,0.42038501249565297,0.58935245748114,19.54997297636262,0.5436187755930728,0.43830787240778574,0.6718372575590812,0.14195134483218214,0.3601788392962493,0.6398211607037507,True,0.0029638090636581182,13.140896638747371
learned-seed-47,test-0123,123,0.0,False,True,False,True,23.576380704266775,False,False,False,False,False,True,True,True,False,True,0.0,1.6155291548565447,47,4.931439607917822,0.006078445818275213,True,0.0007314680801027099,0.02239726023937925,0.030115953425014164,22.162074501401875,0.29790946086482767,0.013668228593298507,0.29807715243015565,0.018011880691340465,0.7161275777707825,0.2838724222292175,True,0.00037607093690894544,1.7148997291967132
analytic-oracle,test-0124,124,0.0,False,False,False,False,6.556862183167924e-16,False,False,False,False,False,False,False,False,False,False,0.0,0.01952523516834828,,0.0,0.0,False,0.0,0.0,0.0,120.0,0.0,0.0,0.0,0.0,1.0,0.0,False,0.0,0.0
persistence,test-0124,124,1.0,False,True,False,True,0.0,False,False,False,False,True,False,True,False,False,True,0.0,0.4600574773141919,,0.0,0.013599570840597153,True,0.0009960452056366168,0.034555080270151355,0.03534338016271025,18.664747963725244,0.4927078540634149,0.009655577914274554,0.4927018558994501,0.011070848197957428,0.5231693215037746,0.4768306784962254,True,0.0003103699709754437,0.6389828219260812
linear-extrapolation,test-0124,124,1.0,False,True,False,True,0.0,False,False,False,False,True,False,False,False,False,True,0.0,2.4846994680842514e-14,,0.0,0.008147137239575386,True,0.0020820210922266285,0.04417784637017401,0.06350965564757725,20.88994967881295,0.2951680279563191,0.020182936237626306,0.34193630078991827,0.009179839001960984,0.6690783353951476,0.3309216646048524,True,0.00025735574308782816,0.6389828219260812
learned-seed-11,test-0124,124,1.0,False,True,False,True,22.897215971769295,False,False,False,False,True,True,True,True,False,True,0.0,1.2773378191597282,11,4.085960089155503,0.011917308904230595,True,0.006213462652659162,0.03746435302543758,0.05273316989356875,19.238218033198258,0.4317600728168607,0.060232781023066506,0.43022772100246487,0.020832790045787305,0.5836310059376842,0.41636899406231576,True,0.000584044901188463,1.5151254746458758
learned-seed-29,test-0124,124,1.0,False,True,False,True,3.99955612764006,False,False,False,False,True,True,True,True,False,True,0.0,0.49981320228266146,29,1.8926904505256599,0.014288490638136864,True,0.004674473434664138,0.0418753196788331,0.0567272323429225,18.450136453972274,0.5176671854310133,0.04531394980989698,0.5158500617394158,0.01600567777702848,0.5007667781309855,0.49923322186901453,True,0.0004487173573579639,0.7392656447433066
learned-seed-47,test-0124,124,0.0,True,True,True,True,4.791598898597426,False,False,False,False,False,True,True,True,False,True,0.0,0.489215510482525,47,1.600134607297037,0.005582813639193773,True,0.001395023381370571,0.016052345077458598,0.0220207623905177,22.53146869162043,0.20226345081359534,0.013523238578764276,0.20148477017091862,0.01635932994000777,0.8050055657049081,0.1949944342950919,True,0.0004586319555528462,0.5654062649259853
analytic-oracle,test-0125,125,0.0,False,False,False,False,3.9820858528674746e-16,False,False,False,False,False,False,False,False,False,False,0.0,0.02167791263750769,,0.0,0.0,False,0.0,0.0,0.0,120.0,0.0,0.0,0.0,0.0,1.0,0.0,False,0.0,0.0
persistence,test-0125,125,1.0,False,True,False,True,0.0,False,False,False,False,True,False,True,False,False,True,0.0,0.6466889420895781,,0.0,0.01070195622742176,True,0.005730324341835242,0.03390764463827321,0.0331040491116215,19.705368296865693,0.5180607206218782,0.11881820523601061,0.519387890294645,0.01651888280857256,0.4978729949058318,0.5021270050941682,True,0.0003461789747234434,0.9461490425149466
linear-extrapolation,test-0125,125,1.0,False,True,False,True,0.0,False,False,False,False,True,False,False,False,True,True,0.0,2.7387150875097528e-14,,0.0,0.007981796748936176,True,0.0015551980186767267,0.05932759969863876,0.0809639238643247,20.978993354268802,0.3863831329281589,0.03224701192159523,0.42285755701377464,0.016689770882380967,0.5911953230863529,0.4088046769136471,True,0.00034976020106114447,0.9461490425149466
learned-seed-11,test-0125,125,0.0,False,True,False,True,8.629766512896058,False,False,False,False,False,True,True,True,False,True,0.0,0.7733191697056838,11,2.018154552076067,0.009369944222271442,True,0.0020391704084833347,0.04566892071472994,0.061634082776473205,20.282629943877634,0.4535806307578392,0.042282173512847694,0.453895874100022,0.035688987494231605,0.5611885064221461,0.4388114935778539,True,0.0007479184423573315,1.070779901802495
learned-seed-29,test-0125,125,1.0,False,True,False,True,5.274558677176374,False,False,False,False,True,True,True,True,False,True,0.0,0.8367381773518386,29,2.417822792194869,0.007557493634521961,True,0.0014799931082939742,0.03180801933077226,0.04305133126521433,21.216222099448064,0.36584345097241505,0.03068763902338475,0.36691039213543675,0.015988074315027828,0.6452831885695715,0.35471681143042855,True,0.0003350550541654229,1.046345433472639
learned-seed-47,test-0125,125,0.0,False,True,False,True,30.442509981849675,False,False,False,False,False,True,True,True,False,True,0.0,1.2569535050037568,47,4.576947784454501,0.00793383177369833,True,0.003760665009333133,0.026833254232508832,0.03588166254291246,21.00517012398431,0.3840612425084748,0.07797734303460399,0.3840873976095457,0.032489321141078706,0.628677028748811,0.37132297125118896,True,0.0006808644393458962,1.394789763569414
analytic-oracle,test-0126,126,0.0,False,False,False,False,1.3754677708557177e-15,False,False,False,False,False,False,False,False,False,False,0.0,0.02864600760277194,,0.0,0.0,False,4.336808689942018e-18,0.0,0.0,120.0,0.0,6.154017516024752e-17,0.0,0.0,1.0,0.0,False,0.0,0.0
persistence,test-0126,126,1.0,False,True,False,True,0.0,False,False,False,False,True,False,True,False,False,True,0.0,0.5682113457112455,,0.0,0.01219711173325777,True,0.0006115210358795277,0.034766039929488776,0.03467754600424262,19.137429977524846,0.5230239501061819,0.008677604744124715,0.5232065146053595,0.013683235439258494,0.508012481974995,0.49198751802500496,True,0.0003314228088129312,0.807224798890626
linear-extrapolation,test-0126,126,1.0,False,True,False,True,0.0,False,False,False,False,True,False,False,False,True,True,0.0,2.51271304496053e-14,,0.0,0.008086178451776505,True,0.0014501866438198611,0.05070796652686111,0.07138218237880083,20.92256678564224,0.3467431542485368,0.020578436001270538,0.39031246853672535,0.012223716087842163,0.6329769272952602,0.3670230727047398,True,0.00029607166652567685,0.807224798890626
learned-seed-11,test-0126,126,0.0,False,True,False,True,10.111715445455543,False,False,False,False,False,True,True,True,False,True,0.0,1.090408460936704,11,2.821118691383567,0.008283491246402264,True,0.002756259000847686,0.027977872246257585,0.038296129251595985,20.817865823600794,0.3552041177543692,0.039111861699724464,0.35499537586809254,0.020429197527360894,0.6661866987351394,0.33381330126486064,True,0.0004948173300363123,1.342106970777727
learned-seed-29,test-0126,126,1.0,False,True,False,True,3.115128656946943,False,False,False,False,True,True,True,True,False,True,0.0,0.5434419298062872,29,1.488660679976175,0.011886698193848133,True,0.0028623665044121937,0.04256688949959314,0.05804442002514757,19.24938763996189,0.5097131172550093,0.04061754821301719,0.5095548676466033,0.01821645263548637,0.5208495543674482,0.4791504456325518,True,0.0004412222479004413,0.8779954172092176
learned-seed-47,test-0126,126,1.0,True,True,True,True,3.831062485530013,False,False,False,False,True,True,True,True,False,True,0.0,0.599220329856903,47,1.6778596736619666,0.004004588350653648,False,0.00032666328375929377,0.012414230725735052,0.013259777119203854,23.9744212033578,0.17172062235004587,0.00463541676338906,0.1716267742602756,0.016692479959005187,0.8386139538827412,0.16138604611725882,True,0.00040430997614748776,0.6820222708775603
analytic-oracle,test-0127,127,0.0,False,False,False,False,2.81925129906224e-16,False,False,False,False,False,False,False,False,False,False,0.0,0.002368277342242999,,0.0,0.0,False,0.0,0.0,0.0,120.0,0.0,0.0,0.0,0.0,1.0,0.0,False,0.0,0.0
persistence,test-0127,127,1.0,False,True,False,True,0.0,False,False,False,False,True,False,True,False,False,True,0.0,0.44373452696012644,,0.0,0.01031726598739624,True,0.005243768052142662,0.02635079646431703,0.02649817358721089,19.86435372853752,0.36465136414767624,0.05471066453944538,0.3644737267212915,0.00769895746240118,0.6443824125955984,0.35561758740440164,True,0.000218357949052006,0.6327414619100337
linear-extrapolation,test-0127,127,1.0,False,True,False,True,0.0,False,False,False,False,True,False,False,False,False,True,0.0,3.3625714441613554e-14,,0.0,0.007986944168806076,True,0.002493965588635973,0.0392009777979105,0.05479314766278054,20.97619351408794,0.2822889407023494,0.026020699873830155,0.3331291403376973,0.00639151511886227,0.6749653747426789,0.3250346252573211,True,0.0001812762493500486,0.6327414619100337
learned-seed-11,test-0127,127,0.0,False,True,False,True,2.9789339986039827,False,False,False,False,False,True,True,True,False,True,0.0,0.49747661003939586,11,1.6283785859202518,0.008246175944805145,True,0.0012478005281565422,0.02212834788789507,0.029504691392625366,20.837474030972597,0.29145117620775984,0.013018881733378784,0.2914048287822823,0.011129915702250403,0.7156758510366057,0.2843241489633943,True,0.0003156668390147388,0.6826158048565483
learned-seed-29,test-0127,127,0.0,True,True,True,True,24.61062221136125,False,False,False,False,False,True,True,True,False,True,0.0,1.1387623720493296,29,5.051557533052726,0.005516806151717901,True,0.0006793512193483176,0.015786276004611386,0.02057200386143075,22.58312275915071,0.19498488179133575,0.00708798640531818,0.19499054646070565,0.009956810932162044,0.8097474176731344,0.1902525823268656,True,0.000282395223621279,1.244510026125157
learned-seed-47,test-0127,127,0.0,False,False,False,True,146.46740024897764,False,False,False,False,False,True,True,True,True,True,0.0,2.62651453559108,47,12.150396204113195,0.018725097179412842,True,0.02975270243490417,0.07087723895201137,0.0955709565827984,17.275759197233832,0.6618160507456208,0.3104237460298895,0.6618987039646141,0.026418005336795312,0.3541843953268254,0.6458156046731747,True,0.0007492678705602884,2.7833553963097675
analytic-oracle,test-0128,128,0.0,False,False,False,False,0.0,False,False,False,False,False,False,False,False,False,False,0.0,0.02263476502434434,,0.0,0.0,False,3.157196726277789e-16,0.0,0.0,120.0,0.0,5.852411692046392e-15,0.0,0.0,1.0,0.0,False,0.0,0.0
persistence,test-0128,128,1.0,False,True,False,True,0.0,False,False,False,False,True,False,True,False,False,True,0.0,0.5630873713749713,,0.0,0.011065368540585041,True,0.005803511122975353,0.03435221725868619,0.0341734748203621,19.56034116985071,0.530833881084551,0.10757814382718271,0.5327000602872219,0.015036085989362402,0.4834165288834462,0.5165834711165538,True,0.0003171707212459296,0.8070010669213109
linear-extrapolation,test-0128,128,1.0,False,True,False,True,0.0,False,False,False,False,True,False,False,False,True,True,0.0,2.4177051577705937e-14,,0.0,0.0074311187490820885,True,0.001300567222353331,0.05297406958867806,0.07375764621568619,21.289457986246553,0.35648967243226204,0.024108269069968723,0.3948951319698095,0.014045225593740005,0.6170522340658215,0.38294776593417845,True,0.0002962695434689522,0.8070010669213109
learned-seed-11,test-0128,128,1.0,False,True,False,True,33.94988958933135,False,False,False,False,True,True,True,True,True,True,0.0,2.4523644123799917,11,5.796823865161898,0.011271394789218903,True,0.002258381719593293,0.0510252554740646,0.06982774929732119,19.48022338454325,0.540717484397579,0.0418630219360259,0.5446472593231184,0.0206927069195773,0.47183078672160744,0.5281692132783926,True,0.0004364913038443774,2.5860585686089324
learned-seed-29,test-0128,128,0.0,False,False,False,True,1892.7389219169816,False,False,False,False,False,True,True,True,True,True,0.0,6.08452831696128,29,29.067902979694058,0.010939627885818481,True,0.015170355192628136,0.23919763563524435,0.33262923841176384,19.609974503868838,0.5248017819696383,0.28120884379132577,0.6052322845836908,0.13773348443027997,0.41307873283613256,0.5869212671638675,True,0.002905345754697919,7.808154627811582
learned-seed-47,test-0128,128,0.0,False,True,False,True,3.5453250618998844,False,False,False,False,False,True,True,True,False,True,0.0,0.9662545689675105,47,2.1596290520699446,0.0059642973355948925,True,0.0009436275106214824,0.022247506686635797,0.030283802894872574,22.244407139800558,0.286122517382389,0.01749177246426643,0.286966912499267,0.01743813659309381,0.7217151361414486,0.27828486385855145,True,0.00036783950054086745,1.080527571485282
analytic-oracle,test-0129,129,0.0,False,False,False,False,2.632901759118501e-16,False,False,False,False,False,False,False,False,False,False,0.0,0.033714717605867396,,0.0,0.0,False,0.0,0.0,0.0,120.0,0.0,0.0,0.0,0.0,1.0,0.0,False,0.0,0.0
persistence,test-0129,129,1.0,False,True,False,True,0.0,False,False,False,False,True,False,True,False,False,True,0.0,0.6493633711140465,,0.0,0.010284398682415485,True,0.0035787018686981374,0.03663659367074705,0.03610768481049036,19.878210959520693,0.5949365690570612,0.09314503497371072,0.5944098938998377,0.01962363273681151,0.43913206091102236,0.5608679390889777,True,0.0003471023519523442,0.9382015178561598
linear-extrapolation,test-0129,129,1.0,False,True,False,True,0.0,False,False,False,False,True,False,False,False,True,True,0.0,2.451669268505358e-14,,0.0,0.00686762435361743,True,0.00126692994527777,0.0594824567093008,0.08218682474573664,21.631934679684267,0.3972814548214542,0.032975150876445716,0.4281782226185214,0.020049303152537445,0.595983445518996,0.40401655448100404,True,0.00035463160020299256,0.9382015178561598
learned-seed-11,test-0129,129,1.0,False,True,False,True,95.63910544778379,False,False,False,False,True,True,True,True,True,True,0.0,3.3755592133895074,11,9.469174817665357,0.013607757166028023,True,0.0038180672610863106,0.11593668043454125,0.1563027623844448,18.66213449424517,0.7871877210245324,0.09937514261148474,0.7851800943434839,0.06430285373245606,0.25912683175773915,0.7408731682422609,True,0.0011373873567208648,3.7563175330587724
learned-seed-29,test-0129,129,1.0,False,True,False,True,6.148030858432013,False,False,False,False,True,True,True,True,True,True,0.0,1.1188426079113192,29,2.5534663939196727,0.00878582987934351,True,0.002473477130176381,0.05004308622746928,0.06802471117475578,20.562172102646052,0.5082466798640267,0.06437868317898324,0.5068350828104244,0.026008766306591297,0.5217651131463582,0.4782348868536418,True,0.00046004244359210134,1.438435806218805
learned-seed-47,test-0129,129,1.0,False,True,False,True,3.539776178238923,False,False,False,False,True,True,True,True,True,True,0.0,0.4841256704840706,47,0.9775763753238719,0.01207577995955944,True,0.0011068074994262682,0.051685219605169405,0.06583794124282212,19.180848091318627,0.6985652073282845,0.028807547268733098,0.6965669073128408,0.02948269353085879,0.3427396654202249,0.6572603345797752,True,0.0005214891862124205,1.1314272372851635
analytic-oracle,test-0130,130,0.0,False,False,False,False,1.2463482064365768e-15,False,False,False,False,False,False,False,False,False,False,0.0,0.02267400562741966,,0.0,0.0,False,0.0,0.0,0.0,120.0,0.0,0.0,0.0,0.0,1.0,0.0,False,0.0,0.0
persistence,test-0130,130,1.0,False,True,False,True,0.0,False,False,False,False,True,False,True,False,False,True,0.0,0.5169470314379871,,0.0,0.01122868899255991,True,0.0019836345343898325,0.03262886231157038,0.03323649683609244,19.496709469027206,0.533406452650722,0.03409668394484174,0.5286368029083331,0.012448057050382415,0.49434971387162846,0.5056502861283716,True,0.000260158849414438,0.7269367106386198
linear-extrapolation,test-0130,130,1.0,False,True,False,True,0.0,False,False,False,False,True,False,False,False,False,True,0.0,2.5538728557012394e-14,,0.0,0.006900642067193985,True,0.0015695891073143069,0.045215666305316524,0.0639446085207148,21.611104986444264,0.3278073698998347,0.026979659200087644,0.3704742126553537,0.010779143102366653,0.6456349792489829,0.35436502075101706,True,0.00022527929104398936,0.7269367106386198
learned-seed-11,test-0130,130,0.0,False,True,False,True,2.911065250227134,False,False,False,False,False,True,True,True,False,True,0.0,0.7538828016828211,11,1.7124934245458414,0.013808398507535458,True,0.006682427236390082,0.04427884338757653,0.05561175564578996,18.598566877987494,0.6559527002281709,0.11486420785353049,0.6525670738757207,0.016347319545276743,0.3758082566180508,0.6241917433819493,True,0.0003416516992729157,0.9621813759452973
learned-seed-29,test-0130,130,1.0,False,True,False,True,1.8591067531715662,False,False,False,False,True,True,True,True,False,True,0.0,0.24411889538699907,29,0.9063591905591787,0.006689306814223528,True,0.0006693875612663889,0.0289113421507723,0.0405682258759178,21.746188840789998,0.3177681224256454,0.011506099393520137,0.316196142436785,0.013289612934091349,0.6975528964002681,0.3024471035997319,True,0.00027774699265137315,0.6562562878127252
learned-seed-47,test-0130,130,0.0,False,True,False,True,3.2642659680773645,False,False,False,False,False,True,True,True,False,True,0.0,0.3744701204258787,47,1.3724597298586467,0.00703559210523963,True,0.0017635952964319005,0.023144923961064746,0.03174600261002342,21.52699347096702,0.3342180222143394,0.030314430600264217,0.332585259155261,0.01899076120576491,0.6818764215266001,0.3181235784733999,True,0.00039689845289103687,0.5964048510089964
analytic-oracle,test-0131,131,0.0,False,False,False,False,3.787224463026163e-16,False,False,False,False,False,False,False,False,False,False,0.0,0.010652257783736341,,0.0,0.0,False,0.0,0.0,0.0,120.0,0.0,0.0,0.0,0.0,1.0,0.0,False,0.0,0.0
persistence,test-0131,131,1.0,False,True,False,True,0.0,False,False,False,False,True,False,True,False,False,True,0.0,0.5414328376308425,,0.0,0.011533410288393497,True,0.0018445468900538337,0.032833251724910834,0.03277204515913216,19.38042258148289,0.5023112008874882,0.026621122196578223,0.5036511679698095,0.013333363328723976,0.5140128817199352,0.4859871182800648,True,0.0003125591902062297,0.780411523620578
linear-extrapolation,test-0131,131,1.0,False,True,False,True,0.0,False,False,False,False,True,False,False,False,True,True,0.0,2.7688215730092462e-14,,0.0,0.00816324446350336,True,0.00170703717290447,0.05247811377012235,0.07244988782387599,20.88137197551688,0.3555313673117992,0.024636535627817546,0.39808268830963073,0.012356006481626493,0.6158788645152601,0.3841211354847399,True,0.00028964810189791024,0.780411523620578
learned-seed-11,test-0131,131,0.0,False,True,False,True,3.9374421514470646,False,False,False,False,False,True,True,True,False,True,0.0,0.5403371225489315,11,1.8707244706562467,0.007906598038971424,True,0.002548612052358953,0.02897985150406463,0.03915226501863177,21.020103396006284,0.34435372162968464,0.03678242783816657,0.34411124672921606,0.019431653446446547,0.6679574201330619,0.3320425798669381,True,0.000455514615168795,0.8510942101440554
learned-seed-29,test-0131,131,1.0,False,True,False,True,3.7018719319015805,False,False,False,False,True,True,True,True,False,True,0.0,0.5748697783511738,29,1.7456578433297876,0.011364300735294819,True,0.0030321918010358067,0.04614384093707293,0.06247402779891359,19.444572819931977,0.49494602262932563,0.04376161370258306,0.49472883924080685,0.019620721246915142,0.5226222866079138,0.47737771339208623,True,0.00045994672109372914,0.9381920145189263
learned-seed-47,test-0131,131,0.0,True,True,True,True,3.2789433944599993,False,False,False,False,False,True,True,True,False,True,0.0,0.4662480841897016,47,1.4972474860715481,0.003515038173645735,False,0.0006368110015306221,0.011248264682581548,0.013369241911770779,24.540699541395558,0.15308941605469328,0.00919067093348724,0.15303616697477407,0.018328657379696432,0.852331116235681,0.14766888376431897,True,0.00042965830652974546,0.5639661142661616
analytic-oracle,test-0132,132,0.0,False,False,False,False,8.694825690330878e-16,False,False,False,False,False,False,False,False,False,False,0.0,0.02383376750791701,,0.0,0.0,False,0.0,0.0,0.0,120.0,0.0,0.0,0.0,0.0,1.0,0.0,False,0.0,0.0
persistence,test-0132,132,1.0,False,True,False,True,0.0,False,False,False,False,True,False,True,False,False,True,0.0,0.5053469778191244,,0.0,0.01164259947836399,True,0.006226070345629653,0.03872972663187384,0.04046894726797682,19.339500426183378,0.6468973970924576,0.1707898584775149,0.6442073335753714,0.015834053152529472,0.3825643882220821,0.6174356117779178,True,0.00028582150116562843,0.688813590553171
linear-extrapolation,test-0132,132,1.0,False,True,False,True,0.0,False,False,False,False,True,False,False,False,False,True,0.0,2.2907330835248922e-14,,0.0,0.0057532647624611855,True,0.0007239074343732186,0.04485887349567576,0.0655115180066517,22.400856394926485,0.3196684732250944,0.01985779816224023,0.3552476494894297,0.013247432132512222,0.6595155963565097,0.3404844036434903,True,0.00023913024051580578,0.688813590553171
learned-seed-11,test-0132,132,1.0,False,True,False,True,39.61101252449804,False,False,False,False,True,True,True,True,False,True,0.0,2.326960070317393,11,6.168971965597532,0.010668700560927391,True,0.0018100401387322936,0.04806456065221081,0.06718545116188342,19.71888474069948,0.5927846814663913,0.049651944480470916,0.5907227378957804,0.02446862181203334,0.4338262915457256,0.5661737084542744,True,0.0004416846495587379,2.453033945583637
learned-seed-29,test-0132,132,0.0,False,False,False,True,5282.64276969225,False,False,False,False,False,True,True,True,True,True,0.0,8.953790711675198,29,49.45361509718618,0.009449608623981476,True,0.012384698866509199,0.3629767162649558,0.529061402708378,20.24586178365344,0.5250483136309899,0.33972969293263483,0.6320236223403666,0.15106315171325913,0.3942417734489154,0.6057582265510846,True,0.002726850565522909,11.449447191159079
learned-seed-47,test-0132,132,0.0,False,True,False,True,7.675808110647871,False,False,False,False,False,True,True,True,False,True,0.0,1.161314164117308,47,3.004537676514678,0.00626095337793231,True,0.0007585833040247921,0.02200677746792574,0.03000988385346363,22.033595301682645,0.3478771601675652,0.020809005993442153,0.34651590167251184,0.023664982611348917,0.667884473539741,0.332115526460259,True,0.00042717810720205307,1.2501458923107385
analytic-oracle,test-0133,133,0.0,False,False,False,False,5.784870157825998e-16,False,False,False,False,False,False,False,False,False,False,0.0,0.008184317914308953,,0.0,0.0,False,2.5569824035898137e-15,0.0,0.0,120.0,0.0,2.503473155581833e-14,0.0,0.0,1.0,0.0,False,0.0,0.0
persistence,test-0133,133,1.0,False,True,False,True,0.0,False,False,False,False,True,False,True,False,False,True,0.0,0.619545639889241,,0.0,0.010161669924855232,True,0.004273477736377748,0.02639387314718505,0.025052986888528944,19.930349161116247,0.36798875158134514,0.04184047875721928,0.3665736624880567,0.013383917213136828,0.6491263201456535,0.3508736798543465,True,0.0003786273009609431,0.9655913994001135
linear-extrapolation,test-0133,133,1.0,False,True,False,True,0.0,False,False,False,False,True,False,False,False,True,True,0.0,3.0661658626838585e-14,,0.0,0.012081200256943703,True,0.005548898883738895,0.06878840633069377,0.0882306521094364,19.17889916784999,0.43750149660763316,0.054327786452404436,0.4835272831732024,0.01481854438482034,0.5371817058393175,0.46281829416068254,True,0.0004192125052213669,0.9655913994001135
learned-seed-11,test-0133,133,1.0,False,True,False,True,26.41828073244345,False,False,False,False,True,True,True,True,True,True,0.0,2.4744597546434095,11,5.151269372674617,0.012509635649621487,True,0.009038065795839146,0.060836159201232795,0.07778975971976634,19.027553392005203,0.4530166045033472,0.08848928747612675,0.5444791344311071,0.016047174288871115,0.47884036129306934,0.5211596387069306,True,0.0004539701039902866,2.670213924003549
learned-seed-29,test-0133,133,0.0,False,False,False,True,2908.8520880257142,False,False,False,False,False,True,True,True,True,True,0.0,8.56905453312153,29,35.8183785860532,0.016123386099934578,True,0.04319877619482988,0.3556089765695703,0.45569049025875547,17.925437460242247,0.5838828426877353,0.4229476761588731,0.7064776606381966,0.11906945147030909,0.32378006963036926,0.6762199303696308,True,0.00336844171397388,11.197263301550466
learned-seed-47,test-0133,133,0.0,False,True,False,True,8.79649735036891,False,False,False,False,False,True,True,True,False,True,0.0,1.028331499278308,47,3.1592204388817984,0.008277016691863537,True,0.0022242493289247618,0.026923275893657287,0.03416234544945335,20.821261689793666,0.2997390253551471,0.021777030919205777,0.29980857301396935,0.011241955083211148,0.713031927740528,0.28696807225947196,True,0.0003180317871738225,1.2030966881410339
analytic-oracle,test-0134,134,0.0,False,False,False,False,5.730238300946482e-16,False,False,False,False,False,False,False,False,False,False,0.0,0.006047598649912383,,3.1528366439752814e-17,0.0,False,0.0,0.0,0.0,120.0,0.0,0.0,0.0,0.0,1.0,0.0,False,0.0,0.0
persistence,test-0134,134,1.0,False,True,False,True,0.0,False,False,False,False,True,False,True,False,False,True,0.0,0.6224919952973326,,0.0,0.012156111188232899,True,0.007063430085438753,0.03114900071374425,0.030119482664315002,19.15205336215066,0.43552102328775916,0.07830984444651673,0.43628311319100443,0.014295934501434652,0.582108140266496,0.41789185973350396,True,0.0004028617695439607,0.9325323720763224
linear-extrapolation,test-0134,134,1.0,False,True,False,True,0.0,False,False,False,False,True,False,False,False,True,True,0.0,2.4187393837859307e-14,,0.0,0.011096661910414696,True,0.0042073357818218984,0.06318364432932329,0.08408853981568896,19.54807645710285,0.3975637829785797,0.04664529932673227,0.442528366879023,0.014372184442772907,0.5761261515090008,0.4238738484909992,True,0.00040501050534658134,0.9325323720763224
learned-seed-11,test-0134,134,1.0,False,True,False,True,39.48951363580155,False,False,False,False,True,True,True,True,False,True,0.0,2.2642406840657454,11,5.8801051910405775,0.014196067117154598,True,0.005299384827859478,0.04822860505526771,0.0635166783834534,18.478319560318994,0.5086072002623432,0.0587524752863932,0.508441491983011,0.02004323742440897,0.512991554735154,0.487008445264846,True,0.0005648217047564685,2.483167839238271
learned-seed-29,test-0134,134,0.0,False,True,False,True,5.59972727773433,False,False,False,False,False,True,True,True,False,True,0.0,0.9496851665643314,29,2.4793323873003543,0.008300580084323883,True,0.007894152870459364,0.02408986085499907,0.03162984481425184,20.808915559832336,0.2973876329550294,0.0875197851249485,0.29740508421885536,0.02407429700094718,0.7151318490660771,0.2848681509339229,True,0.0006784176221117377,1.0631724845776793
learned-seed-47,test-0134,134,1.0,False,True,False,True,3.2334089509768913,False,False,False,False,True,True,True,True,False,True,0.0,0.7255508163710932,47,1.906656071437053,0.01629723235964775,True,0.0031447855964980695,0.04257807024472569,0.05342915543058161,17.878861424051273,0.5838863435950488,0.03486516719222442,0.583814658608154,0.019107985367282015,0.44079569882726216,0.5592043011727379,True,0.0005384661490097642,1.0651382635629374
analytic-oracle,test-0135,135,0.0,False,False,False,False,3.5930975733227876e-16,False,False,False,False,False,False,False,False,False,False,0.0,0.009429859727074654,,1.7653655020870803e-17,0.0,False,0.0,0.0,0.0,120.0,0.0,0.0,0.0,0.0,1.0,0.0,False,0.0,0.0
persistence,test-0135,135,1.0,False,True,False,True,0.0,False,False,False,False,True,False,True,False,False,True,0.0,0.5558666381082111,,0.0,0.012893705628812313,True,0.0035643268258028857,0.03593065948432577,0.036465877998805935,18.896222492204465,0.5477892904420074,0.04587763305901336,0.5455217616769172,0.014729138609456278,0.4735136310193225,0.5264863689806776,True,0.00033841037657111883,0.784575002708826
linear-extrapolation,test-0135,135,1.0,False,True,False,True,0.0,False,False,False,False,True,False,False,False,True,True,0.0,2.409613616136764e-14,,0.0,0.007943656295537949,True,0.002157946880564786,0.050479359200053794,0.0712290666159888,20.999795550691328,0.3374863651240924,0.027775650209936373,0.3784010827180086,0.01294225220098783,0.6348028143805741,0.36519718561942593,True,0.00029735564021393657,0.784575002708826
learned-seed-11,test-0135,135,0.0,False,False,False,True,111.7511847894797,False,False,False,False,False,True,True,True,True,True,0.0,2.5515794586020393,11,9.010594870162405,0.015881657600402832,True,0.024211031639016337,0.11712024533263875,0.16178387085112647,17.99104171358618,0.6747324778787394,0.3116282203624109,0.6824824333820106,0.0919276933057347,0.3413320540323445,0.6586679459676554,True,0.0021120912861078978,2.5141964196286475
learned-seed-29,test-0135,135,0.0,False,True,False,True,58.38826179065232,False,False,False,False,False,True,True,True,True,True,0.0,2.60486563081186,29,7.132985300706854,0.012335840612649918,True,0.01766786206046781,0.06562631321014623,0.09205556846043375,19.08831250633408,0.5240883862827609,0.22740891398611363,0.5223655328371943,0.039957474680005926,0.49586184826300345,0.5041381517369965,True,0.000918045814614743,2.813949607589696
learned-seed-47,test-0135,135,0.0,False,True,False,True,40.06075669658344,False,False,False,False,False,True,True,True,False,True,0.0,1.7477017230387237,47,5.281765549141419,0.01318781916052103,True,0.007082749244288079,0.03906008191286041,0.05148956966770288,18.798270168008212,0.560284708553934,0.09116441526241298,0.5582816534684619,0.024352387665226096,0.4611989818708338,0.5388010181291663,True,0.000559510022867471,1.802760758500606
analytic-oracle,test-0136,136,0.0,False,False,False,False,4.767782744724131e-16,False,False,False,False,False,False,False,False,False,False,0.0,0.029103627433939044,,8.302000088146474e-18,0.0,False,0.0,0.0,0.0,120.0,0.0,0.0,0.0,0.0,1.0,0.0,False,0.0,0.0
persistence,test-0136,136,1.0,False,True,False,True,0.0,False,False,False,False,True,False,True,False,False,True,0.0,0.5910068515166981,,0.0,0.009452038444578648,True,0.0006050885861227113,0.02636422660887494,0.025283153932634878,20.24474520616223,0.3799762363432542,0.007043278496579784,0.3766012412192773,0.011403735075034206,0.6330105008097879,0.36698949919021207,True,0.0002836886851582676,0.8890288521377202
linear-extrapolation,test-0136,136,1.0,False,True,False,True,0.0,False,False,False,False,True,False,False,False,True,True,0.0,2.75446120475432e-14,,0.0,0.009479762986302376,True,0.0016865293253394995,0.05531008545765833,0.07336167729597823,20.23202520787227,0.38109077550645093,0.019631333334398614,0.42648963515968,0.011560394054812191,0.5843953750382501,0.4156046249617499,True,0.000287585862679407,0.8890288521377202
learned-seed-11,test-0136,136,0.0,False,True,False,True,35.61462643392198,False,False,False,False,False,True,True,True,True,True,0.0,1.4156805883544334,11,4.677120695227705,0.01654139719903469,True,0.012254337157097742,0.06952504899624296,0.09015955114787012,17.81427809765146,0.6649716765755534,0.14264144353058655,0.6609934540287908,0.05087017718803784,0.3558766405637181,0.6441233594362819,True,0.0012654883321374655,1.5702786457590419
learned-seed-29,test-0136,136,0.0,True,True,True,True,36.992585324422315,False,False,False,False,False,True,True,True,False,True,0.0,1.4720004689769128,29,5.493975523569813,0.004802547860890627,False,0.0014603057786127,0.015177360185575093,0.018900951581849065,23.185282983835776,0.19306460418453314,0.01699807354628926,0.1919446499888239,0.01785735594926848,0.812954225154494,0.187045774845506,True,0.0004442342615220696,1.6502311846820283
learned-seed-47,test-0136,136,1.0,False,True,False,True,6.2958650321496314,False,False,False,False,True,True,True,True,False,True,0.0,1.1835998942722594,47,2.5335463641011344,0.00792668666690588,True,0.0032517952638826493,0.023721282420285227,0.02987051181083267,21.009083086444033,0.3186564024282719,0.03785115135643938,0.3167471708510546,0.015187219191709391,0.6913369557035999,0.3086630442964001,True,0.000377809745259583,1.2802238078253692
analytic-oracle,test-0137,137,0.0,False,False,False,False,3.9626133286800545e-16,False,False,False,False,False,False,False,False,False,False,0.0,0.011749336905632828,,0.0,0.0,False,0.0,0.0,0.0,120.0,0.0,0.0,0.0,0.0,1.0,0.0,False,0.0,0.0
persistence,test-0137,137,1.0,False,True,False,True,0.0,False,False,False,False,True,False,True,False,False,True,0.0,0.5293150798055543,,0.0,0.008939913474023342,True,0.0018771403726170345,0.025964525095072778,0.024668761196150208,20.48666684552634,0.3722031330772248,0.02450750634252273,0.3726759509116822,0.011327787722833197,0.6447823255451932,0.3552176744548068,True,0.0002780444629024714,0.7983501129432663
linear-extrapolation,test-0137,137,1.0,False,True,False,True,0.0,False,False,False,False,True,False,False,False,True,True,0.0,3.133949056768324e-14,,0.0,0.009314922615885735,True,0.002821382226705843,0.05507650634602854,0.07303263809882936,20.3082074867256,0.3878162123245083,0.036835307483837815,0.4351399726923129,0.011298029786270453,0.5852444763769535,0.41475552362304646,True,0.0002773140440694988,0.7983501129432663
learned-seed-11,test-0137,137,0.0,False,False,False,True,102.4005786426496,False,False,False,False,False,True,True,True,True,True,0.0,2.176458234392799,11,8.329028182013085,0.017038440331816673,True,0.02328419816074555,0.10367301742609171,0.13549763215727453,17.685701622856694,0.7093760910190837,0.3039930537051246,0.7105358990300231,0.08172019555487832,0.32274967286549316,0.6772503271345068,True,0.0020058504305779934,2.3111318550976234
learned-seed-29,test-0137,137,0.0,False,False,False,True,61.11064650096415,False,False,False,False,False,True,True,True,True,True,0.0,2.34749601635439,29,7.144334832443653,0.013446993194520473,True,0.020405165500495516,0.0718310717364289,0.09494258675405189,18.713748149190188,0.5598502728255345,0.2664050756238483,0.5591728105848323,0.04036362863362464,0.46702204714740586,0.5329779528525942,True,0.0009907392086461186,2.6817464413827983
learned-seed-47,test-0137,137,0.0,False,True,False,True,65.35097916559955,False,False,False,False,False,True,True,True,False,True,0.0,1.537014615457285,47,5.809857457204853,0.013680797070264816,True,0.005426788542896301,0.04355586177589739,0.05414077114331361,18.63888599024278,0.5695844313641494,0.07085088391612482,0.5691811227105262,0.02617954973036988,0.45748258169542283,0.5425174183045771,True,0.0006425860919989645,1.71073824762857
analytic-oracle,test-0138,138,0.0,False,False,False,False,2.2652202826564844e-16,False,False,False,False,False,False,False,False,False,False,0.0,0.0026475351256175323,,0.0,0.0,False,2.3609586508044345e-15,0.0,0.0,120.0,0.0,5.534748681226263e-14,0.0,0.0,1.0,0.0,False,0.0,0.0
persistence,test-0138,138,1.0,False,True,False,True,0.0,False,False,False,False,True,False,True,False,False,True,0.0,0.49503384956732505,,0.0,0.010339072905480862,True,0.002542967353090288,0.035801829436277355,0.03608524484638401,19.855184022561126,0.5915231022071816,0.05961428083089187,0.5903886840193086,0.01663086964196168,0.43576049513600273,0.5642395048639972,True,0.00029237900162115693,0.7013363358800923
linear-extrapolation,test-0138,138,1.0,False,True,False,True,0.0,False,False,False,False,True,False,False,False,True,True,0.0,2.802366604329599e-14,,0.0,0.006278756074607372,True,0.0010728495090285433,0.05114637473693937,0.0720465627806522,22.02126388658445,0.3592226600206185,0.025150598902809133,0.3940077435697365,0.015615802259139971,0.6234434362276867,0.3765565637723133,True,0.0002745336096268147,0.7013363358800923
learned-seed-11,test-0138,138,0.0,False,True,False,True,3.7108569460826266,False,False,False,False,False,True,True,True,False,True,0.0,0.4338456533791925,11,1.6817995962600882,0.004632990807294846,True,0.0006102728731309862,0.017344870944046544,0.021136564654664312,23.34138561516051,0.26506449077998284,0.014306506293954042,0.26477408808884756,0.03046695043120916,0.7469531439068339,0.25304685609316613,True,0.0005356242181733251,0.741822025481013
learned-seed-29,test-0138,138,0.0,False,True,False,True,185.15853373861927,False,False,False,False,False,True,True,True,False,True,0.0,1.619394594363651,29,8.358048091225195,0.007808081340044737,True,0.006626173825002991,0.04879714106440454,0.06752961828306785,21.074556710907775,0.4467190181143675,0.15533608276881733,0.4461803535370121,0.09131812460063661,0.5735816275375404,0.4264183724624596,True,0.0016054182779043913,2.088745977812167
learned-seed-47,test-0138,138,0.0,False,True,False,True,2.3370568606931803,False,False,False,False,False,True,True,True,False,True,0.0,0.42102948705399623,47,1.5860910850385832,0.006496637128293514,True,0.0005777932428029783,0.021275981193427898,0.027620068713967424,21.87311390211835,0.37168815648890186,0.013545092742457037,0.3713368993554621,0.02977457707873711,0.6451101555611701,0.35488984443882987,True,0.0005234519485384226,0.5586138071847445
analytic-oracle,test-0139,139,0.0,False,False,False,False,4.061527908016828e-16,False,False,False,False,False,False,False,False,False,False,0.0,0.01500733602309962,,0.0,0.0,False,9.974659986866641e-18,0.0,0.0,120.0,0.0,2.2397221771879926e-16,0.0,0.0,1.0,0.0,False,0.0,0.0
persistence,test-0139,139,1.0,False,True,False,True,0.0,False,False,False,False,True,False,True,False,False,True,0.0,0.5228298730832867,,0.0,0.00961048249155283,True,0.0033466527586813555,0.031454927946180176,0.031168951882942796,20.172548081525953,0.519767917204441,0.07514614445840982,0.5192353939615201,0.014190353838269316,0.5008575767008755,0.4991424232991245,True,0.00026483452529646456,0.7562127145461133
linear-extrapolation,test-0139,139,1.0,False,True,False,True,0.0,False,False,False,False,True,False,False,False,True,True,0.0,2.304730220866975e-14,,0.0,0.006792284082621336,True,0.0011915737338752004,0.05133181881323359,0.070724462929051,21.679841583155223,0.36735006320317815,0.026755740256098125,0.4053442686464502,0.013849338535293753,0.6103414311205555,0.3896585688794445,True,0.00025847015785984695,0.7562127145461133
learned-seed-11,test-0139,139,0.0,False,True,False,True,2.8579293577393434,False,False,False,False,False,True,True,True,False,True,0.0,0.6209323287352634,11,1.5638423977051417,0.005680120550096035,True,0.0008129886234735898,0.019511865660760342,0.025434329196129885,22.45642447090753,0.30720043768754945,0.018254944551421553,0.3070331799996301,0.023639455326150093,0.7048481531102846,0.2951518468897154,True,0.0004411830741446465,0.7655335046980604
learned-seed-29,test-0139,139,1.0,False,True,False,True,25.843357363497006,False,False,False,False,True,True,True,True,False,True,0.0,1.4121607675549703,29,5.011101513507062,0.005207580514252186,True,0.0006137256016416439,0.019085010018024748,0.02502040139988944,22.833640067138457,0.2816438487814097,0.013780668639479424,0.28149837461792326,0.0162944911458718,0.7293948322945646,0.2706051677054354,True,0.0003041040326934308,1.4691982319780947
learned-seed-47,test-0139,139,0.0,False,True,False,True,43.461897640064585,False,False,False,False,False,True,True,True,False,True,0.0,1.3403490448909063,47,6.201486326906844,0.00897761806845665,True,0.004184076020195618,0.04312995896706816,0.058736504828739364,20.468388745737048,0.48554043452033885,0.09394974731781694,0.48534473803338374,0.02759507720851689,0.5334367581740485,0.46656324182595155,True,0.0005150068318471313,1.6019020811609586
analytic-oracle,test-0140,140,0.0,False,False,False,False,6.783486579122176e-16,False,False,False,False,False,False,False,False,False,False,0.0,0.007550444577882991,,9.902639975353729e-18,0.0,False,1.444157293750692e-16,0.0,0.0,120.0,0.0,2.733905451832248e-15,0.0,0.0,1.0,0.0,False,0.0,0.0
persistence,test-0140,140,1.0,False,True,False,True,0.0,False,False,False,False,True,False,True,False,False,True,0.0,0.49547786707367725,,0.0,0.011775211431086063,True,0.008474445984136884,0.03564961480494775,0.036349084150612734,19.2903128610738,0.55827261020636,0.16042805155329104,0.5590702804335069,0.01380072178867421,0.46304849859149727,0.5369515014085027,True,0.0002934351796284318,0.6913294237811054
linear-extrapolation,test-0140,140,1.0,False,True,False,True,0.0,False,False,False,False,True,False,False,False,False,True,0.0,2.976816094161486e-14,,0.0,0.006822981871664524,True,0.0008075617209276457,0.04647027579997441,0.06655611140215277,21.660257826181628,0.3234832700183207,0.015287790333427906,0.36485060539422226,0.011796944712948114,0.6495841628277556,0.35041583717224445,True,0.00025083025684580207,0.6913294237811054
learned-seed-11,test-0140,140,1.0,False,True,False,True,6.431694745814268,False,False,False,False,True,True,True,True,False,True,0.0,0.7797942013162247,11,1.8683805064138064,0.012684469111263752,True,0.0029331620569534402,0.03675523718231673,0.04361691720788588,18.967277047822975,0.6013812763593005,0.05552710756171161,0.6016073319067083,0.02680361426964286,0.4221943619052908,0.5778056380947092,True,0.0005699066678062081,0.9022692063426688
learned-seed-29,test-0140,140,1.0,False,True,False,True,10.77835121515319,False,False,False,False,True,True,True,True,False,True,0.0,0.966522902250632,29,3.32905306504423,0.006299912929534912,True,0.0007900608161546686,0.025511000238168,0.03523970550760269,22.0066545284544,0.29868413453361337,0.014956484185698135,0.29932557087341644,0.013503400787324595,0.7125167974126398,0.28748320258736015,True,0.0002871134493034333,1.0408604791885556
learned-seed-47,test-0140,140,0.0,False,False,False,True,112.14670024549079,False,False,False,False,False,True,True,True,True,True,0.0,2.1895324612998084,47,9.578131865111853,0.013988257385790348,True,0.01701737778826979,0.08477396373557214,0.11785645481719537,18.54236385213231,0.6631949675559499,0.32215259454467227,0.6629223672319219,0.050181972558486936,0.3633051641978758,0.6366948358021243,True,0.001066984492354095,2.449324039129711
analytic-oracle,test-0141,141,0.0,False,False,False,False,1.6936670762671145e-16,False,False,False,False,False,False,False,False,False,False,0.0,0.007889061490268233,,0.0,0.0,False,0.0,0.0,0.0,120.0,0.0,0.0,0.0,0.0,1.0,0.0,False,0.0,0.0
persistence,test-0141,141,1.0,False,True,False,True,0.0,False,False,False,False,True,False,True,False,False,True,0.0,0.5725007954862373,,0.0,0.011622000485658646,True,0.005835572682665024,0.032643415129027215,0.03249134958305068,19.347191107490037,0.4821335515054556,0.08094130888797736,0.4817208829817499,0.012859269377039685,0.5317617863680185,0.4682382136319815,True,0.00031164754182100296,0.8217281947117917
linear-extrapolation,test-0141,141,1.0,False,True,False,True,0.0,False,False,False,False,True,False,False,False,True,True,0.0,3.388164236005512e-14,,0.0,0.008190576918423176,True,0.0023180885896427945,0.05047786823776154,0.07020924285070185,20.866855068276863,0.3397824620151167,0.03215264975129838,0.3834702471096243,0.011477053746319132,0.6272625293381199,0.3727374706618801,True,0.0002781492075882852,0.8217281947117917
learned-seed-11,test-0141,141,1.0,False,True,False,True,33.525556755812886,False,False,False,False,True,True,True,True,False,True,0.0,2.489823434861108,11,5.793475937429563,0.011496727354824543,True,0.003147386339740741,0.04958133070213261,0.06790496834621225,19.394257678214643,0.4769366510620437,0.043655281798051976,0.5145728453976165,0.018042171491433764,0.4998293027673582,0.5001706972326418,True,0.00043725644354708493,2.6284784317346093
learned-seed-29,test-0141,141,0.0,False,False,False,True,1698.6396229216498,False,False,False,False,False,True,True,True,True,True,0.0,5.957381126598168,29,27.20286057951046,0.012889941222965717,True,0.024828247251850684,0.24060164532698258,0.33407937866139636,18.897490629879353,0.534733512375416,0.3443759403303929,0.616896941319234,0.1261267505882241,0.4003691099908269,0.5996308900091731,True,0.003056712681427598,7.726946915070678
learned-seed-47,test-0141,141,0.0,True,True,True,True,7.197148688012325,False,False,False,False,False,True,True,True,False,True,0.0,1.004855103679162,47,2.9120267943617515,0.005320684984326363,True,0.0007797586231747945,0.01919741777663819,0.026097752292033292,22.74032453087805,0.22072626404555157,0.010815508092966018,0.22048113376089118,0.012296201510422022,0.7856898136266498,0.2143101863733502,True,0.0002980014542117715,1.1385154801702224
analytic-oracle,test-0142,142,0.0,False,False,False,False,8.738515821276606e-16,False,False,False,False,False,False,False,False,False,False,0.0,0.007872128624062762,,0.0,0.0,False,0.0,0.0,0.0,120.0,0.0,0.0,0.0,0.0,1.0,0.0,False,0.0,0.0
persistence,test-0142,142,1.0,False,True,False,True,0.0,False,False,False,False,True,False,True,False,False,True,0.0,0.5040820981708694,,0.0,0.011041835881769657,True,0.0015066856061463037,0.03389836982432612,0.0348893388025558,19.56958712201451,0.5612499067430193,0.027889036432472963,0.5602118517888596,0.012439851815338035,0.4666680795707178,0.5333319204292821,True,0.00024795724311843514,0.6972477341580899
linear-extrapolation,test-0142,142,1.0,False,True,False,True,0.0,False,False,False,False,True,False,False,False,False,True,0.0,2.727709906648378e-14,,0.0,0.006095867604017258,True,0.0012441395896317967,0.04203591086997733,0.06070827187572982,22.149644739960696,0.3098493005063712,0.023029259854065315,0.352767519601438,0.010318065977567884,0.6641588747304493,0.3358411252695507,True,0.00020566476450767368,0.6972477341580899
learned-seed-11,test-0142,142,0.0,False,True,False,True,5.172516185159966,False,False,False,False,False,True,True,True,False,True,0.0,0.5135965056110323,11,2.201085345383288,0.005877917632460594,True,0.0005656303898046904,0.020217678078554433,0.02734966924354633,22.307765040100016,0.2987710339462984,0.010469925832055174,0.29898186498042195,0.02227499258259023,0.7153638008293424,0.28463619917065763,True,0.0004439961048774421,0.8154359607545354
learned-seed-29,test-0142,142,1.0,False,True,False,True,4.915064870283976,False,False,False,False,True,True,True,True,False,True,0.0,0.5522929822660915,29,1.9065525528914078,0.00794918928295374,True,0.0017058519801354487,0.032077695757488346,0.04476654742266162,20.99677161644578,0.40405253179921025,0.03157564380274835,0.40430077387099644,0.01914074856265784,0.615098274927372,0.384901725072628,True,0.0003815228119492531,0.866286443514901
learned-seed-47,test-0142,142,0.0,True,True,True,True,3.5965662032439654,False,False,False,False,False,True,True,True,False,True,0.0,0.4774443360309601,47,1.4546680387716882,0.004138865042477846,False,0.0005356955668569571,0.01419668354989683,0.01841135446884027,23.83118734571149,0.21037603202813956,0.009915826579773676,0.21041426016004242,0.01782451167745598,0.7996817791367304,0.20031822086326956,True,0.00035528693115338683,0.577108029204888
analytic-oracle,test-0143,143,0.0,False,False,False,False,4.114356908714411e-16,False,False,False,False,False,False,False,False,False,False,0.0,0.025919926215659465,,0.0,0.0,False,1.2676925481569512e-14,0.0,0.0,120.0,0.0,1.315749865324735e-13,0.0,0.0,1.0,0.0,False,0.0,0.0
persistence,test-0143,143,1.0,False,True,False,True,0.0,False,False,False,False,True,False,True,False,False,True,0.0,0.5194624189046596,,0.0,0.011559480801224709,True,0.0044580623537728535,0.029421976223388616,0.028873351901121346,19.37061671990483,0.4238894905688936,0.046270643068098874,0.420920725816998,0.011397386612822209,0.590768650569986,0.40923134943001405,True,0.00031507477979175746,0.7630679011170779
linear-extrapolation,test-0143,143,1.0,False,True,False,True,0.0,False,False,False,False,True,False,False,False,True,True,0.0,1.0776810336026281e-14,,0.0,0.009649933315813541,True,0.003564161147110029,0.05322296432660679,0.07209130074637961,20.154756877623498,0.3538658342536123,0.036992759451995046,0.40274492364006326,0.010737059820038588,0.6084396931098913,0.3915603068901087,True,0.0002968203916680068,0.7630679011170779
learned-seed-11,test-0143,143,0.0,False,True,False,True,43.506003883065084,False,False,False,False,False,True,True,True,True,True,0.0,1.3032476713476042,11,5.175749738554703,0.017468074336647987,True,0.016970441886115357,0.07227881375458618,0.09584285794620653,17.577549685753294,0.6405593174216597,0.17613779191666448,0.6408415948026814,0.05300285213470458,0.3769551971978637,0.6230448028021363,True,0.0014652360696345568,1.485606923832174
learned-seed-29,test-0143,143,0.0,False,True,False,True,8.185506713884308,False,False,False,False,False,True,True,True,False,True,0.0,0.7400353757226988,29,3.035795020830194,0.011682822369039059,True,0.006739016886765507,0.03300406244242198,0.04384154038774999,19.324522264677235,0.42841246138789907,0.06994488193587643,0.42821778909166697,0.017712464832599636,0.5836742338125958,0.41632576618740424,True,0.0004896518075838685,0.9656423606742858
learned-seed-47,test-0143,143,1.0,False,True,False,True,69.4810626291799,False,False,False,False,True,True,True,True,False,True,0.0,2.5932949190392427,47,6.852140297990139,0.006922551896423101,True,0.001773929627639976,0.020335278648994877,0.02545955851231199,21.597337797866928,0.25385197201076903,0.018411780301589978,0.25365112854205174,0.010815759038076639,0.7533930090607148,0.24660699093928518,True,0.000298995990306139,2.527738908935284
analytic-oracle,test-0144,144,0.0,False,False,False,False,0.0,False,False,False,False,False,False,False,False,False,False,0.0,0.038248856987161885,,0.0,0.0,False,2.0239886155959397e-15,0.0,0.0,120.0,0.0,3.303692503082379e-14,0.0,0.0,1.0,0.0,False,0.0,0.0
persistence,test-0144,144,1.0,False,True,False,True,0.0,False,False,False,False,True,False,True,False,False,True,0.0,0.5960207353453534,,0.0,0.010982120409607887,True,0.0026354605206640124,0.03428823330295315,0.0331842442276608,19.593137989309948,0.5196663865018866,0.04301778724048643,0.5207001316306759,0.016859014644780117,0.5072009971632788,0.4927990028367212,True,0.0003699701919686049,0.8736837145241279
linear-extrapolation,test-0144,144,1.0,False,True,False,True,0.0,False,False,False,False,True,False,False,False,True,True,0.0,2.5935706226707906e-14,,0.0,0.008406398817896843,True,0.0017183537893524971,0.0610197267727092,0.08320871832642163,20.753900099642696,0.3977850118423678,0.028048144578399926,0.43510532884763703,0.01736365332767932,0.5882092990574785,0.41179070094252146,True,0.0003810444613918662,0.8736837145241279
learned-seed-11,test-0144,144,0.0,False,True,False,True,45.796479392977055,False,False,False,False,False,True,True,True,True,True,0.0,1.71225127427815,11,5.628541728332697,0.014201700687408447,True,0.011407082825101762,0.07327354398518883,0.09769187806095339,18.476596447063333,0.672014711471408,0.18619419951743357,0.671975358780205,0.0672778299117845,0.3640316823030661,0.635968317696934,True,0.0014764084480702877,1.7848552308741144
learned-seed-29,test-0144,144,0.0,False,True,False,True,5.934807591510898,False,False,False,False,False,True,True,True,False,True,0.0,0.9656590155348086,29,2.505941727691778,0.010845459997653961,True,0.006798340660664455,0.03627351164883156,0.048652620252291556,19.64752023160517,0.513199709775612,0.11096716108466992,0.513262490383481,0.024302540320486073,0.5142401007997545,0.48575989920024554,True,0.0005333179724402726,1.157753101754665
learned-seed-47,test-0144,144,0.0,False,True,False,True,394.4697608845941,False,False,False,False,False,True,True,True,True,True,0.0,4.074413035487049,47,11.6725508260478,0.012591123580932617,True,0.010354695496559712,0.05643463829891044,0.07430824719404054,18.999355134801952,0.5958033102220893,0.16901641451976662,0.5953052157955404,0.07463109437390698,0.4365935422201486,0.5634064577798514,True,0.0016377754509449005,4.874710005622821
analytic-oracle,test-0145,145,0.0,False,False,False,False,2.7711607099826144e-16,False,False,False,False,False,False,False,False,False,False,0.0,0.021318615752132918,,0.0,0.0,False,0.0,0.0,0.0,120.0,0.0,0.0,0.0,0.0,1.0,0.0,False,0.0,0.0
persistence,test-0145,145,1.0,False,True,False,True,0.0,False,False,False,False,True,False,True,False,False,True,0.0,0.6329570747497003,,0.0,0.009062639437615871,True,0.004030206194957806,0.02734417300144229,0.02584364016663829,20.427452983220505,0.4070639005490777,0.07152760141017406,0.4077594120692,0.013978993837967751,0.6118008412813035,0.3881991587186965,True,0.00032057048520073295,0.9677430436271032
linear-extrapolation,test-0145,145,1.0,False,True,False,True,0.0,False,False,False,False,True,False,False,False,True,True,0.0,2.2945862772788056e-14,,0.0,0.009488268755376339,True,0.002218584938280208,0.06347193372019212,0.08301309567927251,20.228130224068913,0.4261817669795222,0.03937517126504832,0.4677922085978455,0.015399151294075507,0.5546478230598728,0.4453521769401272,True,0.00035313796252012253,0.9677430436271032
learned-seed-11,test-0145,145,1.0,False,True,False,True,27.51066361050225,False,False,False,False,True,True,True,True,True,True,0.0,2.5212879439690594,11,5.271144271692806,0.010989570058882236,True,0.0027148407148228646,0.05593567896463261,0.07294779836849449,19.590192979957497,0.493615274481537,0.04818265744936529,0.5260215080481919,0.015277960530991492,0.49921178800995136,0.5007882119900486,True,0.0003503587795421481,2.704838875415401
learned-seed-29,test-0145,145,0.0,False,False,False,True,438.82366855719454,False,False,False,False,False,True,True,True,True,True,0.0,3.320242086597188,29,13.453018749767395,0.011288617737591267,True,0.015446741686368757,0.11705766079594292,0.15289249136333546,19.473592330695674,0.5070475107945233,0.27414686221533924,0.5337170547079744,0.12740525565753186,0.491885397371785,0.5081146026282151,True,0.002921695588156581,4.281328856170475
learned-seed-47,test-0145,145,0.0,False,True,False,True,1.2399602259371842,False,False,False,False,False,True,True,True,False,True,0.0,0.7202209936085906,47,1.3921093840886325,0.006725975777953863,True,0.0016510183349968763,0.026327670581722838,0.03421807723695541,21.72244701029697,0.30210866867420944,0.029302069341834797,0.30204650125094323,0.011196606618021823,0.7124426948613442,0.28755730513865585,True,0.00025676394579932094,0.8825392715256382
analytic-oracle,test-0146,146,0.0,False,False,False,False,2.6048131169971807e-16,False,False,False,False,False,False,False,False,False,False,0.0,0.024881575146581063,,4.251414101019722e-17,0.0,False,0.0,0.0,0.0,120.0,0.0,0.0,0.0,0.0,1.0,0.0,False,0.0,0.0
persistence,test-0146,146,1.0,False,True,False,True,0.0,False,False,False,False,True,False,True,False,False,True,0.0,0.4616382988624835,,0.0,0.010950976051390171,True,0.0037852425638613056,0.033447948280456816,0.03496172924005583,19.605471707926668,0.5697177013495577,0.07661631983504816,0.5689799242336049,0.011396351480535338,0.4584987197454053,0.5415012802545947,True,0.00022460604668594897,0.6291954271966438
linear-extrapolation,test-0146,146,1.0,False,True,False,True,0.0,False,False,False,False,True,False,False,False,False,True,0.0,9.224069318852107e-15,,0.0,0.005654310341924429,True,0.0016198838039330524,0.038819019877033914,0.056665679451234,22.476203585478682,0.2941619701843181,0.03278773645912555,0.33781816307842205,0.009154753474870452,0.6784966217452758,0.3215033782547242,True,0.0001804273051675409,0.6291954271966438
learned-seed-11,test-0146,146,0.0,False,True,False,True,13.600419639536073,False,False,False,False,False,True,True,True,False,True,0.0,1.053863038827633,11,3.3676199074650626,0.009972833096981049,True,0.0008905435337950587,0.03164826270446818,0.03625486605072686,20.011814491504975,0.518830423999838,0.018025309358952947,0.5187164321173925,0.01921897431190146,0.5063347578405227,0.49366524215947727,True,0.0003787789319176227,1.1166559365735462
learned-seed-29,test-0146,146,1.0,False,True,False,True,8.786166924227308,False,False,False,False,True,True,True,True,False,True,0.0,0.601772322243573,29,3.1002189997981895,0.007630873937159777,True,0.0010701070020815253,0.028638032387493056,0.04015012718759238,21.174257209768165,0.39699145887685794,0.021659816761007655,0.3968681882614852,0.01943417788019435,0.6222983924689709,0.3777016075310291,True,0.0003830202913377434,0.8697335704758462
learned-seed-47,test-0146,146,0.0,False,True,False,True,3.8118344395365824,False,False,False,False,False,True,True,True,False,True,0.0,0.247765147263597,47,0.9989203219607641,0.007773048244416714,True,0.0003084202063500085,0.02511416728716806,0.03415859782519217,21.09408636781977,0.4043879885689401,0.006242670258150893,0.40428403245326167,0.025849995912473053,0.6152406933253244,0.3847593066746756,True,0.0005094670341350138,0.5398944973365881
analytic-oracle,test-0147,147,0.0,False,False,False,False,2.621936446889073e-16,False,False,False,False,False,False,False,False,False,False,0.0,0.0003408096866128182,,0.0,0.0,False,0.0,0.0,0.0,120.0,0.0,0.0,0.0,0.0,1.0,0.0,False,0.0,0.0
persistence,test-0147,147,1.0,False,True,False,True,0.0,False,False,False,False,True,False,True,False,False,True,0.0,0.4601283970224233,,0.0,0.011999095790088177,True,0.004730863861552191,0.03712139441117318,0.03837583319602759,19.208514796332764,0.5952918923434444,0.09460817368139368,0.5953315712806414,0.014641218238458752,0.4282142987989519,0.5717857012010481,True,0.0002920842671301216,0.6351606026889338
linear-extrapolation,test-0147,147,1.0,False,True,False,True,0.0,False,False,False,False,True,False,False,False,False,True,0.0,2.6408977773688768e-14,,0.0,0.006426309701055288,True,0.0015869090135241467,0.045566930245800594,0.0658438200264047,21.92038348467304,0.31881819510819365,0.03173512659880316,0.3584057409892923,0.012272222341526084,0.6557695109546973,0.34423048904530273,True,0.00024482409935444593,0.6351606026889338
learned-seed-11,test-0147,147,1.0,False,False,False,True,66.70853176725487,False,False,False,False,True,True,True,True,True,True,0.0,1.8487587414903155,11,7.839858887219715,0.01620466820895672,True,0.01478930626895126,0.11174018184388448,0.1532485779023682,17.90359856732629,0.8039362108331507,0.29575766647852614,0.8034215530600263,0.05456983267477601,0.22835445281650202,0.771645547183498,True,0.0010886382078751922,2.0702605943755374
learned-seed-29,test-0147,147,1.0,False,True,False,True,16.053135739990136,False,False,False,False,True,True,True,True,False,True,0.0,0.8196479100231974,29,4.028457655454494,0.007697299122810364,True,0.001066519245757264,0.027857949291495047,0.03850026748309642,21.13661636103666,0.38187375456543826,0.021328332623811033,0.38164588999537125,0.02245040950143227,0.6334485296116912,0.3665514703883088,True,0.00044787334627471864,0.9855230135556529
learned-seed-47,test-0147,147,0.0,False,True,False,True,4.093000576054187,False,False,False,False,False,True,True,True,False,True,0.0,0.21970703727840302,47,0.8676260321216357,0.007696769665926695,True,0.00021593602038077683,0.02396014160870512,0.03204773344736977,21.13691509973431,0.38184748747034153,0.0043183048842903434,0.3816302491004283,0.03800163546144452,0.6334635518959337,0.36653644810406627,True,0.0007581117679364979,0.7218069752601255
analytic-oracle,test-0148,148,0.0,False,False,False,False,0.0,False,False,False,False,False,False,False,False,False,False,0.0,0.01702316547998428,,0.0,0.0,False,0.0,0.0,0.0,120.0,0.0,0.0,0.0,0.0,1.0,0.0,False,0.0,0.0
persistence,test-0148,148,1.0,False,True,False,True,0.0,False,False,False,False,True,False,True,False,False,True,0.0,0.5885262526069679,,0.0,0.009848864749073982,True,0.005473169213625049,0.0303402952937528,0.029195256893083565,20.066138265203506,0.4633268545822844,0.11046861040085511,0.45893933920766444,0.014855630113039723,0.5551748746420357,0.44482512535796426,True,0.000315947865601629,0.872696120935836
linear-extrapolation,test-0148,148,1.0,False,True,False,True,0.0,False,False,False,False,True,False,False,False,True,True,0.0,1.54714929429884e-14,,0.0,0.008257867768406868,True,0.0013338904489686018,0.05772232280573884,0.07781584218769859,20.83132075676746,0.3884804996486648,0.02692279711683493,0.4265784254798455,0.01506590051900008,0.5865405612936256,0.41345943870637436,True,0.00032041987287811935,0.872696120935836
learned-seed-11,test-0148,148,1.0,False,True,False,True,31.020821532666652,False,False,False,False,True,True,True,True,True,True,0.0,2.558299908398179,11,5.5782365876287665,0.011260825209319592,True,0.0021991271339434587,0.05094391499413043,0.06813128985756255,19.48429782599934,0.5297506725052245,0.044386443959521946,0.5286858367536142,0.018954747381571907,0.4875733598803699,0.51242664011963,True,0.00040312742930836976,2.7271537265388077
learned-seed-29,test-0148,148,0.0,False,False,False,True,942.816606279279,False,False,False,False,False,True,True,True,True,True,0.0,4.778681794263986,29,20.790146104662313,0.011398060247302055,True,0.01340208689817237,0.1734392719619699,0.23351987338094116,19.431690517838693,0.536206713897495,0.2705032236947815,0.5919887623883072,0.13573908028561646,0.42621725151190276,0.5737827484880973,True,0.0028868834488093853,5.934927316735335
learned-seed-47,test-0148,148,0.0,False,True,False,True,3.8202110704741465,False,False,False,False,False,True,True,True,False,True,0.0,0.9424309691089532,47,2.0892438346522653,0.006493764463812113,True,0.0008989007387002787,0.02260068256264961,0.02953480134308566,21.87503467776816,0.30549058597836576,0.018143110804124448,0.3051570837210016,0.0208337210580385,0.7042277128510791,0.2957722871489209,True,0.0004430892295204103,1.1311547730761427
analytic-oracle,test-0149,149,0.0,False,False,False,False,1.111803162067579e-15,False,False,False,False,False,False,False,False,False,False,0.0,0.03497795992526321,,0.0,0.0,False,5.702903427273753e-17,0.0,0.0,120.0,0.0,1.6302470084268088e-15,0.0,0.0,1.0,0.0,False,0.0,0.0
persistence,test-0149,149,1.0,False,True,False,True,0.0,False,False,False,False,True,False,True,False,False,True,0.0,0.5473331969233168,,0.0,0.010072444565594196,True,0.0028143719935250534,0.036434328966983585,0.03747238542718706,19.96865114103178,0.6402513384344088,0.0804523797668049,0.6362534920451064,0.015814853757663574,0.3985035751265062,0.6014964248734938,True,0.0002498103422112763,0.7534892232772884
linear-extrapolation,test-0149,149,1.0,False,True,False,True,0.0,False,False,False,False,True,False,False,False,False,True,0.0,2.6443310837738748e-14,,0.0,0.005199606996029615,True,0.0008932220786539904,0.04435119278691439,0.064390893039002,22.840294805778566,0.3305111601122511,0.025533881822764098,0.36521522434741355,0.0137772966965144,0.6547356446748326,0.3452643553251674,True,0.00021762523101642728,0.7534892232772884
learned-seed-11,test-0149,149,0.0,False,True,False,True,23.993621876050288,False,False,False,False,False,True,True,True,False,True,0.0,1.4193431488248833,11,4.346026357436765,0.009878786280751228,True,0.001482566767581134,0.04762668562172459,0.06591417686684638,20.052964100633606,0.6279415187811788,0.0423810444708435,0.6274620182766766,0.03984141961983761,0.40681479087179406,0.5931852091282059,True,0.0006293323240242898,1.4180330818192353
learned-seed-29,test-0149,149,0.0,False,True,False,True,6.112681877569494,False,False,False,False,False,True,True,True,False,True,0.0,0.6073579228327332,29,1.3198932817668927,0.008937240578234196,True,0.002536906359455514,0.044357386523519476,0.062359578348568825,20.487965512973283,0.5680925027545382,0.07252067400233693,0.5684348294314187,0.03391448607349486,0.4626174599410558,0.5373825400589443,True,0.0005357108893804252,0.94355554378946
learned-seed-47,test-0149,149,0.0,False,True,False,True,530.3363119229062,False,False,False,False,False,True,True,True,True,True,0.0,3.8797040808484544,47,12.733408101541576,0.010184855200350285,True,0.0069706847417465665,0.0780232624334664,0.11082147913415838,19.920451410512378,0.6473966802516959,0.19926583172654602,0.6470752011491987,0.10362456216563982,0.38827303113969075,0.6117269688603093,True,0.0016368464566767216,5.08597026457732
analytic-oracle,test-0150,150,0.0,False,False,False,False,0.0,False,False,False,False,False,False,False,False,False,False,0.0,0.0059159936565868565,,0.0,0.0,False,5.872038966181492e-16,0.0,0.0,120.0,0.0,7.971840289853467e-15,0.0,0.0,1.0,0.0,False,0.0,0.0
persistence,test-0150,150,1.0,False,True,False,True,0.0,False,False,False,False,True,False,True,False,False,True,0.0,0.4840510171445145,,0.0,0.009352730587124825,True,0.003970935959582977,0.026308607482768073,0.025136252272754896,20.290615756738454,0.36750461941617135,0.05390915736994296,0.3665458074001735,0.010757520558103605,0.645025444827254,0.354974555172746,True,0.0002797167398966849,0.7251897238747114
linear-extrapolation,test-0150,150,1.0,False,True,False,True,0.0,False,False,False,False,True,False,False,False,True,True,0.0,2.295639598983069e-14,,0.0,0.009367205202579498,True,0.002637116626810011,0.053335741016310716,0.07118373505765319,20.283899657983593,0.36807338251634963,0.03580131653710275,0.4172099265515736,0.0104921753075388,0.5959607091355623,0.4040392908644377,True,0.0002728172403294593,0.7251897238747114
learned-seed-11,test-0150,150,1.0,False,True,False,True,48.786060893238016,False,False,False,False,True,True,True,True,True,True,0.0,2.58256889819969,11,6.98161562562365,0.012309350073337555,True,0.003398478775032487,0.056702776773705874,0.07500870387143273,19.097648769642632,0.48368152720979946,0.04613751744333789,0.5294358569168037,0.01627860009117673,0.4872775680220342,0.5127224319779657,True,0.0004232756909914315,2.7052340197617855
learned-seed-29,test-0150,150,0.0,False,False,False,True,5196.202676146358,False,False,False,False,False,True,True,True,True,True,0.0,8.559627298186616,29,48.361117944717364,0.013274039141833782,True,0.02699973513472316,0.35109434892016084,0.4683156309035489,18.769969060658788,0.5215878568821946,0.3665465736892486,0.6347588428899907,0.12275476940696872,0.38527945662505814,0.6147205433749419,True,0.0031918659806251526,11.09607251328945
learned-seed-47,test-0150,150,0.0,False,True,False,True,2.154835973809425,False,False,False,False,False,True,True,True,False,True,0.0,0.6606807598470029,47,1.685401835743582,0.007809859234839678,True,0.001653740855365942,0.026333847997747177,0.03464636808446088,21.073567937902165,0.306879292529259,0.022451073733858264,0.3069806661911461,0.012221105033259306,0.7027102118539094,0.29728978814609064,True,0.0003177728212904185,0.7994938415731448
analytic-oracle,test-0151,151,0.0,False,False,False,False,8.112830806463818e-16,False,False,False,False,False,False,False,False,False,False,0.0,0.008359087150401711,,0.0,0.0,False,0.0,0.0,0.0,120.0,0.0,0.0,0.0,0.0,1.0,0.0,False,0.0,0.0
persistence,test-0151,151,1.0,False,True,False,True,0.0,False,False,False,False,True,False,True,False,False,True,0.0,0.48937066221445247,,0.0,0.010035079903900623,True,0.0002961314249160015,0.035266064971532084,0.03571835528001895,19.98479165111227,0.5933608320180376,0.007318690185759618,0.5930964535781142,0.015582845763709136,0.43708228086834344,0.5629177191316566,True,0.0002681580663193017,0.6863620550184245
linear-extrapolation,test-0151,151,1.0,False,True,False,True,0.0,False,False,False,False,True,False,False,False,False,True,0.0,2.6926788193093888e-14,,0.0,0.005825403146445751,True,0.0006611178233188453,0.047334245922140666,0.06749626682468671,22.346740139554534,0.3444482845096213,0.016339085007701742,0.3803811455028523,0.014308379022155123,0.6389739214669725,0.3610260785330275,True,0.0002462263510096818,0.6863620550184245
learned-seed-11,test-0151,151,1.0,False,True,False,True,14.9920745543986,False,False,False,False,True,True,True,True,False,True,0.0,1.1152784486097596,11,3.337964608285436,0.0077330875210464,True,0.0015026642414903214,0.034739997090087384,0.048436505608909115,21.116470745636544,0.4572471061015515,0.03713734211020197,0.45702727075429084,0.02862235944172631,0.5662278078348219,0.43377219216517815,True,0.0004925490939058363,1.402955032205988
learned-seed-29,test-0151,151,1.0,False,True,False,True,4.877361056383845,False,False,False,False,True,True,True,True,False,True,0.0,0.5963927756281302,29,1.812893606240495,0.010117755271494389,True,0.0011666359329613974,0.04997884740251795,0.06910684237244472,19.949158295256865,0.598249315754352,0.02883262711933052,0.598082626453203,0.024792708382266635,0.43234982117294685,0.5676501788270532,True,0.00042664638021960855,0.8980283506794111
learned-seed-47,test-0151,151,1.0,False,True,False,True,6.3541500992392,False,False,False,False,True,True,True,True,False,True,0.0,0.8998258659642816,47,2.493329954020252,0.004468077793717384,True,1.929403401355263e-05,0.017647995188932383,0.02171881734332426,23.498792739879267,0.2641914546361463,0.00047683915146375853,0.264174705231876,0.022243223553881548,0.7492673887623921,0.2507326112376079,True,0.00038277346175163984,1.0550830045238664
analytic-oracle,test-0152,152,0.0,False,False,False,False,9.476868511582328e-16,False,False,False,False,False,False,False,False,False,False,0.0,0.041785615828159456,,0.0,0.0,False,7.979727989493313e-17,0.0,0.0,120.0,0.0,1.971189508366167e-15,0.0,0.0,1.0,0.0,False,0.0,0.0
persistence,test-0152,152,1.0,False,True,False,True,0.0,False,False,False,False,True,False,True,False,False,True,0.0,0.6403342171769125,,0.0,0.009406118653714657,True,0.002811419227129468,0.03528788869946591,0.034041622353545485,20.265895471369824,0.5579485158412796,0.06944898487057846,0.5582887596094411,0.020473236769237117,0.4692070942966822,0.5307929057033178,True,0.00035392525023780763,0.9403478534255868
linear-extrapolation,test-0152,152,1.0,False,True,False,True,0.0,False,False,False,False,True,False,False,False,True,True,0.0,2.6965412150028836e-14,,0.0,0.006940539460629225,True,0.0011941166025595034,0.06350324175928297,0.08648341533242146,21.586067722441037,0.4116962409002358,0.029497623500830707,0.44245961115339777,0.022447658000972523,0.579331629702221,0.42066837029777904,True,0.0003880574950017035,0.9403478534255868
learned-seed-11,test-0152,152,1.0,False,True,False,True,28.09700795373353,False,False,False,False,True,True,True,True,False,True,0.0,1.9210012366241374,11,4.972801995363425,0.008769099600613117,True,0.0016350747787908545,0.04072643987720366,0.05446558926149104,20.570449971197288,0.520162065518302,0.040390377386176,0.5198026977124122,0.02602163863647065,0.5057977085116138,0.49420229148838624,True,0.000449841667432338,2.149124658887804
learned-seed-29,test-0152,152,0.0,False,True,False,True,6.364655683032468,False,False,False,False,False,True,True,True,False,True,0.0,0.4299456461589413,29,1.2811349466994149,0.006410303059965372,True,0.0032151098817465333,0.033297755650534805,0.045097978873249296,21.93121437851017,0.38024388273988197,0.07942113911010105,0.3799107793435671,0.05672580592851872,0.6387999167010744,0.3612000832989256,True,0.0009806312154978514,0.7274474415194953
learned-seed-47,test-0152,152,1.0,False,True,False,True,8.3543608700536,False,False,False,False,True,True,True,True,False,True,0.0,0.9824600013321912,47,3.0466208249214386,0.01274883933365345,True,0.0017864739609658124,0.04859281856842979,0.05910930132290422,18.945293520092015,0.7562307309510424,0.044130310374762054,0.7561571235791086,0.027304703085431606,0.2810837942114455,0.7189162057885545,True,0.0004720222787000239,1.3116676807619398
analytic-oracle,test-0153,153,0.0,False,False,False,False,8.495730115398399e-16,False,False,False,False,False,False,False,False,False,False,0.0,0.004871429591907532,,0.0,0.0,False,0.0,0.0,0.0,120.0,0.0,0.0,0.0,0.0,1.0,0.0,False,0.0,0.0
persistence,test-0153,153,1.0,False,True,False,True,0.0,False,False,False,False,True,False,True,False,False,True,0.0,0.5112340349652449,,0.0,0.00913990754634142,True,0.002327338692398908,0.027606314133433302,0.02689162987570887,20.390581972986443,0.40930489451680224,0.03444541475864572,0.4102434076743894,0.01124673887451732,0.6068270281953939,0.3931729718046061,True,0.0002511769998818636,0.7483017535369594
linear-extrapolation,test-0153,153,1.0,False,True,False,True,0.0,False,False,False,False,True,False,False,False,False,True,0.0,3.010540191403812e-14,,0.0,0.007793484255671501,True,0.002329449073114562,0.04810791042477137,0.06571743819569136,21.082683376153106,0.3490091376758905,0.03447664912057455,0.39630408099202463,0.010491582582777187,0.6201863324380364,0.37981366756196355,True,0.00023431185400113463,0.7483017535369594
learned-seed-11,test-0153,153,0.0,False,True,False,True,92.66568930838125,False,False,False,False,False,True,True,True,True,True,0.0,1.9853857489332523,11,7.994860803044421,0.015156174078583717,True,0.015772281886471565,0.08984729401847691,0.12042069395945125,18.19410415211893,0.6787263657821326,0.23343520779513127,0.6792108295811199,0.0724258324090298,0.34905147687288013,0.6509485231271199,True,0.0016175091732293367,2.1034699949801885
learned-seed-29,test-0153,153,0.0,False,True,False,True,64.23728373374654,False,False,False,False,False,True,True,True,True,True,0.0,2.1300552700358746,29,7.0823042491643085,0.01239402312785387,True,0.016440164388979446,0.07252268673862398,0.09859217618653039,19.06787697770821,0.555031252041019,0.2433200990161908,0.554961973406717,0.04302735592311963,0.4681302752436911,0.5318697247563089,True,0.0009609436383470893,2.54370351784613
learned-seed-47,test-0153,153,0.0,False,True,False,True,64.11876781266653,False,False,False,False,False,True,True,True,False,True,0.0,1.5362588141013318,47,6.017589599766234,0.013384375721216202,True,0.003985940645748039,0.046482348560129706,0.057549972463265285,18.734018805214067,0.5993813903444276,0.05899329530100144,0.5994046898753173,0.024863597987307706,0.42553684270547004,0.57446315729453,True,0.0005552866496145725,1.694420678190987
analytic-oracle,test-0154,154,0.0,False,False,False,False,1.5758240048825688e-16,False,False,False,False,False,False,False,False,False,False,0.0,0.034959264849784934,,0.0,0.0,False,1.3725999503666486e-16,0.0,0.0,120.0,0.0,1.7952051240905506e-15,0.0,0.0,1.0,0.0,False,0.0,0.0
persistence,test-0154,154,1.0,False,True,False,True,0.0,False,False,False,False,True,False,True,False,False,True,0.0,0.5935212341366031,,0.0,0.010875199921429157,True,0.0013991267593831424,0.030972920669484472,0.029595894152359286,19.635627505594925,0.4530848701099153,0.018298991829526833,0.4497640628353918,0.0150777128060087,0.5697580927071143,0.4302419072928857,True,0.00036828560405410826,0.8871152399544302
linear-extrapolation,test-0154,154,1.0,False,True,False,True,0.0,False,False,False,False,True,False,False,False,True,True,0.0,3.089336118511408e-14,,0.0,0.009726411662995815,True,0.002070599089069071,0.062434485791025535,0.08345894119048873,20.120473531943265,0.4052238116818818,0.027081088656903257,0.4445325426608267,0.01571397547004175,0.5747625370456783,0.42523746295432174,True,0.00038382684579119086,0.8871152399544302
learned-seed-11,test-0154,154,0.0,False,True,False,True,1.6429766981046616,False,False,False,False,False,True,True,True,False,True,0.0,0.3146826518507045,11,1.0905268829453412,0.007694614119827747,True,0.001742761886033211,0.029276404438946028,0.03860355282394144,21.138131548879375,0.3205746344173803,0.022793349708637372,0.3188495622407936,0.01734475950233332,0.6949902067916266,0.3050097932083734,True,0.000423660094384104,0.680277250572361
learned-seed-29,test-0154,154,1.0,False,True,False,True,2.9476752040023517,False,False,False,False,True,True,True,True,False,True,0.0,0.5042081804086213,29,1.5300037566300808,0.010014355182647705,True,0.0028105560332730125,0.03945330362512743,0.05208936817956822,19.99377009389232,0.4172201752561639,0.03675888660150078,0.4149416871619956,0.01925127407668546,0.6030689918299609,0.3969310081700391,True,0.00047022828948684037,0.9015710674457683
learned-seed-47,test-0154,154,0.0,True,True,True,True,2.314216308335558,False,False,False,False,False,True,True,True,False,True,0.0,0.44642713009528884,47,1.1878960240124485,0.0028836329001933336,False,0.0002427251023483215,0.00927910838473463,0.009648616329034401,25.400600281301273,0.12013852135759893,0.003174569162447623,0.11949287451464273,0.01825990904155682,0.8856937525977813,0.11430624740221873,True,0.0004460133786778897,0.5121155008275592
analytic-oracle,test-0155,155,0.0,False,False,False,False,1.116003811888887e-16,False,False,False,False,False,False,False,False,False,False,0.0,0.024162144154003067,,0.0,0.0,False,8.586881206085195e-17,0.0,0.0,120.0,0.0,2.289675389347946e-15,0.0,0.0,1.0,0.0,False,0.0,0.0
persistence,test-0155,155,1.0,False,True,False,True,0.0,False,False,False,False,True,False,True,False,False,True,0.0,0.49870334388036924,,0.0,0.01053847000002861,True,0.0033646390705015777,0.03840324850664579,0.03969325538955538,19.772224364457923,0.6531274296186202,0.08971745490442477,0.651965394770577,0.01693603925953988,0.38222947125260864,0.6177705287473914,True,0.000276623060926795,0.6841448500071999
linear-extrapolation,test-0155,155,1.0,False,True,False,True,0.0,False,False,False,False,True,False,False,False,False,True,0.0,2.1820049624131633e-14,,0.0,0.005362105555832386,True,0.000985095171421286,0.04574724051252251,0.06661982098455246,22.706646409565856,0.3323194181902137,0.02626737363701263,0.365939333712477,0.01490128679954649,0.6532537808136634,0.34674621918633663,True,0.00024338864022865891,0.6841448500071999
learned-seed-11,test-0155,155,1.0,False,True,False,True,35.054030285517534,False,False,False,False,True,True,True,True,True,True,0.0,1.2392283151149712,11,5.421666981289715,0.008429588750004768,True,0.0026827419425017153,0.06793436301402421,0.09827072863668558,20.74193612559156,0.5224283632270819,0.07153479889024957,0.5221303347472049,0.045788393156699005,0.5052548255489248,0.49474517445107524,True,0.0007478800253011286,1.663809283747023
learned-seed-29,test-0155,155,1.0,False,True,False,True,20.65847164195237,False,False,False,False,True,True,True,True,True,True,0.0,1.5591750812273946,29,4.361510464230654,0.0069669089280068874,True,0.0021355928280590987,0.05326532859885794,0.07716082533581987,21.569598665606765,0.4317779830016883,0.0569451727899726,0.43194242480611955,0.029432313746290024,0.590712479065232,0.40928752093476795,True,0.0004807296791113913,1.8223313323419683
learned-seed-47,test-0155,155,0.0,False,True,False,True,88.30485459349372,False,False,False,False,False,True,True,True,True,True,0.0,1.6947561494152819,47,6.4211109263754755,0.011100511997938156,True,0.0008124558979184619,0.05153907260411758,0.061620014801731966,19.54656989433954,0.6879602891733164,0.021663980550658997,0.6879240506773752,0.03310822713636767,0.3481568071959446,0.6518431928040553,True,0.0005407698336057365,1.7867874316716803
analytic-oracle,test-0156,156,0.0,False,False,False,False,4.29341955433409e-16,False,False,False,False,False,False,False,False,False,False,0.0,0.013342048311612648,,0.0,0.0,False,0.0,0.0,0.0,120.0,0.0,0.0,0.0,0.0,1.0,0.0,False,0.0,0.0
persistence,test-0156,156,1.0,False,True,False,True,0.0,False,False,False,False,True,False,True,False,False,True,0.0,0.622800681979671,,0.0,0.009502335451543331,True,0.0027260126605166304,0.03745449962457153,0.037424616016359685,20.221696421779477,0.6272577206291675,0.0807848699896535,0.6293130400854652,0.020030289430680963,0.4074785522079736,0.5925214477920264,True,0.0003127901582047343,0.8879534654146025
linear-extrapolation,test-0156,156,1.0,False,True,False,True,0.0,False,False,False,False,True,False,False,False,True,True,0.0,3.294747291359172e-14,,0.0,0.00581407593563199,True,0.0008109691668456149,0.055615432922530184,0.07792717990701302,22.355193003587466,0.38379238846562697,0.024032917989758887,0.4132031816317802,0.019921661602275844,0.6109539580182795,0.38904604198172055,True,0.0003110938414465636,0.8879534654146025
learned-seed-11,test-0156,156,1.0,False,True,False,True,80.90719539116262,False,False,False,False,True,True,True,True,True,True,0.0,2.9213710753320483,11,8.663366146475122,0.011487000621855259,True,0.0023895753910268924,0.10329511078537147,0.14145704742495663,19.397933554218724,0.7582672558418786,0.07081461509353296,0.757690913169796,0.06167994143397307,0.2866060477798779,0.713393952220122,True,0.0009631852153688669,3.2784311266656503
learned-seed-29,test-0156,156,1.0,False,True,False,True,7.546453362895775,False,False,False,False,True,True,True,True,True,True,0.0,1.1819293447840553,29,2.672938515636164,0.007579197641462088,True,0.0017846322587377972,0.05149226369191739,0.07138271973223423,21.20376767762329,0.5003096618746845,0.05288723969981542,0.5002863269519572,0.028851672367212568,0.5289619634834336,0.4710380365165664,True,0.00045054362271912396,1.4670427303200004
learned-seed-47,test-0156,156,1.0,False,True,False,True,3.924483843316847,False,False,False,False,True,True,True,True,True,True,0.0,0.5595276492487201,47,1.90239418223444,0.011074638925492764,True,0.0007196243863142032,0.0526617848970048,0.06810899790758479,19.55670424492916,0.7310468889063895,0.021325932682484113,0.7313911937535603,0.032538489867242386,0.3113682040239561,0.688631795976044,True,0.0005081164417788386,1.0895943214087818
analytic-oracle,test-0157,157,0.0,False,False,False,False,1.314006203159903e-16,False,False,False,False,False,False,False,False,False,False,0.0,0.024138831700234186,,0.0,0.0,False,0.0,0.0,0.0,120.0,0.0,0.0,0.0,0.0,1.0,0.0,False,0.0,0.0
persistence,test-0157,157,1.0,False,True,False,True,0.0,False,False,False,False,True,False,True,False,False,True,0.0,0.6499671527483121,,0.0,0.011107444763183594,True,0.004753947128626476,0.030579082433096,0.02937243483025151,19.543858378083797,0.4178297427934917,0.04816653342105628,0.41600840610219486,0.01320265461683172,0.5943809976019091,0.4056190023980909,True,0.000354412681190297,0.9637717465294768
linear-extrapolation,test-0157,157,1.0,False,True,False,True,0.0,False,False,False,False,True,False,False,False,True,True,0.0,2.7659648729385992e-14,,0.0,0.009933991357684135,True,0.004008169872679775,0.05822133510326958,0.07852432183061422,20.028762221656116,0.3736878411182179,0.040610390251748674,0.4166403233735282,0.01289714949838285,0.5937648618473509,0.4062351381526491,True,0.00034621168742887676,0.9637717465294768
learned-seed-11,test-0157,157,0.0,False,True,False,True,7.128823930557828,False,False,False,False,False,True,True,True,False,True,0.0,0.9798524452999551,11,2.4242993982260206,0.011754290200769901,True,0.0016111094984147941,0.03197579928133123,0.04124037640496459,19.298035912260787,0.4421621854548015,0.016323605921717152,0.4412897180075719,0.02132751284920372,0.5697310617737977,0.43026893822620227,True,0.0005725167575292289,1.006856142839208
learned-seed-29,test-0157,157,0.0,True,True,True,True,6.723426960294326,False,False,False,False,False,True,True,True,False,True,0.0,0.5966202722565815,29,1.8901371189275211,0.004743668250739574,False,0.00037221341134451285,0.013810714240591528,0.017745646792054523,23.238856910415766,0.1784429927280664,0.003771230354947326,0.17800108159510986,0.021675318409485347,0.8264443215970662,0.17355567840293384,True,0.0005818532663397491,0.7650746899340746
learned-seed-47,test-0157,157,1.0,False,True,False,True,58.96145699361754,False,False,False,False,True,True,True,True,False,True,0.0,2.635363178136708,47,5.719436914643119,0.009758575819432735,True,0.0023174728542305623,0.027150712278301212,0.034733654389005456,20.106135592690457,0.36708921913159304,0.0234804112594197,0.36626871165553954,0.013459108092625287,0.642878491751299,0.35712150824870104,True,0.00036129693035036325,2.6442410553244486
analytic-oracle,test-0158,158,0.0,False,False,False,False,4.502601331868041e-16,False,False,False,False,False,False,False,False,False,False,0.0,0.005608820650057213,,0.0,0.0,False,0.0,0.0,0.0,120.0,0.0,0.0,0.0,0.0,1.0,0.0,False,0.0,0.0
persistence,test-0158,158,1.0,False,True,False,True,0.0,False,False,False,False,True,False,True,False,False,True,0.0,0.4965618691737,,0.0,0.008670380339026451,True,0.0025072657781379432,0.029799570392352644,0.029988118001029216,20.619618511376913,0.5355123230389109,0.07738455266389238,0.5325870208831239,0.013110980698650927,0.49519657267978373,0.5048034273202162,True,0.00021131699031684548,0.7076903513991806
linear-extrapolation,test-0158,158,1.0,False,True,False,True,0.0,False,False,False,False,True,False,False,False,False,True,0.0,1.9991298954188258e-14,,0.0,0.005624552723020315,True,0.0005703011572109203,0.044279717982288073,0.06189868160012555,22.499120079094972,0.3473915995590159,0.01760184353780111,0.3861185125491978,0.011870222998300714,0.6340242235655368,0.3659757764344632,True,0.0001913190062623471,0.7076903513991806
learned-seed-11,test-0158,158,0.0,False,True,False,True,23.469539797589622,False,False,False,False,False,True,True,True,False,True,0.0,0.7262612837164627,11,3.5349273775022674,0.008000384084880352,True,0.001099549420327178,0.044818295176285765,0.06198183136392228,20.968891627655537,0.49413106449478666,0.0339366256125638,0.4923329716663891,0.03945763533265966,0.5333506793540876,0.46664932064591236,True,0.000635960721410811,1.0659255634240654
learned-seed-29,test-0158,158,1.0,False,True,False,True,12.916517204521268,False,False,False,False,True,True,True,True,False,True,0.0,1.0669798491294193,29,3.461085650583727,0.005470136180520058,True,0.0004482489369435497,0.02435486406262578,0.033461731293163426,22.620018616533674,0.3378543061351343,0.013834809125502083,0.33954735792631796,0.016525087460511026,0.6781658897084836,0.32183411029151643,True,0.00026634405367076397,1.181570791236491
learned-seed-47,test-0158,158,0.0,False,False,False,True,72.40978603263629,False,False,False,False,False,True,True,True,True,True,0.0,2.0843024148263343,47,7.0758604115557935,0.009769665077328682,True,0.008586778704869858,0.05503110011914132,0.07552556755842803,20.1012032446559,0.6034079055705937,0.2650233711536077,0.6012464708593231,0.04168965591662036,0.43011889653132146,0.5698811034686786,True,0.0006719354423694313,2.1357883582679307
analytic-oracle,test-0159,159,0.0,False,False,False,False,7.785459852694553e-16,False,False,False,False,False,False,False,False,False,False,0.0,0.020130499104598222,,0.0,0.0,False,0.0,0.0,0.0,120.0,0.0,0.0,0.0,0.0,1.0,0.0,False,0.0,0.0
persistence,test-0159,159,1.0,False,True,False,True,0.0,False,False,False,False,True,False,True,False,False,True,0.0,0.5340451532701675,,0.0,0.00895075872540474,True,0.0026819009229843895,0.03347580744684368,0.03299781338552237,20.481401494561066,0.5829376239776093,0.09380449472665965,0.5845664648961582,0.01748466798974355,0.46226030111269906,0.5377396988873009,True,0.00027602605405263603,0.7716541697724093
linear-extrapolation,test-0159,159,1.0,False,True,False,True,0.0,False,False,False,False,True,False,False,False,True,True,0.0,2.896118427309938e-14,,0.0,0.006099674850702286,True,0.0008322284726615845,0.05421041276179557,0.07491706575647883,22.14693314876022,0.39725458741416186,0.02910874548202466,0.43017182671717924,0.017599553168057468,0.6042871384868311,0.39571286151316887,True,0.0002778397174552083,0.7716541697724093
learned-seed-11,test-0159,159,0.0,False,True,False,True,18.163275306682348,False,False,False,False,False,True,True,True,True,True,0.0,0.810437915668306,11,3.2192916786871173,0.008914289996027946,True,0.0010711722922289828,0.053256907216385235,0.0721788692044602,20.49913241729973,0.5805625186815576,0.03746625193220175,0.5796293079933458,0.048795758063941416,0.4668019664761909,0.5331980335238091,True,0.0007703263545408845,1.0820261294734141
learned-seed-29,test-0159,159,1.0,False,True,False,True,8.186437828582795,False,False,False,False,True,True,True,True,False,True,0.0,0.8912583099434951,29,2.9653093022916797,0.0060853417962789536,True,0.0007557728569968986,0.027016903305452578,0.03651442267735012,22.15715023667429,0.3963211160799202,0.026434567500661817,0.39553280823915254,0.02182111935466287,0.6361513942809683,0.36384860571903166,True,0.0003444845206104219,1.062140062506488
learned-seed-47,test-0159,159,0.0,False,True,False,True,31.101818798628244,False,False,False,False,False,True,True,True,False,True,0.0,1.692128733994355,47,4.643304960377062,0.009365372359752655,True,0.004634500444312559,0.043007380154254295,0.05824420089231473,20.284749507424532,0.6099402384251981,0.16210031055339985,0.6089979782151064,0.04291386996035371,0.43978587706610917,0.5602141229338908,True,0.0006774704670533538,1.7444663106902871
analytic-oracle,test-0160,160,0.0,False,False,False,False,2.655747938941169e-16,False,False,False,False,False,False,False,False,False,False,0.0,0.009544762406229,,0.0,0.0,False,0.0,0.0,0.0,120.0,0.0,0.0,0.0,0.0,1.0,0.0,False,0.0,0.0
persistence,test-0160,160,1.0,False,True,False,True,0.0,False,False,False,False,True,False,True,False,False,True,0.0,0.6465642507994195,,0.0,0.009856749325990677,True,0.0028655322262759833,0.03314958523485323,0.03266969833455293,20.062662881572475,0.5465722379252284,0.061389731402289635,0.5440060904679183,0.01705575582093924,0.47754209514542395,0.5224579048545761,True,0.0003080246096942574,0.9416495874085841
linear-extrapolation,test-0160,160,1.0,False,True,False,True,0.0,False,False,False,False,True,False,False,False,True,True,0.0,3.0675882771495254e-14,,0.0,0.00695950398221612,True,0.0015056214227726283,0.05621679862825962,0.07697802179855819,21.57421712323764,0.38591543120399746,0.032255681471663473,0.4201881877173532,0.01706638701852294,0.5964555470130419,0.40354445298695807,True,0.00030821660766378045,0.9416495874085841
learned-seed-11,test-0160,160,0.0,False,True,False,True,5.987023573354898,False,False,False,False,False,True,True,True,False,True,0.0,0.9878861334678953,11,2.523575955453488,0.008934827521443367,True,0.0004741316577459298,0.02713363117647917,0.03300248916613449,20.48913826729505,0.49545022525774657,0.010157559859716487,0.49435569305529703,0.020249050427942363,0.5252258307908889,0.4747741692091111,True,0.0003656950721051544,1.1613999910489412
learned-seed-29,test-0160,160,1.0,False,True,False,True,1.4496357898736392,False,False,False,False,True,True,True,True,False,True,0.0,0.49943322760227793,29,1.3936975426050107,0.006667529698461294,True,0.0010628477220747108,0.031001218800051415,0.04186570311133229,21.760350412025204,0.3697249983938934,0.02276991882394477,0.36883811163674346,0.021629099771396217,0.6457716367283658,0.3542283632716342,True,0.00039061857387423515,0.8639773424714977
learned-seed-47,test-0160,160,0.0,False,True,False,True,2.1186257898861904,False,False,False,False,False,True,True,True,False,True,0.0,0.22476586348235475,47,0.5848385422853924,0.004742048215121031,True,0.00047489210838791754,0.019231602262276885,0.025845414025504908,23.240340346145672,0.2629540246553378,0.010173851374510231,0.26223921954136614,0.018602657112888395,0.7481481262563894,0.2518518737436106,True,0.000335961434757337,0.4790301049981822
analytic-oracle,test-0161,161,0.0,False,False,False,False,2.0827398177557168e-16,False,False,False,False,False,False,False,False,False,False,0.0,0.002167952127149361,,0.0,0.0,False,0.0,0.0,0.0,120.0,0.0,0.0,0.0,0.0,1.0,0.0,False,0.0,0.0
persistence,test-0161,161,1.0,False,True,False,True,0.0,False,False,False,False,True,False,True,False,False,True,0.0,0.5162649095325034,,0.0,0.009471362456679344,True,0.004975694238998103,0.03724843832729353,0.037166633148126266,20.235875431871136,0.6227595138509182,0.18290234783333986,0.6241814220218705,0.01945315928067502,0.4204108448627603,0.5795891551372396,True,0.0003095824795309454,0.7357849876100324
linear-extrapolation,test-0161,161,1.0,False,True,False,True,0.0,False,False,False,False,True,False,False,False,True,True,0.0,2.836688318081587e-14,,0.0,0.005870152730494738,True,0.00045575273088768135,0.054927354008258794,0.07707916209961514,22.313505990678564,0.38597334622069013,0.016753088213796292,0.41706316269676574,0.019411942003879024,0.6127323281694632,0.3872676718305368,True,0.00030892653740011156,0.7357849876100324
learned-seed-11,test-0161,161,1.0,False,True,False,True,35.6724108343453,False,False,False,False,True,True,True,True,True,True,0.0,2.377121341114723,11,5.7197408043847755,0.010186232626438141,True,0.0012245415016351887,0.05132049242007577,0.06919505136565753,19.919864099166823,0.6697635432523646,0.04501311875496958,0.6701269597678878,0.03110559505677677,0.3777477112528542,0.6222522887471458,True,0.0004950222792103887,2.55438684104043
learned-seed-29,test-0161,161,0.0,False,False,False,True,5757.076688582821,False,False,False,False,False,True,True,True,True,True,0.0,9.583038605660818,29,52.447993000655,0.00852199736982584,True,0.008299436577667659,0.37659157115239916,0.5279683447326187,20.694586041733857,0.5603370120556267,0.30508032906277877,0.6713363447660203,0.16083520533189824,0.3766247261645881,0.6233752738354119,True,0.0025595719926059246,11.993213874392342
learned-seed-47,test-0161,161,0.0,False,True,False,True,12.273559056928455,False,False,False,False,False,True,True,True,False,True,0.0,1.384223438887702,47,3.60893069573267,0.006492521148175001,True,0.0006327428584090582,0.02373722021510902,0.030233641438016233,21.87586627063196,0.4268952151707476,0.023259096885563147,0.42675456881297863,0.031637707210724286,0.6037332876905063,0.39626671230949373,True,0.0005034904461354017,1.461623980333247
analytic-oracle,test-0162,162,0.0,False,False,False,False,2.1367483824862774e-16,False,False,False,False,False,False,False,False,False,False,0.0,0.027217753765023753,,3.8505415626139733e-17,0.0,False,3.3957212042246e-16,0.0,0.0,120.0,0.0,4.813565883179933e-15,0.0,0.0,1.0,0.0,False,0.0,0.0
persistence,test-0162,162,1.0,False,True,False,True,0.0,False,False,False,False,True,False,True,False,False,True,0.0,0.5096985817294698,,0.0,0.01294881571084261,True,0.006426212113089434,0.036040601710179594,0.03671053502795384,18.87769950020216,0.5465168978331435,0.09109403724652465,0.5457955828670347,0.01352688556591119,0.4757066670356454,0.5242933329643547,True,0.00032223056768998504,0.7114182249564637
linear-extrapolation,test-0162,162,1.0,False,True,False,True,0.0,False,False,False,False,True,False,False,False,False,True,0.0,2.3438480680921776e-14,,0.0,0.007643526419997215,True,0.0022161655200581,0.0475903988183719,0.0680243691214413,21.16706228936936,0.3226021931924401,0.031415001695544974,0.36632496971191536,0.01146038138831885,0.6481068272677539,0.3518931727322461,True,0.0002730033593252301,0.7114182249564637
learned-seed-11,test-0162,162,1.0,False,True,False,True,70.44354152471927,False,False,False,False,True,True,True,True,False,True,0.0,2.402196217588536,11,7.7729103111829945,0.01299426332116127,True,0.004492405229967328,0.047016084307199654,0.06534130803287945,18.862483367573063,0.5484350568030396,0.06368157822110634,0.5484074606259207,0.02528253629174611,0.47319768722985717,0.5268023127701429,True,0.0006022676825523376,2.5685458336129714
learned-seed-29,test-0162,162,0.0,False,True,False,True,13.455304483263705,False,False,False,False,False,True,True,True,False,True,0.0,1.1354197660535053,29,3.750757476632313,0.011274262331426144,True,0.014087677023154149,0.04113172719686283,0.058087919102751004,19.479118641614463,0.4758408036936323,0.19969825970267557,0.4758164492714665,0.03791152588168095,0.5429288915139928,0.4570711084860072,True,0.0009031090303324163,1.2412145540143351
learned-seed-47,test-0162,162,1.0,False,True,False,True,18.4252778649504,False,False,False,False,True,True,True,True,False,True,0.0,1.2212038920026713,47,4.412496814016445,0.015908094123005867,True,0.002666454968012929,0.04693228794274961,0.05842778533852701,17.98381848099614,0.6714160155405506,0.037798028433825834,0.6712991487484823,0.020494934295431293,0.35514745966857914,0.6448525403314209,True,0.00048821987002156675,1.4269908543249978
analytic-oracle,test-0163,163,0.0,False,False,False,False,6.713216890096076e-16,False,False,False,False,False,False,False,False,False,False,0.0,0.0010470747500833449,,0.0,0.0,False,0.0,0.0,0.0,120.0,0.0,0.0,0.0,0.0,1.0,0.0,False,0.0,0.0
persistence,test-0163,163,1.0,False,True,False,True,0.0,False,False,False,False,True,False,True,False,False,True,0.0,0.6429982337422019,,0.0,0.012403415516018867,True,0.00559653916811476,0.03186632052897638,0.031116408556904764,19.0645870713549,0.45542913775907407,0.05592368191572545,0.45266479748330773,0.014204460537200326,0.5668711808865486,0.43312881911345136,True,0.00038105613202787936,0.9509653345728697
linear-extrapolation,test-0163,163,1.0,False,True,False,True,0.0,False,False,False,False,True,False,False,False,True,True,0.0,2.0610263271325348e-14,,0.0,0.010401692241430283,True,0.0044298364249471525,0.05944285318239959,0.08011595113734592,19.828959999964738,0.38192977753843377,0.04426534966088511,0.4266515880400092,0.013699762926237022,0.5917617196476112,0.40823828035238885,True,0.0003675168554764241,0.9509653345728697
learned-seed-11,test-0163,163,0.0,False,True,False,True,10.429227523019243,False,False,False,False,False,True,True,True,False,True,0.0,1.0322603444531462,11,2.7837236159268843,0.013469254598021507,True,0.0029616270967392595,0.03806161572242356,0.04942628741722283,18.706564379016243,0.494564662444148,0.029594198617363014,0.4931353411695767,0.02855440924183749,0.5281472533950158,0.4718527466049842,True,0.0007660152041353285,1.0716018954492421
learned-seed-29,test-0163,163,0.0,True,True,True,True,4.969672430066105,False,False,False,False,False,True,True,True,False,True,0.0,0.5047637770053749,29,1.6052685387057792,0.004870828241109848,False,0.0008582341627123421,0.014101862138238934,0.017737507893510873,23.1239718458413,0.17884727824817886,0.008575945398216822,0.17835663953119696,0.021698378076419902,0.8293408255055673,0.17065917449443269,True,0.0005820918013341725,0.6904038982203021
learned-seed-47,test-0163,163,1.0,False,True,False,True,84.40754340269531,False,False,False,False,True,True,True,True,False,True,0.0,2.8335869008636174,47,6.28671949973178,0.009820908308029175,True,0.002594835043762114,0.026892289928372077,0.03430855754784761,20.078483436873352,0.360604528402695,0.025929011707428538,0.35978340541121706,0.01737136790781853,0.655744024300624,0.34425597569937605,True,0.0004660132108256221,2.905575203713325
analytic-oracle,test-0164,164,0.0,False,False,False,False,8.644527870394602e-16,False,False,False,False,False,False,False,False,False,False,0.0,0.006581083881136,,0.0,0.0,False,0.0,0.0,0.0,120.0,0.0,0.0,0.0,0.0,1.0,0.0,False,0.0,0.0
persistence,test-0164,164,1.0,False,True,False,True,0.0,False,False,False,False,True,False,True,False,False,True,0.0,0.5666364133379351,,0.0,0.01103536318987608,True,0.004128197854758694,0.030573439436215804,0.02951177780828429,19.57213369003146,0.4324284466381387,0.0442480832372255,0.4317585922733344,0.013753454323808182,0.5854712472948849,0.41452875270511513,True,0.0003476740384940058,0.8387733433638597
linear-extrapolation,test-0164,164,1.0,False,True,False,True,0.0,False,False,False,False,True,False,False,False,True,True,0.0,3.4455530214844907e-14,,0.0,0.009633950889110565,True,0.0037165456149564824,0.05732623822876659,0.07741227493230085,20.161955719143236,0.377513122702487,0.039835789250259296,0.42177388307106883,0.013204892929547324,0.5950575048142678,0.4049424951857322,True,0.0003338069363962859,0.8387733433638597
learned-seed-11,test-0164,164,1.0,False,True,False,True,26.086756638529497,False,False,False,False,True,True,True,True,True,True,0.0,2.2077055674836137,11,5.0308556158664945,0.012356740422546864,True,0.005311426447526729,0.05605114877155864,0.07490667881263052,19.080960764314383,0.48420754029506846,0.056930517341277326,0.5424958179071393,0.022463533256781194,0.4791531222095,0.5208468777905,True,0.0005678564193658531,2.4077859395149823
learned-seed-29,test-0164,164,0.0,False,False,False,True,1173.891795785827,False,False,False,False,False,True,True,True,True,True,0.0,4.886799187397758,29,22.599943777785512,0.015086428262293339,True,0.03226963347760311,0.19524151930580444,0.2630365933361122,18.214135680166756,0.5911722728587857,0.34588202367912046,0.6470543298394575,0.139536095213099,0.37876714191482685,0.6212328580851731,True,0.003527337685227394,6.4803746104664315
learned-seed-47,test-0164,164,0.0,False,True,False,True,7.374647540095915,False,False,False,False,False,True,True,True,False,True,0.0,0.7815361663243953,47,2.8610084316166335,0.007596504408866167,True,0.0007438670612529103,0.023699195975258228,0.031076953631775223,21.19386205768332,0.2976743533388552,0.007973138110569815,0.2969251588882958,0.016313078608102903,0.7149239923340951,0.2850760076659049,True,0.0004123788676224649,0.9529734471833722
analytic-oracle,test-0165,165,0.0,False,False,False,False,0.0,False,False,False,False,False,False,False,False,False,False,0.0,0.035324801046132004,,0.0,0.0,False,0.0,0.0,0.0,120.0,0.0,0.0,0.0,0.0,1.0,0.0,False,0.0,0.0
persistence,test-0165,165,1.0,False,True,False,True,0.0,False,False,False,False,True,False,True,False,False,True,0.0,0.5339694306357019,,0.0,0.010237051174044609,True,0.003901043905534621,0.029056803033268463,0.02797168385284893,19.898251257110097,0.41943560165128335,0.04729226135556199,0.41852308081819783,0.012068638443438875,0.6006706450871127,0.39932935491288735,True,0.0002990914508700371,0.7859635666249141
linear-extrapolation,test-0165,165,1.0,False,True,False,True,0.0,False,False,False,False,True,False,False,False,True,True,0.0,2.189553491915571e-14,,0.0,0.008937139995396137,True,0.003432426247730125,0.05308114569649371,0.07212307466186768,20.48801439027156,0.36617524199888224,0.04161122077119966,0.4124837608162754,0.011579337768099895,0.6064329981591713,0.3935670018408287,True,0.000286965339910239,0.7859635666249141
learned-seed-11,test-0165,165,1.0,False,True,False,True,30.20872741920473,False,False,False,False,True,True,True,True,True,True,0.0,2.228742209607727,11,5.415267577122891,0.011584036983549595,True,0.005410455966737667,0.054490613465650074,0.07315428005085549,19.361400646029132,0.4746247175226507,0.06559082743690663,0.5393204482485251,0.02007332973594482,0.4854131192253988,0.5145868807746012,True,0.0004974679904989898,2.4211326145378935
learned-seed-29,test-0165,165,0.0,False,False,False,True,2969.8647576864396,False,False,False,False,False,True,True,True,True,True,0.0,7.286360631350353,29,36.21366256928581,0.014140204526484013,True,0.034628901354695894,0.3046602509792889,0.4131208608662614,18.495443087795,0.5793567983791518,0.4198053374889705,0.6790785350728392,0.1314080033088258,0.3520644242231851,0.6479355757768148,True,0.003256623400375247,9.582569388376987
learned-seed-47,test-0165,165,0.0,False,True,False,True,11.98351864685009,False,False,False,False,False,True,True,True,False,True,0.0,0.9692948944335493,47,3.6093803644875586,0.0068110753782093525,True,0.0009343001057345274,0.0220564277431696,0.029118100352579685,21.66784313351332,0.27906547018097705,0.011326497690076905,0.2785964423112114,0.012923152485204458,0.7341801618881609,0.26581983811183907,True,0.0003202684747520834,1.1212487588406612
analytic-oracle,test-0166,166,0.0,False,False,False,False,2.1759313031095122e-16,False,False,False,False,False,False,False,False,False,False,0.0,0.023542265817992007,,0.0,0.0,False,2.5478751053409354e-18,0.0,0.0,120.0,0.0,7.170863407584358e-17,0.0,0.0,1.0,0.0,False,0.0,0.0
persistence,test-0166,166,1.0,False,True,False,True,0.0,False,False,False,False,True,False,True,False,False,True,0.0,0.5050885541724287,,0.0,0.008823753334581852,True,0.0007074271953297671,0.03181913831862675,0.032071577173682704,20.543466409721375,0.562494337613929,0.019910174473962098,0.5619103467974066,0.01394596407443071,0.4668074928332833,0.5331925071667167,True,0.0002195369015680626,0.7118119969855171
linear-extrapolation,test-0166,166,1.0,False,True,False,True,0.0,False,False,False,False,True,False,False,False,False,True,0.0,2.5876988546905428e-14,,0.0,0.005357577931135893,True,0.0006834116840406643,0.044286930171066476,0.0627759894477085,22.710315030082743,0.3415334875441755,0.019234270263600844,0.3783649539254057,0.012788209879092278,0.6409723373891832,0.35902766261081676,True,0.00020131157361902297,0.7118119969855171
learned-seed-11,test-0166,166,0.0,False,True,False,True,106.44226518852736,False,False,False,False,False,True,True,True,True,True,0.0,2.1897483315783215,11,8.747275470458545,0.010760631412267685,True,0.008742489570515826,0.09800167812272967,0.1355127823844676,19.681622443928454,0.6859659386475794,0.24605287135536816,0.6856001078058398,0.09074367998500604,0.34943920773438547,0.6505607922656145,True,0.001428483985364437,2.2528691391726734
learned-seed-29,test-0166,166,0.0,False,True,False,True,63.04994290931898,False,False,False,False,False,True,True,True,True,True,0.0,2.2757742215507215,29,6.9830560268285815,0.00878384429961443,True,0.00790317891547778,0.06881272629625282,0.09682050864666861,20.563153710289544,0.5599502268101023,0.22243090475586083,0.5597613196546012,0.05067665014594025,0.468846688546216,0.5311533114537841,True,0.0007977501372806728,2.6131825533064004
learned-seed-47,test-0166,166,0.0,False,True,False,True,64.57453283760351,False,False,False,False,False,True,True,True,False,True,0.0,1.702599961691823,47,4.470780298455914,0.009517157450318336,True,0.003970974320017304,0.04249101016319684,0.058050836434139184,20.214927457312232,0.6066972832302062,0.1117610293541407,0.6065331470846014,0.032825503756535604,0.42446525283444,0.5755347471655601,True,0.0005167379858903587,1.8457327099328777
analytic-oracle,test-0167,167,0.0,False,False,False,False,1.1018293033093282e-15,False,False,False,False,False,False,False,False,False,False,0.0,0.03284958970075441,,9.775912128721958e-18,0.0,False,4.709774237277031e-16,0.0,0.0,120.0,0.0,7.185683333937052e-15,0.0,0.0,1.0,0.0,False,0.0,0.0
persistence,test-0167,167,1.0,False,True,False,True,0.0,False,False,False,False,True,False,True,False,False,True,0.0,0.5019008833939107,,0.0,0.009059727191925049,True,0.0046433695111278445,0.025395958611759122,0.02432874879393196,20.42884879676982,0.3683346507514281,0.07084369914238885,0.36987023079840303,0.010470090545334971,0.6462459062559526,0.3537540937440474,True,0.00026356172747910023,0.754228431742929
linear-extrapolation,test-0167,167,1.0,False,True,False,True,0.0,False,False,False,False,True,False,False,False,True,True,0.0,2.850714233631971e-14,,0.0,0.00926988199353218,True,0.0020960968894002973,0.05311184354172657,0.07050674910993035,20.329257944298295,0.3768787596206987,0.03198006470303571,0.4268918760298447,0.010453992162228637,0.5917088314848885,0.4082911685151115,True,0.00026315648574382067,0.754228431742929
learned-seed-11,test-0167,167,1.0,False,True,False,True,44.873584580139635,False,False,False,False,True,True,True,True,True,True,0.0,2.5640653938684403,11,6.70153053346734,0.012313473969697952,True,0.002381849311434578,0.05565838041957425,0.07361341143255942,19.096194033624634,0.5006198352427187,0.03633977774488846,0.5173801497834791,0.014890151126681484,0.5051633498247883,0.4948366501752117,True,0.000374827126506716,2.6946890134806227
learned-seed-29,test-0167,167,0.0,False,False,False,True,3021.3996988207014,False,False,False,False,False,True,True,True,True,True,0.0,6.946603598000685,29,36.7122769127533,0.01319079753011465,True,0.021678248495966952,0.2792363566463755,0.37044206602218266,18.79728945738169,0.5362885325860678,0.33074415264642554,0.6344961827422052,0.12298655982482887,0.3931503445802716,0.6068496554197285,True,0.0030959188006818295,8.957445791459637
learned-seed-47,test-0167,167,0.0,False,True,False,True,3.3424862889230216,False,False,False,False,False,True,True,True,False,True,0.0,0.6763937490753008,47,1.85233439803278,0.0083476472645998,True,0.0013763448828317264,0.025015767477044044,0.032597608011432556,20.78435910621728,0.33938414200186867,0.0209988377108101,0.33906295510976475,0.015449531786319876,0.6757108347213562,0.3242891652786438,True,0.00038890831638127565,0.9201523974666586
analytic-oracle,test-0168,168,0.0,False,False,False,False,1.4114616445867335e-16,False,False,False,False,False,False,False,False,False,False,0.0,0.04249616625899228,,0.0,0.0,False,0.0,0.0,0.0,120.0,0.0,0.0,0.0,0.0,1.0,0.0,False,0.0,0.0
persistence,test-0168,168,1.0,False,True,False,True,0.0,False,False,False,False,True,False,True,False,False,True,0.0,0.6271271119077269,,0.0,0.011668486520648003,True,0.0006858824180795638,0.031056031505008578,0.029673979661215783,19.329854711488878,0.4136768151181961,0.0068153404937875165,0.413620285437626,0.013756237520082284,0.5978966002217877,0.4021033997782123,True,0.0003874270769301802,0.9316163483556301
linear-extrapolation,test-0168,168,1.0,False,True,False,True,0.0,False,False,False,False,True,False,False,False,True,True,0.0,2.537255796480708e-14,,0.0,0.010666880756616592,True,0.001961648705551657,0.06022584408673923,0.08108152401396944,19.71962559791867,0.37816740421599015,0.019492122126363073,0.4226285631926965,0.013703261319291981,0.5891391498766534,0.4108608501233466,True,0.00038593506906181574,0.9316163483556301
learned-seed-11,test-0168,168,0.0,False,False,False,True,53.71011959697764,False,False,False,False,False,True,True,True,True,True,0.0,1.9953877081020477,11,6.111021450969402,0.019239291548728943,True,0.02682745596180369,0.09240379936753257,0.12193645199244206,17.158109240935516,0.682080648499273,0.2665737481268581,0.6811016022223613,0.069122371280925,0.33786306066146937,0.6621369393385306,True,0.0019467443926259875,2.039018940525225
learned-seed-29,test-0168,168,0.0,False,True,False,True,45.68957524675841,False,False,False,False,False,True,True,True,False,True,0.0,2.379528067806923,29,6.667786610838822,0.009613459929823875,True,0.010874781156045382,0.03479494452758622,0.0465474685786179,20.17120279553485,0.34082102070381315,0.10805837038568902,0.33990125169881374,0.022812681544113037,0.6695629936226289,0.33043700637737106,True,0.0006424903986044228,2.5160881991761515
learned-seed-47,test-0168,168,1.0,False,True,False,True,11.177516691506112,False,False,False,False,True,True,True,True,False,True,0.0,1.5791115303352665,47,3.4528838536845985,0.010138977319002151,True,0.005105151542661387,0.02643275703790013,0.032565794621265125,19.940058484655008,0.35945191678959154,0.05072785818455819,0.35871945643229897,0.0178474872542144,0.651268764912229,0.34873123508777104,True,0.0005026519647799432,1.6996257936386228
analytic-oracle,test-0169,169,0.0,False,False,False,False,1.1786837740364064e-16,False,False,False,False,False,False,False,False,False,False,0.0,0.018997601369359636,,0.0,0.0,False,5.898059818321144e-17,0.0,0.0,120.0,0.0,7.497864718484552e-16,0.0,0.0,1.0,0.0,False,0.0,0.0
persistence,test-0169,169,1.0,False,True,False,True,0.0,False,False,False,False,True,False,True,False,False,True,0.0,0.48526220438523127,,0.0,0.01001243107020855,True,0.0032679280239147706,0.028326100858355484,0.02778098319376184,19.994604607634972,0.41018744497679804,0.041543292180498806,0.4108272797049807,0.01065025876991051,0.5999264860005882,0.4000735139994118,True,0.0002597746788524091,0.7050789539038416
linear-extrapolation,test-0169,169,1.0,False,True,False,True,0.0,False,False,False,False,True,False,False,False,False,True,0.0,2.979527812322233e-14,,0.0,0.008136723190546036,True,0.003086783617456867,0.04749994021992462,0.06528242357909125,20.89550458351596,0.3333437875986316,0.0392405073733448,0.38169561922280626,0.009701145180565056,0.6282955996244711,0.3717044003755289,True,0.00023662447347305715,0.7050789539038416
learned-seed-11,test-0169,169,0.0,False,True,False,True,115.28692983173823,False,False,False,False,False,True,True,True,True,True,0.0,2.06031870215874,11,8.904714366906635,0.016291983425617218,True,0.01934465716298402,0.09471309311288983,0.1278165035738303,17.88026040408201,0.6674469974472516,0.24591751677893858,0.6674639334571237,0.0755034056429496,0.3500075225826742,0.6499924774173258,True,0.0018416334642097354,2.155580861889347
learned-seed-29,test-0169,169,0.0,False,False,False,True,74.23587059934015,False,False,False,False,False,True,True,True,True,True,0.0,2.2303284525157694,29,7.615904985308662,0.013482432812452316,True,0.02025369923268336,0.07874543684517792,0.10767916294614477,18.702317352715017,0.5523458417473,0.2574736465435854,0.5522168889382316,0.04415131300567368,0.46223787425705654,0.5377621257429435,True,0.0010769121581688523,2.6162047624155487
learned-seed-47,test-0169,169,0.0,False,True,False,True,74.67706989494776,False,False,False,False,False,True,True,True,False,True,0.0,1.5882829494560222,47,7.064541234013785,0.014730372466146946,True,0.0033678733364141634,0.047449530752620414,0.05670111085958226,18.3178627162667,0.603471205252406,0.04281383953920704,0.6034511038848884,0.02390253028037887,0.41234475998911013,0.5876552400108899,True,0.0005830160807818174,1.759064648295937
analytic-oracle,test-0170,170,0.0,False,False,False,False,0.0,False,False,False,False,False,False,False,False,False,False,0.0,0.009432998635051726,,0.0,0.0,False,1.0711917464156784e-16,0.0,0.0,120.0,0.0,2.6853559238953887e-15,0.0,0.0,1.0,0.0,False,0.0,0.0
persistence,test-0170,170,1.0,False,True,False,True,0.0,False,False,False,False,True,False,True,False,False,True,0.0,0.581419254396746,,0.0,0.008212740533053875,True,0.002093720587067652,0.02937652599300734,0.028564260491128316,20.855118977185235,0.5109023747349999,0.052487194755532325,0.5035210045416115,0.014718596142471936,0.5223251600705705,0.4776748399294295,True,0.0002408930886304006,0.85270077408486
linear-extrapolation,test-0170,170,1.0,False,True,False,True,0.0,False,False,False,False,True,False,False,False,True,True,0.0,2.861781721925311e-14,,0.0,0.00621770741418004,True,0.0011729492524041474,0.05189888521307452,0.07075191672934657,22.063697183489165,0.38679433138389635,0.029404504225426165,0.4216351553052202,0.014686189360480752,0.6000077385006152,0.3999922614993848,True,0.00024036270042415708,0.85270077408486
learned-seed-11,test-0170,170,1.0,False,True,False,True,20.519720279228846,False,False,False,False,True,True,True,True,True,True,0.0,1.8529133829966753,11,4.328897895223171,0.007399294059723616,True,0.0018124974265138712,0.05160479518786443,0.06992399428874622,21.30809712781356,0.4602990793707295,0.045437249844580516,0.5030779528045333,0.02040678748241242,0.5227454695823494,0.47725453041765065,True,0.00033398933010175824,2.1682082667660905
learned-seed-29,test-0170,170,0.0,False,False,False,True,1528.6601575820941,False,False,False,False,False,True,True,True,True,True,0.0,5.934292007034932,29,26.049948617618295,0.009531872346997261,True,0.015982330823641484,0.2404571223351731,0.32696567596523124,20.208217824571292,0.5929636030935146,0.40065886335038103,0.6684236880692729,0.15375884244226615,0.36588707258756986,0.6341129274124302,True,0.0025165064726024866,7.7420017189039525
learned-seed-47,test-0170,170,0.0,False,True,False,True,2.158718313446214,False,False,False,False,False,True,True,True,False,True,0.0,0.6470641622683279,47,1.7136970236465798,0.006264177616685629,True,0.00040827186757686135,0.02741214392494856,0.036855219371570276,22.031359366377163,0.3896851735721973,0.010234911553658622,0.3879787108145974,0.01633003422429317,0.631936568856536,0.36806343114346396,True,0.00026726681971922517,0.8989540839301975
analytic-oracle,test-0171,171,0.0,False,False,False,False,4.0678645862383865e-16,False,False,False,False,False,False,False,False,False,False,0.0,0.0016458622317744012,,7.668452796382946e-18,0.0,False,1.5547459153442134e-16,0.0,0.0,120.0,0.0,2.1647811972792458e-15,0.0,0.0,1.0,0.0,False,0.0,0.0
persistence,test-0171,171,1.0,False,True,False,True,0.0,False,False,False,False,True,False,True,False,False,True,0.0,0.639834274744589,,0.0,0.010165770538151264,True,0.0015818989662704942,0.028545762243062937,0.02727775299669983,19.9285969742098,0.43184965981108686,0.022025882842854623,0.43094216810400404,0.01669986428543991,0.5883501229542446,0.4116498770457554,True,0.0003935554123017937,0.9933664855501764
linear-extrapolation,test-0171,171,1.0,False,True,False,True,0.0,False,False,False,False,True,False,False,False,True,True,0.0,2.2930392663559068e-14,,0.0,0.01070455089211464,True,0.0021099223911359233,0.07242280310971652,0.0931286091582576,19.704315487495407,0.4547374587928544,0.029377921337315656,0.4939063870280741,0.019333061033475374,0.5282046674922948,0.4717953325077052,True,0.0004556103376671672,0.9933664855501764
learned-seed-11,test-0171,171,1.0,False,True,False,True,1.378641897238689,False,False,False,False,True,True,True,True,False,True,0.0,0.26777734332977793,11,0.6037629593626204,0.009182537905871868,True,0.0024724167211285456,0.0359301307963545,0.04596666909416168,20.370372701945385,0.39008119020305304,0.03442518277047809,0.38957641078442434,0.01845923911797767,0.6278640303293983,0.3721359696706017,True,0.00043501751497387886,0.6735764035902342
learned-seed-29,test-0171,171,1.0,False,True,False,True,2.1140090282636375,False,False,False,False,True,True,True,True,False,True,0.0,0.3058666006408544,29,0.7184372789497753,0.008126664906740189,True,0.0013554846675057348,0.030196767643524556,0.03847746701443796,20.900876474889532,0.34522690259470307,0.018873358614144218,0.3448943093639132,0.016522007284795116,0.6705458166972162,0.32945418330278375,True,0.0003893639659509063,0.7536325305239331
learned-seed-47,test-0171,171,0.0,True,True,True,True,1.2550253274598049,False,False,False,False,False,True,True,True,False,True,0.0,0.4330523443022993,47,1.223476828571234,0.002081189537420869,False,8.963993302713523e-05,0.007469790174056511,0.007821560175227052,26.816883660605505,0.08841051353309841,0.0012481193205100094,0.08831813540242539,0.019088375978671062,0.9156356646663908,0.08436433533360921,True,0.00044984399573877454,0.501015778561472
analytic-oracle,test-0172,172,0.0,False,False,False,False,3.4144082224933716e-16,False,False,False,False,False,False,False,False,False,False,0.0,0.019795570092479044,,0.0,0.0,False,4.597017211338539e-17,0.0,0.0,120.0,0.0,1.156341643267129e-15,0.0,0.0,1.0,0.0,False,0.0,0.0
persistence,test-0172,172,1.0,False,True,False,True,0.0,False,False,False,False,True,False,True,False,False,True,0.0,0.570226495794296,,0.0,0.010779622942209244,True,0.004336718354256196,0.03626793305337714,0.03691660089309475,19.67396429963919,0.6026472356664127,0.1090865619510518,0.6030825869664914,0.015971245044228758,0.4278934470368152,0.5721065529631848,True,0.0002849854063242674,0.7961619345246129
linear-extrapolation,test-0172,172,1.0,False,True,False,True,0.0,False,False,False,False,True,False,False,False,False,True,0.0,2.7190220292169745e-14,,0.0,0.006088980007916689,True,0.0008670312041203438,0.047634305630097615,0.06816994928679733,22.15455451871856,0.3404114401284422,0.021809452548133223,0.377188158595943,0.014244459531260766,0.6421852961825842,0.35781470381741576,True,0.00025417323922738433,0.7961619345246129
learned-seed-11,test-0172,172,1.0,False,True,False,True,30.269259315803655,False,False,False,False,True,True,True,True,False,True,0.0,2.299607206858139,11,5.443488216390986,0.009760015644133091,True,0.0015287740696683248,0.04730809225756754,0.06602731906912708,20.105494862108458,0.545644915367725,0.038455046797393026,0.5527521748096722,0.02295804250689476,0.4756387463217607,0.5243612536782394,True,0.0004096554184798151,2.450536193562149
learned-seed-29,test-0172,172,1.0,False,True,False,True,19.909106158043286,False,False,False,False,True,True,True,True,False,True,0.0,0.7602298399128135,29,2.9271711852021536,0.005185691174119711,True,0.00032857749772878726,0.017730396474283604,0.020777068823445974,22.85193350537993,0.2899120375413123,0.00826509508659585,0.29018947671754086,0.028934928688043725,0.7247154787437312,0.2752845212562688,True,0.0005163049208931625,0.9788766382676364
learned-seed-47,test-0172,172,0.0,False,True,False,True,17.613555778188456,False,False,False,False,False,True,True,True,False,True,0.0,1.4960156724350497,47,4.266029006043269,0.004686836618930101,True,0.0004573931630043196,0.019681361933113446,0.02719451977462112,23.291201855311723,0.2620229990938318,0.0115053465630502,0.26170546796157274,0.017975597132594414,0.7517364679351428,0.24826353206485718,True,0.000320750375976786,1.5488479690073442
analytic-oracle,test-0173,173,0.0,False,False,False,False,1.3158461212250123e-16,False,False,False,False,False,False,False,False,False,False,0.0,0.038058824526167837,,0.0,0.0,False,0.0,0.0,0.0,120.0,0.0,0.0,0.0,0.0,1.0,0.0,False,0.0,0.0
persistence,test-0173,173,1.0,False,True,False,True,0.0,False,False,False,False,True,False,True,False,False,True,0.0,0.6495125765541289,,0.0,0.009213327430188656,True,0.004994304081787418,0.02503443333326646,0.023993972599469837,20.355834942777022,0.3641369762975189,0.07108474721796912,0.3631431058156157,0.014213332244744548,0.6515753957185016,0.34842460428149835,True,0.00036261003697291017,1.0316898008422928
linear-extrapolation,test-0173,173,1.0,False,True,False,True,0.0,False,False,False,False,True,False,False,False,True,True,0.0,2.723357720271517e-14,,0.0,0.011822281405329704,True,0.004698723741018367,0.07318178439948882,0.09214414501906347,19.272987073685098,0.4672502780884008,0.06687770386176053,0.509633579894295,0.017046120352799142,0.511022306194096,0.48897769380590395,True,0.00043488002847880125,1.0316898008422928
learned-seed-11,test-0173,173,0.0,False,True,False,True,11.608188202020436,False,False,False,False,False,True,True,True,False,True,0.0,0.769456920574009,11,2.5766462827627796,0.011093677021563053,True,0.006399917751546414,0.047072155535845595,0.05903931257956312,19.549244822100928,0.43845375487436883,0.09109107658131468,0.43761610676277574,0.030943076918471635,0.5801208493726735,0.4198791506273265,True,0.0007894187001511455,1.1266833827156275
learned-seed-29,test-0173,173,1.0,False,True,False,True,6.453070623423181,False,False,False,False,True,True,True,True,False,True,0.0,1.0367877120264812,29,2.6103407908074066,0.010691868141293526,True,0.00513506978587094,0.04093627683985439,0.051464899067651775,19.70946405869646,0.4225731219738792,0.07308828851779231,0.42907296923904387,0.012748415769292773,0.5883177262054119,0.4116822737945881,True,0.0003252371388953179,1.221980542141409
learned-seed-47,test-0173,173,0.0,True,True,True,True,23.118195406650973,False,False,False,False,False,True,True,True,False,True,0.0,0.9919578715990529,47,3.846823872666912,0.005421491805464029,False,0.0020581746218619346,0.01604482269776209,0.019580164801829995,22.65881194322215,0.2142728181563199,0.029294336173686403,0.21384155694356116,0.023457723949946236,0.7948256247639444,0.20517437523605564,True,0.0005984526360407472,1.1313690797366045
analytic-oracle,test-0174,174,0.0,False,False,False,False,7.494730840174703e-16,False,False,False,False,False,False,False,False,False,False,0.0,0.027604927434678846,,1.802864771313869e-17,0.0,False,0.0,0.0,0.0,120.0,0.0,0.0,0.0,0.0,1.0,0.0,False,0.0,0.0
persistence,test-0174,174,1.0,False,True,False,True,0.0,False,False,False,False,True,False,True,False,False,True,0.0,0.5443047100877203,,0.0,0.01070336066186428,True,0.005602235901735476,0.0328030251827846,0.032545651557951305,19.70479840282244,0.5079392200822186,0.11006420102816507,0.5084523677859422,0.013798729118839875,0.510184147730029,0.48981585226997104,True,0.00029395800083875656,0.7805610135081945
linear-extrapolation,test-0174,174,1.0,False,True,False,True,0.0,False,False,False,False,True,False,False,False,True,True,0.0,1.915292388379617e-14,,0.0,0.007442071568220854,True,0.0012369568727571196,0.05083933420963052,0.07077545826901668,21.2830615781167,0.35317132138007795,0.024301845244348735,0.39277021072121543,0.012770054158815028,0.6216261587129394,0.37837384128706064,True,0.0002720438642427325,0.7805610135081945
learned-seed-11,test-0174,174,1.0,False,True,False,True,183.34374010008452,False,False,False,False,True,True,True,True,True,True,0.0,4.067413749482742,11,13.186314889432593,0.017455728724598885,True,0.006082912157656907,0.12338456175703391,0.1644318642079514,17.580620159723484,0.8283799373341125,0.11950779622643457,0.8251433220399758,0.055078491679362185,0.20510099836915244,0.7948990016308476,True,0.0011733517749235034,4.3433823098663105
learned-seed-29,test-0174,174,1.0,False,True,False,True,8.004836396728804,False,False,False,False,True,True,True,True,False,True,0.0,1.2315988647126945,29,3.057691842136586,0.009004879742860794,True,0.0011479642901191544,0.028706807498478565,0.035746526021372564,20.45522082662405,0.4273360244525486,0.022553454480859766,0.42596830411706504,0.014881457862934534,0.5896448888031648,0.4103551111968352,True,0.0003170236595906317,1.3615369456635238
learned-seed-47,test-0174,174,0.0,False,True,False,True,2.076226500343665,False,False,False,False,False,True,True,True,False,True,0.0,0.577227340895782,47,1.482563606496256,0.009957890026271343,True,0.003147081091027372,0.03288662042487222,0.036525627887711534,20.018326743296136,0.47256212823232857,0.061829057528168516,0.4705975972725599,0.014425282232722549,0.5466514116396005,0.4533485883603995,True,0.00030730562866665423,0.922592399366052
analytic-oracle,test-0175,175,0.0,False,False,False,False,1.233310559710942e-15,False,False,False,False,False,False,False,False,False,False,0.0,0.005466727345792935,,0.0,0.0,False,0.0,0.0,0.0,120.0,0.0,0.0,0.0,0.0,1.0,0.0,False,0.0,0.0
persistence,test-0175,175,1.0,False,True,False,True,0.0,False,False,False,False,True,False,True,False,False,True,0.0,0.47439367960915535,,0.0,0.013278311118483543,True,0.005233898949546259,0.03503426939750607,0.03707991499411104,18.768571597998324,0.5454713583767083,0.06179753024370604,0.5419732754624883,0.010423105675231914,0.4825893607274307,0.5174106392725693,True,0.0002570254437159747,0.6392445219590113
linear-extrapolation,test-0175,175,1.0,False,True,False,True,0.0,False,False,False,False,True,False,False,False,False,True,0.0,2.0482975438277834e-14,,0.0,0.006574552971869707,True,0.0028149613640120873,0.03778492434943434,0.05584588835208084,21.821337711196197,0.2700818129869939,0.03323672499303446,0.3153962200387297,0.007876736457446657,0.6988977737045525,0.3011022262954475,True,0.0001942340168170631,0.6392445219590113
learned-seed-11,test-0175,175,1.0,False,True,False,True,37.181557135913664,False,False,False,False,True,True,True,True,False,True,0.0,2.1725776557447416,11,5.944023417044084,0.011407943442463875,True,0.004032731572596545,0.04723880742843771,0.06665295806250082,19.427926406028984,0.46863688840543605,0.04761514383916184,0.5178183704758249,0.021278815001986206,0.5056495472653234,0.4943504527346766,True,0.0005247185472398996,2.3214994652107377
learned-seed-29,test-0175,175,0.0,False,False,False,True,1001.0841900643318,False,False,False,False,False,True,True,True,True,True,0.0,3.8820115780968383,29,21.199367852435053,0.01454702764749527,True,0.02656414214686198,0.14948044523330536,0.21940098016759943,18.372257357614156,0.5975900745522671,0.3136473198171172,0.6212725220311488,0.1430532222427595,0.4068840156144066,0.5931159843855933,True,0.003527577966451645,5.173357804814256
learned-seed-47,test-0175,175,0.0,True,True,True,True,13.846252598685806,False,False,False,False,False,True,True,True,False,True,0.0,0.8724473787369391,47,3.761433506649913,0.006001306232064962,True,0.00028659432864658633,0.01772370111922569,0.02351931857082227,22.217542116770407,0.246532908683114,0.0033838677175354035,0.2455763530106942,0.015123058293696706,0.7655533518824141,0.23444664811758587,True,0.00037292251363396645,0.9977871523759119
analytic-oracle,test-0176,176,0.0,False,False,False,False,3.55149163827487e-16,False,False,False,False,False,False,False,False,False,False,0.0,0.01662110161625301,,0.0,0.0,False,1.5482407023093003e-16,0.0,0.0,120.0,0.0,4.0260159999890954e-15,0.0,0.0,1.0,0.0,False,0.0,0.0
persistence,test-0176,176,1.0,False,True,False,True,0.0,False,False,False,False,True,False,True,False,False,True,0.0,0.5591131627930964,,0.0,0.008519215509295464,True,0.0030559790672838763,0.02825244367008834,0.02708974300405391,20.696003953354428,0.47184377318291587,0.0794671048381902,0.4710705062234753,0.015939724532973286,0.5471169005071531,0.4528830994928469,True,0.0002912112686317414,0.8485323193670262
linear-extrapolation,test-0176,176,1.0,False,True,False,True,0.0,False,False,False,False,True,False,False,False,True,True,0.0,2.5501019811048046e-14,,0.0,0.007716688327491283,True,0.0012615743830222425,0.06250193721084321,0.08212674875796544,21.125690402948393,0.42739514371331677,0.03280574295487832,0.46310408162785904,0.01782528871488347,0.5547757520274119,0.4452242479725881,True,0.0003256596392020583,0.8485323193670262
learned-seed-11,test-0176,176,1.0,False,True,False,True,31.98450838085444,False,False,False,False,True,True,True,True,True,True,0.0,2.391406463235484,11,5.59569247443744,0.009921831078827381,True,0.001829945208102245,0.057061706523428665,0.07466407785566896,20.034081711879242,0.5495287926463778,0.04758555098011621,0.5524299521657221,0.019486333445108514,0.46889863473895926,0.5311013652610408,True,0.00035600614501163363,2.557599169662405
learned-seed-29,test-0176,176,0.0,False,False,False,True,2545.4504429016783,False,False,False,False,False,True,True,True,True,True,0.0,7.097973668451594,29,34.07634577073782,0.00982457771897316,True,0.011155935503308938,0.27619338205108596,0.3627054414950584,20.076861074422098,0.544142335147062,0.29009684840461897,0.6374770132611522,0.1474284384810171,0.38713512774201764,0.6128648722579824,True,0.0026934482157230377,9.069122350163777
learned-seed-47,test-0176,176,0.0,False,True,False,True,4.561329090119451,False,False,False,False,False,True,True,True,False,True,0.0,0.8678593581702588,47,2.410406110774913,0.0075018745847046375,True,0.001456723176291579,0.029611819599509554,0.038525053450208714,21.2483020059932,0.4154975075028698,0.03788035546770681,0.4158431568669341,0.019609013948686117,0.6002119952391065,0.3997880047608935,True,0.00035824746009893715,1.0387839642230048
analytic-oracle,test-0177,177,0.0,False,False,False,False,6.082144179120093e-16,False,False,False,False,False,False,False,False,False,False,0.0,0.006293597036028777,,0.0,0.0,False,0.0,0.0,0.0,120.0,0.0,0.0,0.0,0.0,1.0,0.0,False,0.0,0.0
persistence,test-0177,177,1.0,False,True,False,True,0.0,False,False,False,False,True,False,True,False,False,True,0.0,0.5232658460291346,,0.0,0.011745061725378036,True,0.0009838326826591235,0.03312544396288297,0.0329563470217083,19.301446964750827,0.49327093477831296,0.014398883022462616,0.4905833458000844,0.013388293271185042,0.5253243280844363,0.4746756719155637,True,0.00031962787033990026,0.7523826148522955
linear-extrapolation,test-0177,177,1.0,False,True,False,True,0.0,False,False,False,False,True,False,False,False,True,True,0.0,1.203190997357616e-14,,0.0,0.008320088498294353,True,0.0015453182626311841,0.05186015527471306,0.07195304533062445,20.798720542241213,0.3494283748312825,0.0226165051113788,0.390667958685387,0.012144720092773037,0.6219998551266844,0.37800014487331557,True,0.0002899391984101385,0.7523826148522955
learned-seed-11,test-0177,177,0.0,False,False,False,True,105.39616576419101,False,False,False,False,False,True,True,True,True,True,0.0,2.1901132059650257,11,8.499210403110023,0.01620054431259632,True,0.022342177042176746,0.11195896297745526,0.15241827143215886,17.904703936063953,0.6803929876098336,0.3269889274545636,0.6832210438551423,0.08788979023781225,0.33893310721772846,0.6610668927822716,True,0.00209825299680233,2.3095428546883277
learned-seed-29,test-0177,177,0.0,False,True,False,True,66.46226325564908,False,False,False,False,False,True,True,True,False,True,0.0,2.1734483077407636,29,7.876766704406583,0.006045067682862282,True,0.0034921907924373168,0.02336237781734253,0.031593903875448484,22.185988322508436,0.2538816956815671,0.0511099576164905,0.2526220718564705,0.024170512021999383,0.7555694608759967,0.24443053912400325,True,0.0005770391435362399,2.271176713628839
learned-seed-47,test-0177,177,0.0,False,True,False,True,137.74397729162655,False,False,False,False,False,True,True,True,False,True,0.0,3.2019359613255842,47,8.005683230450767,0.008276627399027348,True,0.0027035802261014836,0.023163156441871488,0.025467873133754957,20.82146595627385,0.34760308880357205,0.03956824783687958,0.34577754584191095,0.018456095197847622,0.6654346497675269,0.33456535023247314,True,0.0004406149673741311,3.1960443419601066
analytic-oracle,test-0178,178,0.0,False,False,False,False,5.69598127043949e-16,False,False,False,False,False,False,False,False,False,False,0.0,0.005169839243607992,,0.0,0.0,False,6.591949208711867e-17,0.0,0.0,120.0,0.0,2.5165741719323864e-15,0.0,0.0,1.0,0.0,False,0.0,0.0
persistence,test-0178,178,1.0,False,True,False,True,0.0,False,False,False,False,True,False,True,False,False,True,0.0,0.5407125729392456,,0.0,0.00857218261808157,True,0.0030611102377932093,0.03192479182602493,0.03163633835383612,20.66908585509313,0.5632674749604123,0.1168624138014792,0.5583666204223339,0.015856464271284128,0.4734175819687024,0.5265824180312977,True,0.0002441117976559326,0.7780516533982005
linear-extrapolation,test-0178,178,1.0,False,True,False,True,0.0,False,False,False,False,True,False,False,False,True,True,0.0,1.4427567551783415e-14,,0.0,0.005686106160283089,True,0.00040127587834169797,0.050021474686050726,0.06946633002691446,22.451850362398872,0.37362697482712726,0.015319300548001834,0.4090197526382038,0.015880205626508173,0.6142630979554636,0.38573690204453637,True,0.0002444772981107235,0.7780516533982005
learned-seed-11,test-0178,178,1.0,False,True,False,True,32.601466007882344,False,False,False,False,True,True,True,True,False,True,0.0,2.3354664971005152,11,5.560325361086343,0.008665286004543304,True,0.0008167365536839977,0.047079800025696596,0.06429534266741306,20.622170984843855,0.569385182869708,0.031180126715142864,0.5695158667834964,0.021319566849697578,0.46290299013359765,0.5370970098664023,True,0.0003282167890574783,2.4971234358228793
learned-seed-29,test-0178,178,0.0,False,False,False,True,2195.0447765692966,False,False,False,False,False,True,True,True,True,True,0.0,6.530139663508225,29,31.88615250144966,0.008601032197475433,True,0.008883083076380142,0.25341873912497687,0.3513623731080586,20.65449426574088,0.5651631449971862,0.3391248434924809,0.6496290348715137,0.1577208788992423,0.3873501468493279,0.6126498531506721,True,0.0024281281512230635,8.283574069944423
learned-seed-47,test-0178,178,0.0,False,True,False,True,8.828424102564687,False,False,False,False,False,True,True,True,False,True,0.0,1.1387848796228386,47,3.1625491584600756,0.006093189120292664,True,0.0006295372678939439,0.02328269552957404,0.030980165416854062,22.151553420421365,0.40037589061671175,0.02403351692329502,0.4000907484855538,0.0224709143491681,0.6226838316192302,0.37731616838076976,True,0.00034594189492054284,1.2317551463966163
analytic-oracle,test-0179,179,0.0,False,False,False,False,1.2410929639089888e-16,False,False,False,False,False,False,False,False,False,False,0.0,0.0005396109765535614,,0.0,0.0,False,4.193694003173931e-16,0.0,0.0,120.0,0.0,7.19850168655759e-15,0.0,0.0,1.0,0.0,False,0.0,0.0
persistence,test-0179,179,1.0,False,True,False,True,0.0,False,False,False,False,True,False,True,False,False,True,0.0,0.4729039728195269,,0.0,0.010375305078923702,True,0.0036984757297466283,0.03147691427892274,0.031757559701839154,19.83999124288627,0.4958721236997288,0.06348456458226054,0.4968949585696256,0.011547461856186157,0.526308341225004,0.47369165877499597,True,0.0002468107850290835,0.6682040273906655
linear-extrapolation,test-0179,179,1.0,False,True,False,True,0.0,False,False,False,False,True,False,False,False,False,True,0.0,1.8710293557781484e-14,,0.0,0.006770121864974499,True,0.0020838536234645154,0.044081137455781294,0.062340142434798546,21.69403513765429,0.3235678065708626,0.03576947629392005,0.3681642305181982,0.00995001549365038,0.6490277833411573,0.3509722166588427,True,0.00021266761177685112,0.6682040273906655
learned-seed-11,test-0179,179,0.0,False,True,False,True,13.875970984585047,False,False,False,False,False,True,True,True,False,True,0.0,1.0865213602992292,11,3.4435908219620885,0.009875469841063023,True,0.0007806262887383349,0.02852459682645321,0.03209161067236063,20.05442232964593,0.4719832492027828,0.013399498513246764,0.4711063799465532,0.018628113457922195,0.5508926811840517,0.44910731881594834,True,0.00039814977208152413,1.1768309522274278
learned-seed-29,test-0179,179,1.0,False,True,False,True,8.210768578058659,False,False,False,False,True,True,True,True,False,True,0.0,0.5998662689351316,29,2.9932340879931174,0.008036492392420769,True,0.001165293039280986,0.029189031163012698,0.04004711939700543,20.949334620731047,0.3840920839833076,0.020002327070714736,0.38317657948052225,0.01865358489714299,0.6347164598724248,0.36528354012757525,True,0.0003986941883340478,0.8541709231998692
learned-seed-47,test-0179,179,0.0,False,True,False,True,3.798980778063375,False,False,False,False,False,True,True,True,False,True,0.0,0.22188051263402514,47,1.0166580487293446,0.009525476954877377,True,0.0011369910241885816,0.030499227651051536,0.04144480041533589,20.211132693336662,0.45525586485769737,0.019516521231706312,0.4545134445066312,0.023155708757107492,0.5667107831328194,0.4332892168671806,True,0.0004949207650497556,0.5189067074554201
analytic-oracle,test-0180,180,0.0,False,False,False,False,6.627275682022105e-16,False,False,False,False,False,False,False,False,False,False,0.0,0.0011044268991922813,,0.0,0.0,False,7.45931094670027e-17,0.0,0.0,120.0,0.0,2.657258037483666e-15,0.0,0.0,1.0,0.0,False,0.0,0.0
persistence,test-0180,180,1.0,False,True,False,True,0.0,False,False,False,False,True,False,True,False,False,True,0.0,0.457606940771986,,0.0,0.010992773808538914,True,0.006524811690197199,0.04061788006491281,0.04289920737657422,19.58892708145683,0.674007943464515,0.23243578972282478,0.6763018007517926,0.016779230494594795,0.3559834659374757,0.6440165340625243,True,0.0002751787251327187,0.6149062632558796
linear-extrapolation,test-0180,180,1.0,False,True,False,True,0.0,False,False,False,False,True,False,False,False,False,True,0.0,1.952639640140894e-14,,0.0,0.005060728173702955,True,0.00035552866694414783,0.04270109746614268,0.06354973572845211,22.957869892731644,0.31029211081746283,0.012665129722351972,0.3431438241519699,0.01376158910188716,0.6732371611761877,0.3267628388238123,True,0.00022568952408619225,0.6149062632558796
learned-seed-11,test-0180,180,0.0,False,True,False,True,252.3502206888922,False,False,False,False,False,True,True,True,True,True,0.0,3.51634647760043,11,15.34021987271817,0.013285224325954914,True,0.005619110577996164,0.1163078590621068,0.16449612924717483,18.766311079679042,0.8145666309849935,0.20017166268547792,0.8114952395964481,0.06480793215003597,0.22724388574421947,0.7727561142557805,True,0.001062847557477653,3.719489715941588
learned-seed-29,test-0180,180,1.0,False,True,False,True,17.672327823262133,False,False,False,False,True,True,True,True,False,True,0.0,1.0253305405279665,29,4.010490798147671,0.004876447841525078,True,0.0004476700875539743,0.024102196379273688,0.0351753881923334,23.118964166361312,0.2989931966511686,0.015947517763957,0.2996873826833282,0.019679572523624417,0.7146190808845413,0.2853809191154587,True,0.00032274422119371593,1.131931541462088
learned-seed-47,test-0180,180,0.0,False,False,False,True,86.07119324784648,False,False,False,False,False,True,True,True,True,True,0.0,2.387695368643725,47,7.8634356531726555,0.0105764614418149,True,0.01013781323624282,0.08310513046149251,0.11910515610743043,19.756596095545213,0.6484822802405036,0.3611430854270966,0.6463997570823261,0.059695129409851284,0.3844580471140879,0.6155419528859121,True,0.0009789977921172976,2.5351141596418474
analytic-oracle,test-0181,181,0.0,False,False,False,False,7.788218597871031e-16,False,False,False,False,False,False,False,False,False,False,0.0,0.019656532670909423,,1.8378251846793024e-17,0.0,False,0.0,0.0,0.0,120.0,0.0,0.0,0.0,0.0,1.0,0.0,False,0.0,0.0
persistence,test-0181,181,1.0,False,True,False,True,0.0,False,False,False,False,True,False,True,False,False,True,0.0,0.5339505600738604,,0.0,0.011872571893036366,True,0.007207161262351158,0.03316080690485282,0.03325280481321735,19.254551919161315,0.5068210110469457,0.12640752723551904,0.5082174179919684,0.013061860639810909,0.5164373734255486,0.48356262657445137,True,0.00031186622800305486,0.7632777639523233
linear-extrapolation,test-0181,181,1.0,False,True,False,True,0.0,False,False,False,False,True,False,False,False,True,True,0.0,3.163297553034722e-14,,0.0,0.00813610665500164,True,0.001920271234960488,0.050529266994532515,0.07036335023848089,20.89583366946782,0.3473173157445612,0.03367993716206439,0.39200738490799913,0.011699795590410365,0.6270097915343592,0.3729902084656408,True,0.0002793454332277179,0.7632777639523233
learned-seed-11,test-0181,181,1.0,False,True,False,True,231.7210958875234,False,False,False,False,True,True,True,True,True,True,0.0,4.568937115468712,11,14.906183821115752,0.019870003685355186,True,0.009811139278287136,0.13571647126832725,0.17989068351859905,17.01802052340146,0.8482185197989776,0.17207910443327123,0.8481181268359296,0.05894928345475142,0.19302602677685657,0.8069739732231435,True,0.001407478703185916,4.863162104733855
learned-seed-29,test-0181,181,1.0,False,True,False,True,9.701090568531335,False,False,False,False,True,True,True,True,False,True,0.0,1.181028731482165,29,3.351126491943207,0.010859586298465729,True,0.0022346892518955467,0.03331130032695158,0.04272087284941614,19.641867191040525,0.46357828421052966,0.039194563877394825,0.4634857536515881,0.013859370188793733,0.5589990022358049,0.4410009977641951,True,0.00033090764191001654,1.3204161230720126
learned-seed-47,test-0181,181,0.0,False,True,False,True,4.018556719637531,False,False,False,False,False,True,True,True,False,True,0.0,0.5324890500246943,47,1.4812710047556696,0.012567787431180477,True,0.004708431339304783,0.037265056300135706,0.042854119234337726,19.00741173468247,0.5364986449338719,0.0825819127801197,0.5364237095700368,0.016162408205061155,0.48959943368057296,0.5104005663194271,True,0.00038589519681409,0.9046911989813289
analytic-oracle,test-0182,182,0.0,False,False,False,False,3.4278135651476965e-16,False,False,False,False,False,False,False,False,False,False,0.0,0.003288068355123583,,3.9820626690978346e-17,0.0,False,1.465841337200402e-16,0.0,0.0,120.0,0.0,2.04978483404768e-15,0.0,0.0,1.0,0.0,False,0.0,0.0
persistence,test-0182,182,1.0,False,True,False,True,0.0,False,False,False,False,True,False,True,False,False,True,0.0,0.49286405977115466,,0.0,0.011296181008219719,True,0.004503095169098367,0.031001180021390223,0.03174991732864763,19.470683571703546,0.47938467361148107,0.06296981773975772,0.47967139067290565,0.010262360186607122,0.5382475271720826,0.4617524728279174,True,0.00024542241590097547,0.6925410283977839
linear-extrapolation,test-0182,182,1.0,False,True,False,True,0.0,False,False,False,False,True,False,False,False,False,True,0.0,2.782621871524904e-14,,0.0,0.00721309008076787,True,0.002303924051537263,0.042512070261855925,0.06012114632887459,21.418786440838666,0.3061074208693186,0.03221732434329027,0.3541448264746034,0.00864432053886362,0.6590848390301992,0.3409151609698008,True,0.00020672730170190334,0.6925410283977839
learned-seed-11,test-0182,182,1.0,False,True,False,True,145.80549902546525,False,False,False,False,True,True,True,True,True,True,0.0,3.0022907408907766,11,11.695408226444224,0.017968423664569855,True,0.008827763750259218,0.10831891436646252,0.14799535830531926,17.454900210438986,0.7625397386501482,0.123444576125795,0.7624923241079814,0.045042782954688575,0.26599183729667913,0.7340081627033208,True,0.0010771896922960877,3.3211518091509142
learned-seed-29,test-0182,182,1.0,False,True,False,True,15.113066472294028,False,False,False,False,True,True,True,True,False,True,0.0,1.223539377366714,29,3.7136323342089668,0.010156168602406979,True,0.0027925880387582825,0.04143145840025134,0.057960985729881995,19.932700980221046,0.43100509517909646,0.039050642551275654,0.4317069099009745,0.014789894225614482,0.584420215464533,0.41557978453546696,True,0.00035369754186831415,1.4108200924656442
learned-seed-47,test-0182,182,0.0,False,False,False,True,3876.615292682035,False,False,False,False,False,True,True,True,True,True,0.0,5.3400504725568,47,33.12674040081053,0.01460153516381979,True,0.027718996270547157,0.34439420571597773,0.4851671998043455,18.356014813301957,0.6196565160952106,0.38761342533092935,0.720732070936326,0.13730691212288149,0.3061920671683853,0.6938079328316147,True,0.0032836690079420805,10.385313589097345
analytic-oracle,test-0183,183,0.0,False,False,False,False,1.2217707120319304e-15,False,False,False,False,False,False,False,False,False,False,0.0,0.024269603892707745,,0.0,0.0,False,3.41740524767431e-16,0.0,0.0,120.0,0.0,4.470372327862421e-15,0.0,0.0,1.0,0.0,False,0.0,0.0
persistence,test-0183,183,1.0,False,True,False,True,0.0,False,False,False,False,True,False,True,False,False,True,0.0,0.47662878178039775,,0.0,0.013199781998991966,True,0.010903918847017937,0.03380020426046655,0.035526533590736445,18.794332413257145,0.5107985862861569,0.14263622118605707,0.5096651838752663,0.009537496122939854,0.5127691924174748,0.48723080758252524,True,0.000251154851866886,0.6437984718816645
linear-extrapolation,test-0183,183,1.0,False,True,False,True,0.0,False,False,False,False,True,False,False,False,False,True,0.0,1.7755001130869903e-14,,0.0,0.006838166154921055,True,0.0012400473381326323,0.037100203448150064,0.05477779394105967,21.65060350850236,0.2646199463741345,0.016221293361096532,0.31026841003836286,0.0075640078536771856,0.703388944795305,0.296611055204695,True,0.0001991861645365134,0.6437984718816645
learned-seed-11,test-0183,183,0.0,False,True,False,True,35.46531703947995,False,False,False,False,False,True,True,True,True,True,0.0,0.8494897923225451,11,4.765995247977768,0.012725035659968853,True,0.006422906350311579,0.053135342891327805,0.07689689011525365,18.953409919455456,0.49242708902687987,0.0840192506651793,0.4918587689183703,0.0333246714710972,0.5297918068986736,0.47020819310132644,True,0.0008775524329394102,1.2366821390985727
learned-seed-29,test-0183,183,1.0,False,True,False,True,12.646709660412727,False,False,False,False,True,True,True,True,False,True,0.0,0.83290084822176,29,3.658928926677309,0.0069749243557453156,True,0.0012374330855282004,0.024359485800482642,0.03513156977140312,21.564604980272016,0.2699121470824042,0.01618709582918589,0.27125433362029516,0.010343584230259,0.740685704632276,0.259314295367724,True,0.0002723819052334875,0.9689913472245212
learned-seed-47,test-0183,183,0.0,False,False,False,True,82.97025566979093,False,False,False,False,False,True,True,True,True,True,0.0,1.7028231106292901,47,7.513742653586696,0.015870006754994392,True,0.019781055889329303,0.07057445502334851,0.10069722292010597,17.99422888389691,0.6141296133089137,0.25875972691192295,0.6133134973453779,0.03553520803853824,0.41368325703412195,0.586316742965878,True,0.0009357634116895497,2.003081021611067
analytic-oracle,test-0184,184,0.0,False,False,False,False,5.49279435118896e-16,False,False,False,False,False,False,False,False,False,False,0.0,0.0212598099401071,,0.0,0.0,False,0.0,0.0,0.0,120.0,0.0,0.0,0.0,0.0,1.0,0.0,False,0.0,0.0
persistence,test-0184,184,1.0,False,True,False,True,0.0,False,False,False,False,True,False,True,False,False,True,0.0,0.6358042740147191,,0.0,0.008810904808342457,True,0.002426291149516028,0.031109832439588626,0.029513919069995013,20.54979490782837,0.5073007785416567,0.05983479427099179,0.5040531969864382,0.019734578683272226,0.5162888251470679,0.48371117485293214,True,0.0003425809263717383,0.9620727455790722
linear-extrapolation,test-0184,184,1.0,False,True,False,True,0.0,False,False,False,False,True,False,False,False,True,True,0.0,2.044590136369735e-14,,0.0,0.007602695841342211,True,0.0015516668627515444,0.0675510971200594,0.08925700155355164,21.190323838482456,0.43773637364422807,0.038265674557801284,0.4679143667863447,0.022698001801546606,0.5509692043578522,0.44903079564214776,True,0.0003940242459066212,0.9620727455790722
learned-seed-11,test-0184,184,1.0,False,True,False,True,15.897086658081637,False,False,False,False,True,True,True,True,True,True,0.0,1.0166717543745765,11,3.5057372065399304,0.008607927709817886,True,0.003405267997848716,0.07110802975998841,0.09379720539108423,20.651013889080552,0.49561407412849073,0.08397735371928168,0.49348739065421543,0.038504045030081216,0.5264282283386035,0.4735717716613965,True,0.0006684080581180751,1.6017750588637738
learned-seed-29,test-0184,184,1.0,False,True,False,True,11.798235761478285,False,False,False,False,True,True,True,True,True,True,0.0,1.4902806531220216,29,3.3220159019178808,0.0077752708457410336,True,0.001667719691632214,0.051150716872335064,0.06728549043402807,21.092844737143682,0.4476726328585439,0.04112765472123987,0.4461914065278261,0.027409731208495488,0.5718154933820131,0.4281845066179869,True,0.00047581715625710785,1.7760508857487147
learned-seed-47,test-0184,184,1.0,False,True,False,True,13.514561327462859,False,False,False,False,True,True,True,True,False,True,0.0,0.8606962609527857,47,3.6362492434526246,0.012672766111791134,True,0.0013424684992373696,0.049883624722991224,0.0617805499050149,18.97128580383193,0.7296531122094142,0.03310663128090699,0.7266081542459084,0.03470267037169372,0.30271549501259226,0.6972845049874077,True,0.0006024183821864426,1.2201918636931133
analytic-oracle,test-0185,185,0.0,False,False,False,False,1.3828532030111593e-16,False,False,False,False,False,False,False,False,False,False,0.0,0.027429942384675023,,4.380746890741969e-17,0.0,False,0.0,0.0,0.0,120.0,0.0,0.0,0.0,0.0,1.0,0.0,False,0.0,0.0
persistence,test-0185,185,1.0,False,True,False,True,0.0,False,False,False,False,True,False,True,False,False,True,0.0,0.44800935144242254,,0.0,0.01007931213825941,True,0.0037217534287626274,0.029068028630904248,0.028615886458907516,19.96569105266642,0.4372088628346133,0.05036398637293959,0.43560906397254323,0.010787092660979084,0.5778822084457301,0.42211779155426987,True,0.0002514999941922724,0.6458729695326666
linear-extrapolation,test-0185,185,1.0,False,True,False,True,0.0,False,False,False,False,True,False,False,False,False,True,0.0,2.1505978223466598e-14,,0.0,0.007650589570403099,True,0.0026667287263619716,0.046596858542304456,0.06456650117469694,21.16305095917397,0.3318585157605726,0.03608704655092479,0.37863019837180234,0.009747204562369598,0.6330963784478684,0.36690362155213163,True,0.00022725510643795133,0.6458729695326666
learned-seed-11,test-0185,185,1.0,False,True,False,True,45.4411906548213,False,False,False,False,True,True,True,True,True,True,0.0,2.26513570607337,11,6.63165881294433,0.010997732169926167,True,0.004532401411993753,0.05473359347788615,0.07409717388447862,19.58696860989791,0.4770470355334592,0.06133394039116623,0.5294289679711148,0.019741252850502336,0.486968005884034,0.513031994115966,True,0.00046026534982956946,2.4243058742954466
learned-seed-29,test-0185,185,0.0,False,False,False,True,20421.44942329896,False,False,False,False,False,True,True,True,True,True,0.0,15.72241991385997,29,97.6647578618099,0.0125255873426795,True,0.032718096979546835,0.6638682254492858,0.918479323464183,19.02201900294723,0.5433205880827329,0.4427520043890339,0.7019412738365323,0.1324915563455154,0.3197985881869894,0.6802014118130106,True,0.0030890274792909622,20.235333606997962
learned-seed-47,test-0185,185,0.0,False,True,False,True,23.879935854426574,False,False,False,False,False,True,True,True,False,True,0.0,1.1868239411266726,47,5.031750229940358,0.006269372068345547,True,0.0007568742126304046,0.02058718512459201,0.027257454620362633,22.02775955327031,0.2719456442155377,0.010242269742093201,0.2716608119775823,0.013288477367586657,0.7367528100585053,0.26324718994149465,True,0.0003098195302300155,1.3008413264701273
analytic-oracle,test-0186,186,0.0,False,False,False,False,5.784848142443877e-16,False,False,False,False,False,False,False,False,False,False,0.0,0.012572755424727904,,0.0,0.0,False,1.5662384583725597e-15,0.0,0.0,120.0,0.0,4.219399406419556e-14,0.0,0.0,1.0,0.0,False,0.0,0.0
persistence,test-0186,186,1.0,False,True,False,True,0.0,False,False,False,False,True,False,True,False,False,True,0.0,0.5365432839057717,,0.0,0.010332048870623112,True,0.002755222278198973,0.039354886389606485,0.04061655664623331,19.858135482796197,0.6600207990128798,0.07422486137434228,0.6600069868412106,0.018010264777106363,0.37137344857531934,0.6286265514246807,True,0.00028355774702504277,0.7386784168714111
linear-extrapolation,test-0186,186,1.0,False,True,False,True,0.0,False,False,False,False,True,False,False,False,False,True,0.0,2.1838609551229494e-14,,0.0,0.00530666671693325,True,0.0008147364670897208,0.04756013120617215,0.06903829132666427,22.751781872042244,0.33899475800622186,0.021948755933363828,0.3699894057544881,0.016048382090213698,0.6476019665848358,0.3523980334151642,True,0.00025266941520385444,0.7386784168714111
learned-seed-11,test-0186,186,0.0,False,True,False,True,44.54347274197014,False,False,False,False,False,True,True,True,True,True,0.0,1.7695001957518002,11,5.818834544738289,0.010279103182256222,True,0.003728624067212066,0.06504746755587264,0.09111770509001015,19.88044774444581,0.6566385796701548,0.1004480134672697,0.6545346300641574,0.06041053666325195,0.37658561880610514,0.6234143811938948,True,0.0009511173702776432,1.751418346482093
learned-seed-29,test-0186,186,0.0,False,True,False,True,6.742775631789928,False,False,False,False,False,True,True,True,False,True,0.0,0.6574593299124963,29,1.5248585690178589,0.00894347857683897,True,0.0036061295039827683,0.04515541069737292,0.06323056894727452,20.48493528979424,0.571317649592557,0.09714804669262944,0.5700624298866581,0.03737512819991058,0.4570415366183997,0.5429584633816003,True,0.0005884426063857973,1.0165274274986629
learned-seed-47,test-0186,186,0.0,False,False,False,True,2291.537431080866,False,False,False,False,False,True,True,True,True,True,0.0,5.497368431387039,47,23.60466958315153,0.010283811949193478,True,0.011315010231401404,0.199082323688539,0.28737675344418806,19.878458735085907,0.6569393800394919,0.30482298017132337,0.7061114384020354,0.16246267872714953,0.32746106133118197,0.6725389386688181,True,0.002557849744334817,9.188826646823074
analytic-oracle,test-0187,187,0.0,False,False,False,False,7.717415561673075e-16,False,False,False,False,False,False,False,False,False,False,0.0,0.02622470918326414,,0.0,0.0,False,1.5482407023093003e-16,0.0,0.0,120.0,0.0,3.05375086526477e-15,0.0,0.0,1.0,0.0,False,0.0,0.0
persistence,test-0187,187,1.0,False,True,False,True,0.0,False,False,False,False,True,False,True,False,False,True,0.0,0.5997070799599745,,0.0,0.010694134049117565,True,0.005505631626448933,0.0318136713842317,0.03138808277227532,19.708543763954694,0.5042353571036182,0.10859311034789423,0.5026278992394393,0.013974032238440046,0.5214249774998064,0.47857502250019357,True,0.0003022765158675611,0.8702729147902714
linear-extrapolation,test-0187,187,1.0,False,True,False,True,0.0,False,False,False,False,True,False,False,False,True,True,0.0,2.661724847040846e-14,,0.0,0.007845977321267128,True,0.001298248073394557,0.053115816806908696,0.07296018551192232,21.053529515292944,0.3699429199452078,0.02560665258020671,0.41089070843470327,0.013479364180485046,0.6087721546459893,0.3912278453540107,True,0.0002915762015618384,0.8702729147902714
learned-seed-11,test-0187,187,1.0,False,True,False,True,141.0032043013834,False,False,False,False,True,True,True,True,True,True,0.0,3.8435169074200286,11,11.562706536588761,0.017342904582619667,True,0.007013643789290012,0.12158875440945725,0.16125934773909353,17.608781653047348,0.8177292004444995,0.13833715105317312,0.8166677384725599,0.05343663065109349,0.2224132764892488,0.7775867235107512,True,0.0011559039121493697,4.1851692452506155
learned-seed-29,test-0187,187,1.0,False,True,False,True,6.712510372065821,False,False,False,False,True,True,True,True,False,True,0.0,1.2134465566606987,29,2.6896237944030843,0.009124227799475193,True,0.0009517942625427633,0.028349621126103567,0.03552943365725054,20.398038804734185,0.430213259122441,0.018773195591994918,0.42952198075920034,0.015479980697854867,0.5910324677217348,0.4089675322782652,True,0.00033485214225947857,1.3020939166753884
learned-seed-47,test-0187,187,0.0,False,True,False,True,1.1725015156723855,False,False,False,False,False,True,True,True,False,True,0.0,0.538217872028392,47,1.1710453488444137,0.010127238929271698,True,0.0031119606899293385,0.03241098878858402,0.035843235680723964,19.945089437047898,0.47750588448966996,0.061380330819149155,0.4769605925816635,0.014840579918553145,0.5458639946730508,0.4541360053269492,True,0.0003210210707038641,0.898971202520521
analytic-oracle,test-0188,188,0.0,False,False,False,False,0.0,False,False,False,False,False,False,False,False,False,False,0.0,0.018825125945821152,,3.693650514325497e-17,0.0,False,2.0599841277224584e-17,0.0,0.0,120.0,0.0,5.368120550440608e-16,0.0,0.0,1.0,0.0,False,0.0,0.0
persistence,test-0188,188,1.0,False,True,False,True,0.0,False,False,False,False,True,False,True,False,False,True,0.0,0.5313484764578803,,0.0,0.010866464115679264,True,0.0033993243446542518,0.03809213496369998,0.03867695119374552,19.639117498292677,0.6427247489122552,0.08858312365895128,0.6402294889497582,0.01816080748434701,0.39532936932454765,0.6046706306754523,True,0.00031260360265150666,0.7471220624900398
linear-extrapolation,test-0188,188,1.0,False,True,False,True,0.0,False,False,False,False,True,False,False,False,True,True,0.0,2.148242194560769e-14,,0.0,0.006158852018415928,True,0.0011508535724879538,0.05248065134010847,0.07437078118328642,22.10500230778632,0.364281018644552,0.029990137447568364,0.39750425588296345,0.01704935905558657,0.6245734486625779,0.3754265513374221,True,0.00029347214149311185,0.7471220624900398
learned-seed-11,test-0188,188,1.0,False,True,False,True,121.95942396525022,False,False,False,False,True,True,True,True,True,True,0.0,3.1472249287302834,11,10.761392811944958,0.013366512022912502,True,0.003483949994352322,0.1066134491161935,0.14572019342158388,18.739819066369567,0.7905964619496701,0.09078838671474412,0.7904541945646749,0.06164156911537638,0.2534482641036441,0.7465517358963558,True,0.0010610418394207954,3.419858170620648
learned-seed-29,test-0188,188,1.0,False,True,False,True,12.588862573683544,False,False,False,False,True,True,True,True,True,True,0.0,1.2919529693614378,29,3.3684106698910528,0.008601635694503784,True,0.002790665237221783,0.056889793239219014,0.08005478667177464,20.654189550878034,0.5087656926053402,0.07272205260092571,0.5082245001190862,0.027940211841375268,0.5200026954149869,0.4799973045850131,True,0.00048093736404553056,1.5214086884424114
learned-seed-47,test-0188,188,1.0,False,True,False,True,16.68926751528609,False,False,False,False,True,True,True,True,True,True,0.0,0.7883790087633135,47,4.0966393476173755,0.012419373728334904,True,0.0008830553277802675,0.05303934740267601,0.06854992716646267,19.059003037718327,0.734575550631406,0.023011572703107684,0.7339377903444358,0.03437616428243627,0.30682570199614106,0.6931742980038589,True,0.00059171998873353,1.1435355691832403
analytic-oracle,test-0189,189,0.0,False,False,False,False,1.5583128080042036e-16,False,False,False,False,False,False,False,False,False,False,0.0,0.006771690728813419,,0.0,0.0,False,5.339695699491109e-18,0.0,0.0,120.0,0.0,1.1499301363463195e-16,0.0,0.0,1.0,0.0,False,0.0,0.0
persistence,test-0189,189,1.0,False,True,False,True,0.0,False,False,False,False,True,False,True,False,False,True,0.0,0.5968466999951132,,0.0,0.009271831251680851,True,0.00029519339246308955,0.030448008266966916,0.029573411725080188,20.328344811784923,0.48557495709814086,0.0063571371319149144,0.4851951784654563,0.014675425526806554,0.5374573208327392,0.4625426791672608,True,0.0002834931656252593,0.8768861832494599
linear-extrapolation,test-0189,189,1.0,False,True,False,True,0.0,False,False,False,False,True,False,False,False,True,True,0.0,3.0366777918324264e-14,,0.0,0.007326506543904543,True,0.0008960944200055163,0.054358023425127806,0.07397190045434349,21.351030581506517,0.3836963814554714,0.019297840861499358,0.4223260258873508,0.014402910025207724,0.597391276405883,0.40260872359411704,True,0.00027822883566841483,0.8768861832494599
learned-seed-11,test-0189,189,0.0,False,True,False,True,39.642994064755015,False,False,False,False,False,True,True,True,True,True,0.0,1.6257051781682323,11,5.211750172524514,0.01280998531728983,True,0.006543840735111021,0.06707211198893344,0.0888849792296574,18.924513680401425,0.6708715788742583,0.14092487834975256,0.6707488789736261,0.05684282761967547,0.3605666393674063,0.6394333606325937,True,0.00109806377440691,1.6888713112480875
learned-seed-29,test-0189,189,0.0,True,True,True,True,37.193153696152706,False,False,False,False,False,True,True,True,False,True,0.0,1.4917932175787916,29,5.4192487410312,0.004069419577717781,False,0.0006284195735654936,0.014515139124761338,0.018214276009114596,23.90467529882934,0.21311952118481708,0.01353332936147904,0.21301645208920994,0.02237108033032794,0.7969287313042365,0.20307126869576353,True,0.00043215430923737586,1.6596092497925055
learned-seed-47,test-0189,189,1.0,False,True,False,True,46.37879281747793,False,False,False,False,True,True,True,True,False,True,0.0,2.4634416528454537,47,5.841710650350396,0.006249051075428724,True,0.0006671096722424669,0.0202881762865777,0.022498676250909844,22.041859256948566,0.3272689747567724,0.014366539959062431,0.32735836487293796,0.014956854080121477,0.6879251446499635,0.31207485535003654,True,0.00028892967384308577,2.3736160711435743
analytic-oracle,test-0190,190,0.0,False,False,False,False,4.33480677192922e-16,False,False,False,False,False,False,False,False,False,False,0.0,0.030636970767857815,,0.0,0.0,False,0.0,0.0,0.0,120.0,0.0,0.0,0.0,0.0,1.0,0.0,False,0.0,0.0
persistence,test-0190,190,1.0,False,True,False,True,0.0,False,False,False,False,True,False,True,False,False,True,0.0,0.5060812454106666,,0.0,0.00967671163380146,True,0.0030818245633130502,0.03134550374320718,0.03107434785792453,20.142722007412644,0.5096711697318518,0.0695682715265611,0.5109739734549302,0.01340401585523687,0.5154267560433478,0.48457324395665224,True,0.0002584790054243058,0.7243926516856032
linear-extrapolation,test-0190,190,1.0,False,True,False,True,0.0,False,False,False,False,True,False,False,False,False,True,0.0,1.892638838057118e-14,,0.0,0.006696488242596388,True,0.0013976869762477558,0.048066023027154146,0.06708312401017427,21.741528893434598,0.3527031831534393,0.03155100657910649,0.39351107318787903,0.012415322136440211,0.6268206461119624,0.3731793538880376,True,0.00023941333347465843,0.7243926516856032
learned-seed-11,test-0190,190,0.0,False,True,False,True,14.946143670485547,False,False,False,False,False,True,True,True,False,True,0.0,0.8077921420958781,11,2.5956024680513314,0.009886437095701694,True,0.0010969926464666668,0.04656550381008855,0.06365251307304427,20.049601925749243,0.5207173831082913,0.024763214363504246,0.5209336693440483,0.0385939087876902,0.505981652385368,0.49401834761463204,True,0.0007442333153448999,1.0523712119616748
learned-seed-29,test-0190,190,1.0,False,True,False,True,8.497692734501058,False,False,False,False,True,True,True,True,False,True,0.0,0.8130856154188798,29,3.080219230209123,0.006834531668573618,True,0.0009960979239055858,0.0263241727417386,0.035626527986289694,21.652912397973626,0.3599739128242343,0.02248564427133111,0.3601221396798761,0.018065678935292935,0.6584844580921102,0.3415155419078898,True,0.00034837311250157654,0.9928828112351155
learned-seed-47,test-0190,190,0.0,False,True,False,True,7.2855997604692355,False,False,False,False,False,True,True,True,False,True,0.0,0.7097596044115676,47,2.4426649089375925,0.007536039687693119,True,0.0010037862603111446,0.025806087101880027,0.03463793963300743,21.228568230468223,0.3969222508765952,0.02265919869133822,0.3970570738369173,0.031073496789340373,0.6234578583246341,0.3765421416753659,True,0.0005992119549773633,0.9584742612069335
analytic-oracle,test-0191,191,0.0,False,False,False,False,3.594081723503125e-16,False,False,False,False,False,False,False,False,False,False,0.0,0.025830820565679306,,2.2070090656566564e-18,0.0,False,0.0,0.0,0.0,120.0,0.0,0.0,0.0,0.0,1.0,0.0,False,0.0,0.0
persistence,test-0191,191,1.0,False,True,False,True,0.0,False,False,False,False,True,False,True,False,False,True,0.0,0.5557905277483469,,0.0,0.011323994025588036,True,0.008247006929718527,0.03506134907365763,0.03418639865983995,19.460003684357613,0.5411872229202226,0.19196947896595656,0.5386512121412275,0.017030181362989977,0.4948291229375723,0.5051708770624277,True,0.0003673228493425995,0.8084542894482502
linear-extrapolation,test-0191,191,1.0,False,True,False,True,0.0,False,False,False,False,True,False,False,False,True,True,0.0,2.3586293257480093e-14,,0.0,0.008179551921784878,True,0.001347323837670139,0.05917975447555454,0.0813536269051414,20.87270486454136,0.3909105726548331,0.03136229389888208,0.4293511209267265,0.01683119415404483,0.5973355718181813,0.4026644281818187,True,0.000363030907465145,0.8084542894482502
learned-seed-11,test-0191,191,1.0,False,True,False,True,21.641361390067964,False,False,False,False,True,True,True,True,True,True,0.0,0.7937039557380108,11,3.7300292525658736,0.011594093404710293,True,0.00513932421315926,0.05359434644076307,0.07130774704951913,19.357632051739014,0.5540955954051736,0.11963047925691273,0.5545622398002666,0.041576479462004864,0.47990705905595626,0.5200929409440438,True,0.0008967603207565844,1.1608620491727113
learned-seed-29,test-0191,191,1.0,False,True,False,True,9.75631761869109,False,False,False,False,True,True,True,True,False,True,0.0,0.9134848168521924,29,3.15217312736383,0.0075036329217255116,True,0.0014732480424537817,0.03280710757184292,0.04438645747097051,21.247284198273388,0.35860759494797695,0.03429349114262483,0.360394006543182,0.01680257869503554,0.6620065967182348,0.3379934032817652,True,0.00036241370253264904,1.0416313317496835
learned-seed-47,test-0191,191,0.0,False,False,False,True,78.76720986831208,False,False,False,False,False,True,True,True,True,True,0.0,2.2468344512318046,47,8.08036209926032,0.014115055091679096,True,0.015490909923930467,0.07828700386399602,0.10535049595938444,18.503174224433433,0.6745753705954541,0.360589233421075,0.6755874452389714,0.051657333118129756,0.3664042806344694,0.6335957193655306,True,0.001114193582907319,2.4435908494335705
analytic-oracle,test-0192,192,0.0,False,False,False,False,4.609945567125348e-16,False,False,False,False,False,False,False,False,False,False,0.0,0.02791521824557309,,0.0,0.0,False,0.0,0.0,0.0,120.0,0.0,0.0,0.0,0.0,1.0,0.0,False,0.0,0.0
persistence,test-0192,192,1.0,False,True,False,True,0.0,False,False,False,False,True,False,True,False,False,True,0.0,0.49074650599633185,,0.0,0.01117345318198204,True,0.004920948721007734,0.029549834129685683,0.02906706931256034,19.518125864087104,0.4301822667895055,0.05469059662093211,0.42942356129039944,0.011320201374086474,0.5874280941924076,0.4125719058075924,True,0.00029949372401461005,0.7169310172122544
linear-extrapolation,test-0192,192,1.0,False,True,False,True,0.0,False,False,False,False,True,False,False,False,True,True,0.0,2.2891245640053126e-14,,0.0,0.009179700165987015,True,0.003766008118576998,0.051698895129026916,0.07043203678749678,20.37171503807898,0.3534220049554812,0.04185478097037995,0.4015900239619859,0.010619911648067372,0.6141693738428381,0.3858306261571619,True,0.00028096645837649703,0.7169310172122544
learned-seed-11,test-0192,192,1.0,False,True,False,True,8.747178256302167,False,False,False,False,True,True,True,True,True,True,0.0,0.8212067709406526,11,2.871128964823146,0.018580777570605278,True,0.021537691334283376,0.06717645759045603,0.08723827414262128,17.30936115554588,0.7153671191752998,0.23936627989657647,0.7139885301175912,0.023648916230937095,0.31403016706814807,0.685969832931852,True,0.0006256692577153444,0.9538787346485244
learned-seed-29,test-0192,192,1.0,False,True,False,True,2.4236814600144085,False,False,False,False,True,True,True,True,False,True,0.0,0.42684648064819025,29,1.8809956355814768,0.00909378007054329,True,0.0017497914294382485,0.030324249257897937,0.04039083586068719,20.4125555324334,0.3501140480670633,0.019446887716922632,0.3491224397035058,0.015408550992187705,0.6645779987575826,0.3354220012424174,True,0.00040765744051896036,0.7208620551430998
learned-seed-47,test-0192,192,0.0,False,True,False,True,3.886047721830573,False,False,False,False,False,True,True,True,False,True,0.0,0.3799945040378249,47,1.7561988131004231,0.0146260941401124,True,0.015544392076615874,0.04713470984985821,0.06296926156195926,18.34871635588391,0.5631102783530121,0.17275775972843668,0.5618146571771312,0.023362896095710968,0.46023235631111553,0.5397676436888845,True,0.0006181021453812718,0.5951459303217126
analytic-oracle,test-0193,193,0.0,False,False,False,False,0.0,False,False,False,False,False,False,False,False,False,False,0.0,0.005264452347847193,,0.0,0.0,False,1.2151737949217534e-15,0.0,0.0,120.0,0.0,1.4893775808351054e-14,0.0,0.0,1.0,0.0,False,0.0,0.0
persistence,test-0193,193,1.0,False,True,False,True,0.0,False,False,False,False,True,False,True,False,False,True,0.0,0.6303080432884278,,0.0,0.008670778945088387,True,0.003812794332100411,0.02317787537485341,0.022031143593924083,20.61941885642842,0.3231223531631338,0.04673150805503644,0.32112925373116913,0.010865255710928938,0.6931274181691212,0.30687258183087884,True,0.0002919688413385302,0.9805378426342752
linear-extrapolation,test-0193,193,1.0,False,True,False,True,0.0,False,False,False,False,True,False,False,False,True,True,0.0,2.7995392247482223e-14,,0.0,0.011074653826653957,True,0.003975180347133678,0.05963000821537325,0.0766180264122676,19.556698401408873,0.41270435189246474,0.04872179200653716,0.46281103390181827,0.011432112313289522,0.557735661814966,0.44226433818503397,True,0.00030720129143446684,0.9805378426342752
learned-seed-11,test-0193,193,0.0,False,True,False,True,2.6214018884661314,False,False,False,False,False,True,True,True,False,True,0.0,0.7634160735284807,11,1.680391885546642,0.007620237302035093,True,0.003042320789817016,0.02487092178627699,0.031470226585771546,21.180315040725137,0.2839732190485419,0.03728820023109354,0.28238455030026915,0.01765627650254414,0.7301520337591582,0.26984796624084184,True,0.0004744557081721723,0.9702690356821312
learned-seed-29,test-0193,193,1.0,False,True,False,True,4.916308815416152,False,False,False,False,True,True,True,True,False,True,0.0,0.8859345036482583,29,2.378920520005724,0.009994911029934883,True,0.003244528861270093,0.0331506132223811,0.04244657617980578,20.002210674168307,0.3724670173350613,0.03976656315781801,0.37294200219475204,0.010379011464937778,0.6436149190491124,0.3563850809508876,True,0.0002789025893434882,1.079566804564478
learned-seed-47,test-0193,193,0.0,True,True,True,True,0.9726457117682982,False,False,False,False,False,True,True,True,False,True,0.0,0.2896253110087635,47,1.0856133005326605,0.0023157219402492046,False,0.0005053462054130852,0.008088477861387762,0.009577857881500314,26.353135896187045,0.0862969206507886,0.006193775014304068,0.08579310775259082,0.008861994791109612,0.9180157143161668,0.0819842856838332,True,0.00023813763982616365,0.4460581287283064
analytic-oracle,test-0194,194,0.0,False,False,False,False,3.361073171036092e-16,False,False,False,False,False,False,False,False,False,False,0.0,0.003385824170848937,,0.0,0.0,False,0.0,0.0,0.0,120.0,0.0,0.0,0.0,0.0,1.0,0.0,False,0.0,0.0
persistence,test-0194,194,1.0,False,True,False,True,0.0,False,False,False,False,True,False,True,False,False,True,0.0,0.5747329962108813,,0.0,0.009535610675811768,True,0.0015629179762544473,0.028442979229178746,0.027696446276273056,20.206514888117077,0.41962996536739977,0.02181328964631131,0.418119166376762,0.011528881662094388,0.5991867664714822,0.40081323352851783,True,0.0002660160535015166,0.8418961653664601
linear-extrapolation,test-0194,194,1.0,False,True,False,True,0.0,False,False,False,False,True,False,False,False,False,True,0.0,2.1495980108604975e-14,,0.0,0.008105783723294735,True,0.0019250456505487822,0.04973001601126817,0.06789700241866564,20.912049881878033,0.3567081185172483,0.026867422984298714,0.40127707325397616,0.01084291622913575,0.6153317661432968,0.38466823385670323,True,0.0002501881681382656,0.8418961653664601
learned-seed-11,test-0194,194,0.0,False,True,False,True,8.130237280850766,False,False,False,False,False,True,True,True,False,True,0.0,1.0073282670070836,11,2.9526550681823855,0.010886973701417446,True,0.002627165646146253,0.030800541317986235,0.03634179580182438,19.630928261606186,0.47909888025002423,0.03666675158831052,0.47682850314159536,0.015702766176212267,0.542907406424582,0.457092593575418,True,0.00036232377169653773,1.226192814362771
learned-seed-29,test-0194,194,1.0,False,True,False,True,1.3887613274539086,False,False,False,False,True,True,True,True,False,True,0.0,0.24029199758695355,29,0.5820651155645292,0.00631351675838232,True,0.00023727875961773075,0.024143794390775648,0.032591685992640174,21.997286624183907,0.2778365129133098,0.0033116455176124973,0.2765761802645091,0.012901815287120382,0.7348712949721762,0.2651287050278238,True,0.0002976949617732316,0.6609241757312666
learned-seed-47,test-0194,194,0.0,False,True,False,True,2.569016372474876,False,False,False,False,False,True,True,True,False,True,0.0,0.3172980386626268,47,0.9159534189108282,0.0073547656647861,True,0.0027906109514982055,0.022584825864711694,0.03021581160952173,21.334311600692292,0.3236583545748418,0.03894792042835175,0.32208762539466046,0.016200419755215176,0.6912435664390756,0.3087564335609244,True,0.0003738065715879202,0.5230476011001887
analytic-oracle,test-0195,195,0.0,False,False,False,False,3.8158568951699343e-16,False,False,False,False,False,False,False,False,False,False,0.0,0.014108309973656138,,0.0,0.0,False,1.4094628242311558e-18,0.0,0.0,120.0,0.0,3.81061039983312e-17,0.0,0.0,1.0,0.0,False,0.0,0.0
persistence,test-0195,195,1.0,False,True,False,True,0.0,False,False,False,False,True,False,True,False,False,True,0.0,0.5393976814381886,,0.0,0.008321334607899189,True,0.0016501584520660227,0.03000808141960061,0.02946294253833881,20.79807014290603,0.512360053765044,0.04461352829398245,0.5128910690844307,0.014143240437594375,0.5171432463741968,0.48285675362580316,True,0.00023348309332504869,0.7809037295157755
linear-extrapolation,test-0195,195,1.0,False,True,False,True,0.0,False,False,False,False,True,False,False,False,False,True,0.0,2.5246840758898262e-14,,0.0,0.006039631552994251,True,0.0009669865253561968,0.048931937905100024,0.06759441821907519,22.189895546540676,0.3718713515348498,0.02614335650910717,0.40944468540009965,0.01372367773691962,0.6145319279305191,0.38546807206948086,True,0.000226556760026142,0.7809037295157755
learned-seed-11,test-0195,195,0.0,False,True,False,True,2.87091487525451,False,False,False,False,False,True,True,True,True,True,0.0,0.7470802891263634,11,1.8203919698865587,0.01217159815132618,True,0.007262887129081959,0.055035468638702255,0.07011778177587477,19.14652394429422,0.7494279436017534,0.1963587315046124,0.7500582563731291,0.021088500155310146,0.2938642988089543,0.7061357011910456,True,0.00034813862293958664,0.9256011953959018
learned-seed-29,test-0195,195,1.0,False,True,False,True,1.7636737186878795,False,False,False,False,True,True,True,True,False,True,0.0,0.33654536166575044,29,1.2626885803678605,0.006433567497879267,True,0.0003499156694991482,0.03524242871828699,0.04839535977206808,21.915481382736406,0.39612672058462606,0.00946028704223094,0.3956177063519489,0.02051066376498647,0.6275492148713121,0.3724507851286879,True,0.0003385994350537658,0.8063033123760168
learned-seed-47,test-0195,195,0.0,False,True,False,True,2.985004604852039,False,False,False,False,False,True,True,True,False,True,0.0,0.28451979857423343,47,0.9287058783665623,0.006263811141252518,True,0.0005629698520046133,0.022211946756614916,0.0295387795509313,22.0316134506703,0.38567450587309704,0.015220399828647509,0.3852167824658807,0.02288273817428608,0.6373410725289256,0.3626589274710744,True,0.00037775872624479234,0.6129928964202747
analytic-oracle,test-0196,196,0.0,False,False,False,False,9.488080557784336e-16,False,False,False,False,False,False,False,False,False,False,0.0,0.02905722604015336,,0.0,0.0,False,0.0,0.0,0.0,120.0,0.0,0.0,0.0,0.0,1.0,0.0,False,0.0,0.0
persistence,test-0196,196,1.0,False,True,False,True,0.0,False,False,False,False,True,False,True,False,False,True,0.0,0.5408613372008674,,0.0,0.013781706802546978,True,0.011749589291393745,0.036496310693475725,0.037721541123219744,18.60696993674735,0.5475127491557541,0.15850628338828818,0.5443269528981242,0.0123330158929684,0.4760543541654636,0.5239456458345364,True,0.0003152463468722999,0.7423048090894513
linear-extrapolation,test-0196,196,1.0,False,True,False,True,0.0,False,False,False,False,True,False,False,False,False,True,0.0,1.73181292125565e-14,,0.0,0.007438632193952799,True,0.0015097870274914547,0.043645749993369225,0.06351389552892799,21.285069146194516,0.2955182562523328,0.020367582602296604,0.3401628252614355,0.0099822413293692,0.6725739370031523,0.32742606299684773,True,0.0002551577927079052,0.7423048090894513
learned-seed-11,test-0196,196,1.0,False,True,False,True,137.60679984676543,False,False,False,False,True,True,True,True,True,True,0.0,3.290549264215424,11,11.25808257018749,0.02021251805126667,True,0.006968142904837979,0.10613962604039408,0.1467023100415752,16.94379579228424,0.8029927993798356,0.09400281206197993,0.8006409361287921,0.04463208342897534,0.22933756976741212,0.7706624302325878,True,0.0011408483842387795,3.52591173191332
learned-seed-29,test-0196,196,1.0,False,True,False,True,12.703613495919386,False,False,False,False,True,True,True,True,False,True,0.0,1.4686166838881412,29,3.6669705637602243,0.007935011759400368,True,0.0018375832570407102,0.02349716678951818,0.02634625541834536,21.004524252999452,0.31523817515618807,0.024789674367887447,0.31434009665062856,0.015980389745719793,0.6974297817250862,0.3025702182749138,True,0.00040847749914973974,1.5844597121906927
learned-seed-47,test-0196,196,0.0,False,True,False,True,2.039590198894105,False,False,False,False,False,True,True,True,False,True,0.0,0.6787270645166211,47,1.7553544523352549,0.011309371329843998,True,0.005608236486094292,0.032808072117517864,0.03762124302833588,19.465615361504195,0.44929304307082013,0.07565717402773595,0.44753736236909947,0.011730599930409057,0.5692198390818085,0.4307801609181915,True,0.00029984788852743804,0.9491901233900675
analytic-oracle,test-0197,197,0.0,False,False,False,False,8.554639070474196e-16,False,False,False,False,False,False,False,False,False,False,0.0,0.0009769151280541474,,0.0,0.0,False,1.4773338802287483e-15,0.0,0.0,120.0,0.0,2.1043427137953637e-14,0.0,0.0,1.0,0.0,False,0.0,0.0
persistence,test-0197,197,1.0,False,True,False,True,0.0,False,False,False,False,True,False,True,False,False,True,0.0,0.47656626212051395,,0.0,0.011716698296368122,True,0.0024157664678673024,0.033179981742301176,0.03353315005211197,19.311947529666988,0.5130478077332419,0.034410640904685555,0.5116086409137522,0.012588874738193959,0.5073776602231884,0.4926223397768116,True,0.0002937053795903921,0.6765697280639839
linear-extrapolation,test-0197,197,1.0,False,True,False,True,0.0,False,False,False,False,True,False,False,False,False,True,0.0,2.6539603859118945e-14,,0.0,0.007631695829331875,True,0.001771734041353453,0.04815291724789564,0.06754709463641473,21.173789473022822,0.334174757724992,0.025236919498035627,0.3778345987747354,0.011041531825012251,0.6361872157502887,0.3638127842497113,True,0.0002576050173956901,0.6765697280639839
learned-seed-11,test-0197,197,0.0,False,False,False,True,43.067834795371326,False,False,False,False,False,True,True,True,True,True,0.0,1.2799714010553291,11,6.312251988311749,0.016381345689296722,True,0.019431197254218765,0.0812325427287509,0.10826487036227682,17.8565042483258,0.7173022024659652,0.2767817005313951,0.7164392826895286,0.03131200104762335,0.31014848553733815,0.6898515144626618,True,0.0007305262261070311,1.4129287003213888
learned-seed-29,test-0197,197,1.0,False,True,False,True,2.3614907410022177,False,False,False,False,True,True,True,True,False,True,0.0,0.2896335775375784,29,1.4216047627016068,0.007752329111099243,True,0.0008247872610336879,0.03204017974129867,0.04459423090338329,21.105677983798465,0.3394570172135375,0.011748427937757256,0.3390255381671256,0.013675242818766269,0.6735560338510053,0.32644396614899474,True,0.0003190509451087564,0.6450157281832976
learned-seed-47,test-0197,197,0.0,False,True,False,True,4.255159544396569,False,False,False,False,False,True,True,True,False,True,0.0,0.4651297190236454,47,1.8981333534879976,0.008771251887083054,True,0.0026131534275658395,0.026533570421626854,0.0358492679596032,20.569384170272244,0.3840733488152485,0.037222258616827375,0.383589767145031,0.020957062651580847,0.630645627353109,0.36935437264689097,True,0.000488939811475575,0.6436356725765149
analytic-oracle,test-0198,198,0.0,False,False,False,False,4.427886635911599e-16,False,False,False,False,False,False,False,False,False,False,0.0,0.003130912675086844,,0.0,0.0,False,5.2822329843493776e-15,0.0,0.0,120.0,0.0,1.3380359101821475e-13,0.0,0.0,1.0,0.0,False,0.0,0.0
persistence,test-0198,198,1.0,False,True,False,True,0.0,False,False,False,False,True,False,True,False,False,True,0.0,0.6132710977420829,,0.0,0.00867671612650156,True,0.0024614909784645856,0.03146694873062854,0.03019711830895039,20.616446109970404,0.5272498895025436,0.062351723817056906,0.5267908777245252,0.018830561339926406,0.5019768438616556,0.49802315613834436,True,0.0003163226938340813,0.9176617611842088
linear-extrapolation,test-0198,198,1.0,False,True,False,True,0.0,False,False,False,False,True,False,False,False,True,True,0.0,3.1702252992036107e-14,,0.0,0.007035383023321629,True,0.0013788820058568245,0.06320954699478944,0.08441097982960657,21.52712253540276,0.4275125367216579,0.0349282897063972,0.45974792763060984,0.020829329435258753,0.5653586202257811,0.4346413797742189,True,0.0003498987352941185,0.9176617611842088
learned-seed-11,test-0198,198,1.0,False,True,False,True,2.451584189955823,False,False,False,False,True,True,True,True,True,True,0.0,0.7762356852917554,11,1.8122048808520446,0.01270264945924282,True,0.008721582416689607,0.05765587297767445,0.07246099270269338,18.961056864832,0.7718900130106864,0.22092532649960878,0.7722896949078245,0.026708449967871792,0.269884564113044,0.7301154358869559,True,0.0004486583638936281,1.0232847077826952
learned-seed-29,test-0198,198,1.0,False,True,False,True,1.413401455795757,False,False,False,False,True,True,True,True,False,True,0.0,0.40994448237683395,29,1.3315603688519444,0.006886692717671394,True,0.0010821077296579568,0.039165607233168864,0.05195958542724459,21.619892946823043,0.4184772120572108,0.02741073718743517,0.4187323968337899,0.025169000535562515,0.6041343184427944,0.3958656815572056,True,0.00042279812623746693,0.8805358171998792
learned-seed-47,test-0198,198,0.0,False,True,False,True,2.5730762335231523,False,False,False,False,False,True,True,True,False,True,0.0,0.22598767405592643,47,0.7385894960476762,0.006045396905392408,True,0.0009147963690776648,0.024082161637811142,0.03172393600680062,22.185751806323065,0.367354976686593,0.02317259378669612,0.36728134400401263,0.023861226244115605,0.6527756613369776,0.3472243386630224,True,0.0004008296527899802,0.5505910266827873
analytic-oracle,test-0199,199,0.0,False,False,False,False,0.0,False,False,False,False,False,False,False,False,False,False,0.0,0.00984105359163585,,0.0,0.0,False,1.1470858984896637e-16,0.0,0.0,120.0,0.0,3.746414422108762e-15,0.0,0.0,1.0,0.0,False,0.0,0.0
persistence,test-0199,199,1.0,False,True,False,True,0.0,False,False,False,False,True,False,True,False,False,True,0.0,0.47070022279475393,,0.0,0.009768582880496979,True,0.004143643697582338,0.03435692003530528,0.035550653348504095,20.101684344203655,0.6109089231687501,0.1353325546861165,0.6107919076505065,0.013850664871638182,0.42317826712268,0.57682173287732,True,0.00022430291573982686,0.6491168227744605
linear-extrapolation,test-0199,199,1.0,False,True,False,True,0.0,False,False,False,False,True,False,False,False,False,True,0.0,1.9388262934733038e-14,,0.0,0.005219523329287767,True,0.00035618726647931387,0.04215781409402657,0.06092490548527356,22.823691569426646,0.3264192376271405,0.011633175108042031,0.36229243670015665,0.011972603272078195,0.6578570401340225,0.34214295986597754,True,0.0001938888744916767,0.6491168227744605
learned-seed-11,test-0199,199,0.0,False,True,False,True,18.97800772628536,False,False,False,False,False,True,True,True,False,True,0.0,0.5539108076417064,11,3.0480920307322497,0.008160357363522053,True,0.0018344669579874486,0.03819898983043478,0.05278294247848791,20.88290821931521,0.5103335039081752,0.059914200648227174,0.5079925926667247,0.03592702024236364,0.5202602327885971,0.4797397672114029,True,0.0005818157806061208,0.8612999779179936
learned-seed-29,test-0199,199,1.0,False,True,False,True,18.03834675465615,False,False,False,False,True,True,True,True,False,True,0.0,1.0446332656839856,29,4.0761140922394015,0.005178394261747599,True,0.0004021050811727645,0.0255139285852751,0.036317334592440395,22.858048872377573,0.32384710258265376,0.01313286369654063,0.3265551857600667,0.014401515747517538,0.691606706358038,0.308393293641962,True,0.00023322360357269645,1.1749084344962188
learned-seed-47,test-0199,199,0.0,False,False,False,True,87.3761072904198,False,False,False,False,False,True,True,True,True,True,0.0,2.3326349709280025,47,7.61085468870907,0.010452808812260628,True,0.010254369107794663,0.07893955893875362,0.1106710515188414,19.80766993021308,0.6536991346345713,0.3349105447608696,0.6501206490979466,0.052659246452643464,0.38603685691497125,0.6139631430850288,True,0.0008527837926521897,2.476323893013275
analytic-oracle,test-0200,200,0.0,False,False,False,False,9.332723181651185e-16,False,False,False,False,False,False,False,False,False,False,0.0,0.012986260721218551,,0.0,0.0,False,0.0,0.0,0.0,120.0,0.0,0.0,0.0,0.0,1.0,0.0,False,0.0,0.0
persistence,test-0200,200,1.0,False,True,False,True,0.0,False,False,False,False,True,False,True,False,False,True,0.0,0.5453444869049996,,0.0,0.011811424046754837,True,0.0047110467638590775,0.03387675620174082,0.033678435385825094,19.276977384267916,0.5039473642383264,0.06280860995718196,0.5036005985041008,0.013706691815590743,0.5198212346026131,0.4801787653973869,True,0.0003291368193458766,0.7796451406115434
linear-extrapolation,test-0200,200,1.0,False,True,False,True,0.0,False,False,False,False,True,False,False,False,True,True,0.0,2.791742682172384e-14,,0.0,0.008127309381961823,True,0.0028878112709169296,0.051096502113143726,0.07146463447467441,20.90053207661788,0.3467605705439368,0.038500872701250265,0.3898043326859692,0.012227178649706434,0.6283249786205788,0.3716750213794212,True,0.0002936094824690372,0.7796451406115434
learned-seed-11,test-0200,200,0.0,False,True,False,True,20.071580588621682,False,False,False,False,False,True,True,True,False,True,0.0,1.2566304147218912,11,3.94865361207125,0.013335110619664192,True,0.0030866504267719717,0.045244179546467644,0.06107170463896259,18.750033773261496,0.5689571233751991,0.04115183576961182,0.5682006751525818,0.03445723150925968,0.45822562661131006,0.54177437338869,True,0.0008274165447801352,1.2580336883751002
learned-seed-29,test-0200,200,0.0,False,True,False,True,15.048635402278308,False,False,False,False,False,True,True,True,False,True,0.0,0.7823581602867984,29,2.713396962940238,0.009446097537875175,True,0.0026574944431843315,0.031017321570344134,0.042768414126400006,20.247475743275736,0.40302811394348603,0.03543024306738469,0.402510424556157,0.03897399657953224,0.6162098311696512,0.3837901688303488,True,0.0009358769748359919,1.0100325675007626
learned-seed-47,test-0200,200,0.0,False,True,False,True,409.144727090409,False,False,False,False,False,True,True,True,True,True,0.0,3.6741782514234096,47,12.010790143310304,0.01231564860790968,True,0.01005823356045717,0.05888788512922005,0.08073323803883561,19.095427109529012,0.5254606582808025,0.1340983650180318,0.5247679529219271,0.06408674457042629,0.49963834732791085,0.5003616526720891,True,0.001538905780762434,4.533682530407592
analytic-oracle,test-0201,201,0.0,False,False,False,False,1.3401747229407836e-16,False,False,False,False,False,False,False,False,False,False,0.0,0.026248070227522177,,5.390770531422306e-18,0.0,False,8.131516293641283e-20,0.0,0.0,120.0,0.0,2.2066320339709337e-18,0.0,0.0,1.0,0.0,False,0.0,0.0
persistence,test-0201,201,1.0,False,True,False,True,0.0,False,False,False,False,True,False,True,False,False,True,0.0,0.45508697734275944,,0.0,0.008905013091862202,True,0.00017054825499552295,0.03079490427448975,0.03133230520930527,20.503654377145686,0.5509528941076522,0.004628131202359565,0.5504467587515551,0.011912265740250018,0.4833262616374148,0.5166737383625852,True,0.00019530595454853028,0.6333421325394343
linear-extrapolation,test-0201,201,1.0,False,True,False,True,0.0,False,False,False,False,True,False,False,False,False,True,0.0,3.315534184689226e-14,,0.0,0.005160884000360966,True,0.000663348153502765,0.03981910408599809,0.057209676821288885,22.872759023269282,0.3193037390086693,0.018001135733311028,0.36095195708291467,0.010334750841977484,0.661194485987526,0.33880551401247405,True,0.00016944202070590109,0.6333421325394343
learned-seed-11,test-0201,201,0.0,False,True,False,True,113.4064296051329,False,False,False,False,False,True,True,True,True,True,0.0,1.9384671500157757,11,8.714550304110864,0.011123629286885262,True,0.008781525036994671,0.09625626986914541,0.13472341784945374,19.53753493139669,0.6882186118502912,0.23830235043497608,0.6893868787225581,0.08617667240955239,0.3529109034712942,0.6470890965287057,True,0.0014128980692476034,2.11223737855369
learned-seed-29,test-0201,201,0.0,False,True,False,True,74.40153952904089,False,False,False,False,False,True,True,True,False,True,0.0,1.6922509051401011,29,7.725989692198086,0.005529914051294327,True,0.00185962706201834,0.025498757178797186,0.03508620753736875,22.572816186661292,0.34213561724141783,0.05046429839288157,0.3423523221834903,0.03321215972266009,0.6786529281399708,0.3213470718600292,True,0.0005445255083031952,1.9205976175246127
learned-seed-47,test-0201,201,1.0,False,True,False,True,68.96602365731125,False,False,False,False,True,True,True,True,False,True,0.0,2.3307903807271044,47,6.971379628112081,0.0048892744816839695,True,0.00032710495977287466,0.0179697063688214,0.021256976008374576,23.107555809536755,0.30249926619783996,0.008876576724934256,0.30273063898025443,0.014130784636673012,0.7158435970927037,0.28415640290729627,True,0.00023167938343249261,2.2152044835736437
analytic-oracle,test-0202,202,0.0,False,False,False,False,0.0,False,False,False,False,False,False,False,False,False,False,0.0,0.0109127587326002,,0.0,0.0,False,2.415602440297704e-16,0.0,0.0,120.0,0.0,4.7600142748669395e-15,0.0,0.0,1.0,0.0,False,0.0,0.0
persistence,test-0202,202,1.0,False,True,False,True,0.0,False,False,False,False,True,False,True,False,False,True,0.0,0.6228759002938387,,0.0,0.011698347516357899,True,0.005368484656583588,0.03545937370116004,0.03557990535237484,19.318754814344107,0.5722253210218762,0.10578753843530925,0.5645622964835144,0.015981327089840826,0.4606132623539443,0.5393867376460557,True,0.00032983915298245847,0.8888386293523202
linear-extrapolation,test-0202,202,1.0,False,True,False,True,0.0,False,False,False,False,True,False,False,False,True,True,0.0,2.3706013354276072e-14,,0.0,0.007380261551588774,True,0.0015293273346826917,0.05308071147779241,0.07415972056147918,21.319282467949897,0.3610059052937176,0.030135836189736035,0.398714623535983,0.014924580154211494,0.6190652805183757,0.3809347194816243,True,0.000308028917061165,0.8888386293523202
learned-seed-11,test-0202,202,1.0,False,True,False,True,26.61806877204063,False,False,False,False,True,True,True,True,False,True,0.0,2.3806124059462266,11,5.146501932863195,0.010788693092763424,True,0.002288847886510806,0.049435589683030114,0.0678867953686148,19.67031161153732,0.527729524172581,0.04510240771013522,0.5394429256613001,0.021057207824251925,0.48461248363370135,0.5153875163662986,True,0.0004346004279796034,2.545757723727166
learned-seed-29,test-0202,202,0.0,False,False,False,True,578.4846591488047,False,False,False,False,False,True,True,True,True,True,0.0,3.7681371142641664,29,15.671876859537162,0.011338298209011555,True,0.015113080933149274,0.14016473832211054,0.19526533730725243,19.454521247991828,0.5546134890779308,0.29780761841813697,0.5910623834841456,0.1388018515775962,0.43529489525143167,0.5647051047485683,True,0.002864736132323742,4.8069961902078235
learned-seed-47,test-0202,202,0.0,False,True,False,True,6.54758834417546,False,False,False,False,False,True,True,True,False,True,0.0,1.1001440969969143,47,2.805832333453315,0.005135609768331051,True,0.0006932058941286319,0.020340914032984454,0.027885005742092097,22.894079837513452,0.25120863816167827,0.01365982206520511,0.25080747984277174,0.014717466531510274,0.7603767924775475,0.23962320752245247,True,0.0003037542919628322,1.2337757626060322
analytic-oracle,test-0203,203,0.0,False,False,False,False,1.0887702410925302e-15,False,False,False,False,False,False,False,False,False,False,0.0,0.014213483767422541,,0.0,0.0,False,1.5222198501696482e-16,0.0,0.0,120.0,0.0,4.0571121120960884e-15,0.0,0.0,1.0,0.0,False,0.0,0.0
persistence,test-0203,203,1.0,False,True,False,True,0.0,False,False,False,False,True,False,True,False,False,True,0.0,0.504901892166974,,0.0,0.010970965959131718,True,0.006422346752356879,0.03619990825062817,0.037100863846810314,19.59755132475261,0.6006912853861415,0.17117225737244304,0.6012742233897628,0.014637817185031219,0.4283158581294091,0.5716841418705909,True,0.000271266617346555,0.699769547207572
linear-extrapolation,test-0203,203,1.0,False,True,False,True,0.0,False,False,False,False,True,False,False,False,False,True,0.0,2.624949047949939e-14,,0.0,0.005972835700958967,True,0.0005420339877391994,0.045480592966475324,0.0655874623174748,22.23819431535916,0.32702957679154365,0.014446616607839953,0.36455320566099475,0.012375791392106332,0.6533872924577675,0.3466127075422325,True,0.00022934697335585952,0.699769547207572
learned-seed-11,test-0203,203,0.0,False,True,False,True,1.3200486045652182,False,False,False,False,False,True,True,True,False,True,0.0,0.4596468973830902,11,1.259732205866783,0.006904651876538992,True,0.0011566943452320146,0.023121223142674202,0.027352081049788694,21.608582130896114,0.3780491368136826,0.030828915005351256,0.377974432005652,0.02039344211216133,0.6406265553976612,0.3593734446023388,True,0.00037792930379509926,0.5965236352993396
learned-seed-29,test-0203,203,1.0,False,True,False,True,14.976477194125534,False,False,False,False,True,True,True,True,False,True,0.0,0.9988296715249257,29,3.7729112835326393,0.005569604225456715,True,0.0006114135693410195,0.02732532814831704,0.03889141775159927,22.541756645761907,0.3049515178284687,0.016295763042354867,0.30978118257162834,0.015040230145719672,0.7054638588567617,0.29453614114323834,True,0.00027872409555129707,1.1297505153626402
learned-seed-47,test-0203,203,0.0,False,False,False,True,78.80880002979023,False,False,False,False,False,True,True,True,True,True,0.0,2.2560149395807203,47,7.37381899859373,0.011651328764855862,True,0.01188814123494606,0.07823684386014058,0.10993148236792485,19.336245431068555,0.6379430652040512,0.3168499069909863,0.6375733457032291,0.05149017977755085,0.39380309875409525,0.6061969012459048,True,0.0009542110492475331,2.4551352020120984
analytic-oracle,test-0204,204,0.0,False,False,False,False,8.0043814882721e-16,False,False,False,False,False,False,False,False,False,False,0.0,0.019511496372867036,,4.302772513683053e-17,0.0,False,0.0,0.0,0.0,120.0,0.0,0.0,0.0,0.0,1.0,0.0,False,0.0,0.0
persistence,test-0204,204,1.0,False,True,False,True,0.0,False,False,False,False,True,False,True,False,False,True,0.0,0.456128128343642,,0.0,0.010782475583255291,True,0.003770680478005481,0.030396024419731816,0.031262162307407464,19.67281516633854,0.48266227950300306,0.061242583923379716,0.48291529362827934,0.009544538924124457,0.5378000639131577,0.4621999360868423,True,0.00021734311303589493,0.6323021176006166
linear-extrapolation,test-0204,204,1.0,False,True,False,True,0.0,False,False,False,False,True,False,False,False,False,True,0.0,2.546110450451675e-14,,0.0,0.006448049563914537,True,0.0019932046535391396,0.03859572774408236,0.05547641125611254,21.905716329194895,0.2886378250371827,0.032373202657418144,0.33642248791905,0.007768305151285821,0.678008846549283,0.32199115345071705,True,0.0001768956717569381,0.6323021176006166
learned-seed-11,test-0204,204,1.0,False,True,False,True,53.55043595696705,False,False,False,False,True,True,True,True,False,True,0.0,1.5382548845579485,11,6.501774518061718,0.010017329826951027,True,0.001080396362495165,0.03436711686671335,0.04793638780796489,19.99248026568722,0.44841161118121403,0.017547566092267586,0.44861426814296657,0.01743059198945534,0.5706296967622432,0.4293703032377568,True,0.0003969200770370662,1.7245731276741845
learned-seed-29,test-0204,204,0.0,False,True,False,True,8.31415807843966,False,False,False,False,False,True,True,True,False,True,0.0,0.5291569440328519,29,1.65490934580865,0.010964389890432358,True,0.010366039533217603,0.0397178634521608,0.05636297020484106,19.600155294757833,0.4908054163455893,0.16836299171176503,0.490164118747364,0.029859948736787274,0.5308621877453249,0.4691378122546751,True,0.0006799547118134797,0.8038321018344355
learned-seed-47,test-0204,204,1.0,False,True,False,True,3.007327796551526,False,False,False,False,True,True,True,True,False,True,0.0,0.6925132763439686,47,1.893323479449557,0.00569155253469944,True,0.0004280192291676605,0.01761705332481761,0.022746028019179777,22.44769251129879,0.254774304759405,0.006951796556622118,0.25475905384426706,0.01059205870190398,0.7561692082276409,0.2438307917723591,True,0.0002411966706858948,0.7886395878830686
analytic-oracle,test-0205,205,0.0,False,False,False,False,7.300570068647496e-16,False,False,False,False,False,False,False,False,False,False,0.0,0.005699858709095774,,2.0546265099441975e-17,0.0,False,2.896988204881268e-16,0.0,0.0,120.0,0.0,5.773701794232098e-15,0.0,0.0,1.0,0.0,False,0.0,0.0
persistence,test-0205,205,1.0,False,True,False,True,0.0,False,False,False,False,True,False,True,False,False,True,0.0,0.47760884127987385,,0.0,0.009327729232609272,True,0.0035855729220791582,0.028348460869814775,0.028241956442802668,20.30224069198527,0.4555774408228982,0.07146052158126384,0.4571449267293054,0.011880728131522859,0.5592848532618696,0.4407151467381304,True,0.00024027167819440365,0.6944409808376504
linear-extrapolation,test-0205,205,1.0,False,True,False,True,0.0,False,False,False,False,True,False,False,False,False,True,0.0,3.0237081367881157e-14,,0.0,0.0072330208495259285,True,0.001315939010587713,0.047865325679511746,0.06539648475127713,21.40680283026621,0.35326938056111556,0.026226684022145286,0.3974481117279508,0.011202754988975811,0.6168361658649729,0.3831638341350271,True,0.00022656058717984706,0.6944409808376504
learned-seed-11,test-0205,205,0.0,False,True,False,True,41.19593119710476,False,False,False,False,False,True,True,True,True,True,0.0,0.9822533387458239,11,5.400485556811368,0.010974994860589504,True,0.003086219870652697,0.061420656374685766,0.08318702432140035,19.595956744587923,0.5360318623049454,0.06150840785115496,0.5354071028333868,0.044140797080245715,0.483835418281747,0.516164581718253,True,0.0008926879963837564,1.3284233516813047
learned-seed-29,test-0205,205,1.0,False,True,False,True,14.613260966693225,False,False,False,False,True,True,True,True,False,True,0.0,1.1581831333736958,29,3.7873135832432,0.0077572474256157875,True,0.0011997752637768503,0.028247464177085586,0.03789978577484633,21.102923560527987,0.3788732329018809,0.023911538823222778,0.3835906672664592,0.01610958631871513,0.6301955740354984,0.3698044259645016,True,0.00032579462276771665,1.2864313586617706
learned-seed-47,test-0205,205,0.0,False,False,False,True,87.64506319863827,False,False,False,False,False,True,True,True,True,True,0.0,2.1289009817579188,47,7.919567591375677,0.012574825435876846,True,0.013142551393803796,0.05969468775790616,0.08021105148460883,19.00498035119879,0.6141694991363856,0.2619312444397836,0.6134931876221177,0.040941962386514964,0.40855574589844296,0.591444254101557,True,0.0008279958856292069,2.291648165019585
analytic-oracle,test-0206,206,0.0,False,False,False,False,7.345090081562268e-16,False,False,False,False,False,False,False,False,False,False,0.0,0.015622851865885872,,0.0,0.0,False,7.68742708379122e-15,0.0,0.0,120.0,0.0,1.0809551460767985e-13,0.0,0.0,1.0,0.0,False,0.0,0.0
persistence,test-0206,206,1.0,False,True,False,True,0.0,False,False,False,False,True,False,True,False,False,True,0.0,0.6147188858262617,,0.0,0.009135689586400986,True,0.005811409107353909,0.02451265650037707,0.02317518169074496,20.3925866535955,0.3360435732194014,0.08171619076292741,0.3349965934013709,0.01120042933943797,0.6764110697144484,0.3235889302855516,True,0.00030671581043861806,0.9478207437034298
linear-extrapolation,test-0206,206,1.0,False,True,False,True,0.0,False,False,False,False,True,False,False,False,True,True,0.0,1.8473349153804342e-14,,0.0,0.010955573059618473,True,0.0033243400969712542,0.05992537737296187,0.07771418542904504,19.603649006116353,0.4029854432773862,0.04674467147411728,0.4522397505520836,0.011911789597743246,0.5631604022360349,0.4368395977639651,True,0.0003261959063820541,0.9478207437034298
learned-seed-11,test-0206,206,1.0,False,True,False,True,30.194389243642483,False,False,False,False,True,True,True,True,True,True,0.0,2.525588875381892,11,5.565010355727828,0.012677035294473171,True,0.0038943183462212226,0.0542025538791844,0.07025526509449047,18.969823005391138,0.466307025637621,0.054759328588428975,0.4769855570684248,0.011909627876912458,0.5392572664507642,0.4607427335492358,True,0.0003261367091909051,2.726380086919193
learned-seed-29,test-0206,206,0.0,False,False,False,True,437.9500612223965,False,False,False,False,False,True,True,True,True,True,0.0,3.409622425264139,29,13.669526293560075,0.013784706592559814,True,0.02073314986558407,0.12022894324472885,0.15575290358044935,18.606024734166287,0.5070511662349206,0.2915358389393895,0.5331064946046165,0.11202817010046845,0.485047419241362,0.5149525807586379,True,0.0030678119510412216,4.292936656632077
learned-seed-47,test-0206,206,0.0,True,True,True,True,2.027952637940266,False,False,False,False,False,True,True,True,False,True,0.0,0.657790013144542,47,1.4136954954621488,0.006049418821930885,True,0.0015011613927424926,0.01961604138179344,0.025014399139265144,22.182863467611508,0.22251941658004684,0.021108338523278033,0.2220444866078045,0.013039724300629534,0.7855168102824955,0.21448318971750446,True,0.0003570835979189724,0.9154422997764643
analytic-oracle,test-0207,207,0.0,False,False,False,False,0.0,False,False,False,False,False,False,False,False,False,False,0.0,0.021424281814470845,,0.0,0.0,False,5.421010862427522e-17,0.0,0.0,120.0,0.0,1.3255135305300095e-15,0.0,0.0,1.0,0.0,False,0.0,0.0
persistence,test-0207,207,1.0,False,True,False,True,0.0,False,False,False,False,True,False,True,False,False,True,0.0,0.5005419779363371,,0.0,0.010767681524157524,True,0.005240211280429661,0.03281936821780715,0.03379397111918896,19.678777980631164,0.5520511540125748,0.12813054855114428,0.5518792915178814,0.012177910269983121,0.4751004314786988,0.5248995685213012,True,0.00024095438129734248,0.6955685815479024
linear-extrapolation,test-0207,207,1.0,False,True,False,True,0.0,False,False,False,False,True,False,False,False,False,True,0.0,1.7328142397806506e-14,,0.0,0.006177250295877457,True,0.0008924321450346968,0.042457158392451906,0.06074742286880111,22.092048011366234,0.3167031033387184,0.021821223261554126,0.3598092930557157,0.010432423372062297,0.6577807039009359,0.3422192960990641,True,0.00020641785522457212,0.6955685815479024
learned-seed-11,test-0207,207,1.0,False,True,False,True,38.60240533310847,False,False,False,False,True,True,True,True,False,True,0.0,2.399768584527698,11,6.181431679308875,0.01060449704527855,True,0.0012594255202670098,0.04575702349157185,0.06382884801766929,19.745099245675043,0.5436848051676569,0.030794728329711727,0.5432799858335534,0.022310207788054686,0.483279342904913,0.5167206570950871,True,0.00044143389095552266,2.5754955462962608
learned-seed-29,test-0207,207,1.0,False,True,False,True,81.18744097792478,False,False,False,False,True,True,True,True,False,True,0.0,2.1002235703207424,29,8.82753834444771,0.005916439928114414,True,0.0009332315999144118,0.021292391637409175,0.028001556880590042,22.27939540684426,0.3033315465946776,0.02281882741424335,0.30304677523865453,0.018528352850005935,0.711768272502054,0.288231727497946,True,0.00036660541081801057,2.0734584560852456
learned-seed-47,test-0207,207,0.0,False,True,False,True,40.8010824075964,False,False,False,False,False,True,True,True,True,True,0.0,1.538748457132299,47,6.287514054242585,0.012026287615299225,True,0.008451868041208531,0.0555303072641039,0.07712698822822296,19.19868413974329,0.6165789674980684,0.2066600811395415,0.6159270449320007,0.03262619853827118,0.4141837805941085,0.5858162194058916,True,0.0006455479888245463,1.772028275698375
analytic-oracle,test-0208,208,0.0,False,False,False,False,1.3707310837243457e-15,False,False,False,False,False,False,False,False,False,False,0.0,0.0107461856386483,,0.0,0.0,False,9.107298248878237e-17,0.0,0.0,120.0,0.0,2.0208156902311705e-15,0.0,0.0,1.0,0.0,False,0.0,0.0
persistence,test-0208,208,1.0,False,True,False,True,0.0,False,False,False,False,True,False,True,False,False,True,0.0,0.47194928359776267,,0.0,0.010965501889586449,True,0.005803813111057576,0.033110892858678,0.034358950847310867,19.599714859299453,0.5489362892483881,0.12878063589757968,0.5460899477346989,0.011601518082997647,0.4778756265997582,0.5221243734002419,True,0.00022961199283599854,0.6477656178605098
linear-extrapolation,test-0208,208,1.0,False,True,False,True,0.0,False,False,False,False,True,False,False,False,False,True,0.0,3.228790314033984e-14,,0.0,0.005915292538702488,True,0.0006654660334069816,0.039457503722688476,0.05735888265057832,22.28023772624787,0.2961213055918303,0.014766005953416187,0.33876101870863745,0.009284546072441162,0.6761057672652776,0.3238942327347224,True,0.0001837555319070816,0.6477656178605098
learned-seed-11,test-0208,208,1.0,False,True,False,True,6.910200170433032,False,False,False,False,True,True,True,True,False,True,0.0,0.9251133580260306,11,2.590655676945217,0.01473341416567564,True,0.003444545604023062,0.047863245926576335,0.05948590492272667,18.31696602682069,0.7375590995744784,0.07643091959993713,0.7338291406944435,0.02424807904442386,0.29837551147514246,0.7016244885248575,True,0.0004799070011358708,1.1096292741055604
learned-seed-29,test-0208,208,1.0,False,True,False,True,12.577882575974616,False,False,False,False,True,True,True,True,False,True,0.0,1.0261334923934546,29,3.561535002116878,0.005725543480366468,True,0.0006128246394990085,0.022595873100194265,0.031227484487347253,22.421832829057035,0.2866224112393276,0.013597947635155068,0.2853742697859894,0.01137070113413893,0.727149597946914,0.27285040205308597,True,0.00022504376829601824,1.084224113182252
learned-seed-47,test-0208,208,0.0,False,False,False,True,106.18551334807651,False,False,False,False,False,True,True,True,True,True,0.0,1.915289443104653,47,8.274494015168038,0.013506399467587471,True,0.01576213018218813,0.08253905292148284,0.11576940968130332,18.694604096577898,0.676134378480645,0.3497454361676953,0.672340977082994,0.04793184084597948,0.3571652200759618,0.6428347799240381,True,0.0009486452909186482,2.2492027401882546
analytic-oracle,test-0209,209,0.0,False,False,False,False,4.0147873985408947e-16,False,False,False,False,False,False,False,False,False,False,0.0,0.03425581940667095,,0.0,0.0,False,1.713039432527097e-17,0.0,0.0,120.0,0.0,2.4325528266506786e-16,0.0,0.0,1.0,0.0,False,0.0,0.0
persistence,test-0209,209,1.0,False,True,False,True,0.0,False,False,False,False,True,False,True,False,False,True,0.0,0.5258644821238367,,0.0,0.011816207319498062,True,0.0023266973440175228,0.03231437193713721,0.032367887319050964,19.27521897780389,0.4963728071764374,0.03303960255369617,0.49729474303001164,0.012256382223206175,0.5350350064654956,0.4649649935345044,True,0.0003003836318384856,0.7491303027053092
linear-extrapolation,test-0209,209,1.0,False,True,False,True,0.0,False,False,False,False,True,False,False,False,False,True,0.0,2.388424256551751e-14,,0.0,0.008143942803144455,True,0.0021106337179495663,0.04842956198772137,0.06772103504956394,20.891652851504862,0.3421090745429537,0.029971452607184715,0.3893103249358315,0.010736187991898656,0.635999223290039,0.364000776709961,True,0.0002631261886563152,0.7491303027053092
learned-seed-11,test-0209,209,0.0,False,False,False,True,110.45175150407543,False,False,False,False,False,True,True,True,True,True,0.0,2.3077287027599116,11,8.888913707218867,0.016525251790881157,True,0.0241811006532068,0.11125979826965557,0.1524902858199829,17.818519145620076,0.6941893789559516,0.3433768285106439,0.6993960514459886,0.08476991282064494,0.34607255536780007,0.6539274446321999,True,0.0020775701850652695,2.4185933702959614
learned-seed-29,test-0209,209,0.0,False,False,False,True,64.40037165879937,False,False,False,False,False,True,True,True,True,True,0.0,2.5680242202071346,29,7.744670054432362,0.012409784831106663,True,0.017796939443312648,0.060007365800060206,0.08348636270659264,19.06235748515224,0.52130768922,0.25272036665668723,0.5211504085385628,0.03426713707524584,0.5127302274297049,0.48726977257029513,True,0.0008398307836614549,2.810358018941325
learned-seed-47,test-0209,209,0.0,False,True,False,True,43.82397681694385,False,False,False,False,False,True,True,True,False,True,0.0,1.6636348056118413,47,5.185600254379296,0.01269523985683918,True,0.007938602062151672,0.03747494900055605,0.049696984689327456,18.96359089393044,0.5332990252396096,0.11272985617998313,0.5329169043480155,0.022422089469704587,0.5017286861412705,0.49827131385872947,True,0.000549528282135725,1.651162008068859
analytic-oracle,test-0210,210,0.0,False,False,False,False,7.999488509377353e-16,False,False,False,False,False,False,False,False,False,False,0.0,0.02270523752491476,,0.0,0.0,False,0.0,0.0,0.0,120.0,0.0,0.0,0.0,0.0,1.0,0.0,False,0.0,0.0
persistence,test-0210,210,1.0,False,True,False,True,0.0,False,False,False,False,True,False,True,False,False,True,0.0,0.5890389452179562,,0.0,0.009587867185473442,True,0.004186132448850456,0.028913442694299813,0.027487864077331062,20.182779905974474,0.4281405922549131,0.07690800175172423,0.4288897220790501,0.014463440324323161,0.5874215582988644,0.41257844170113556,True,0.00032788843964226544,0.8880123742492695
linear-extrapolation,test-0210,210,1.0,False,True,False,True,0.0,False,False,False,False,True,False,False,False,True,True,0.0,2.288829078305908e-14,,0.0,0.009129970334470272,True,0.0021879879362315746,0.061353213753355194,0.08135568781537303,20.39530633593499,0.4076934766255703,0.04019791110017522,0.44847815568619115,0.015385422042343952,0.56857810041924,0.43142189958076005,True,0.0003487899084575474,0.8880123742492695
learned-seed-11,test-0210,210,1.0,False,True,False,True,22.205699620105065,False,False,False,False,True,True,True,True,False,True,0.0,1.5394459794683255,11,4.67720051950504,0.009789824485778809,True,0.002191304752803364,0.040775110296793766,0.05368109225890588,20.092250942582556,0.4371588771863051,0.04025884795246793,0.43686863080601823,0.018518089635917404,0.5797460987119794,0.42025390128802065,True,0.00041980796959251165,1.8088355674291887
learned-seed-29,test-0210,210,0.0,False,True,False,True,17.657694756078225,False,False,False,False,False,True,True,True,False,True,0.0,1.319476390354309,29,4.224961663995063,0.006280513945966959,True,0.0012490962484334267,0.021906045041467245,0.028503515054477173,22.020048156951916,0.2804526709094956,0.022948508590302837,0.2806963111724587,0.014229706201169062,0.7299789650043307,0.2700210349956693,True,0.0003225896507501602,1.415765993861293
learned-seed-47,test-0210,210,1.0,False,True,False,True,35.240060630895144,False,False,False,False,True,True,True,True,False,True,0.0,1.4099454200726032,47,5.626319989121669,0.010960109531879425,True,0.005810820585651246,0.043627289801469536,0.05725005434512392,19.60185105627824,0.4894172703254717,0.10675691828693643,0.4892253193386457,0.023956845757359718,0.5293806088076963,0.47061939119230367,True,0.0005431054159998894,1.6674873805536226
analytic-oracle,test-0211,211,0.0,False,False,False,False,4.0749470650694825e-16,False,False,False,False,False,False,False,False,False,False,0.0,0.01012270362396349,,0.0,0.0,False,1.6523241108679088e-16,0.0,0.0,120.0,0.0,4.686304029279881e-15,0.0,0.0,1.0,0.0,False,0.0,0.0
persistence,test-0211,211,1.0,False,True,False,True,0.0,False,False,False,False,True,False,True,False,False,True,0.0,0.6392779996084917,,0.0,0.008880097419023514,True,0.003539863986316461,0.03086523065836974,0.02927976545236335,20.51582269771819,0.5030371314217751,0.10039724502636475,0.5004429893556133,0.019783793707142134,0.5224042606255891,0.4775957393744109,True,0.0003553649294190109,0.9743508861116889
linear-extrapolation,test-0211,211,1.0,False,True,False,True,0.0,False,False,False,False,True,False,False,False,True,True,0.0,2.4011127016330518e-14,,0.0,0.007929756306111813,True,0.0013647066137199644,0.06999328144858938,0.0917953280426585,21.007401590300802,0.44920248921535566,0.038705663499042406,0.4798143717093348,0.023069169152623362,0.5420910983006104,0.4579089016993896,True,0.0004143782425671816,0.9743508861116889
learned-seed-11,test-0211,211,0.0,False,True,False,True,15.35279598389536,False,False,False,False,False,True,True,True,True,True,0.0,0.8144474581631073,11,3.008261072939638,0.008612524718046188,True,0.002102970300742078,0.05161255008502396,0.06734854209827365,20.648695186523113,0.4878797522180218,0.05964421949061161,0.4866334028754955,0.04528204620955205,0.535583383534113,0.46441661646588706,True,0.000813375401776284,1.1575885125895184
learned-seed-29,test-0211,211,1.0,False,True,False,True,6.668667441946442,False,False,False,False,True,True,True,True,False,True,0.0,0.9730142693065559,29,2.575934548915327,0.007195248268544674,True,0.0015999022762331339,0.036289117167749976,0.04744727661621324,21.429542163488087,0.4075942952069795,0.045376257807114746,0.40778185296640146,0.01895675705635628,0.6108350407271594,0.38916495927284056,True,0.00034050934482365847,1.1568475013256307
learned-seed-47,test-0211,211,0.0,False,True,False,True,44.56418858393833,False,False,False,False,False,True,True,True,False,True,0.0,1.8925696604601312,47,5.568129940657662,0.009224483743309975,True,0.004979642297575198,0.03706487917050323,0.048106984747276406,20.350579301776385,0.5225458260334835,0.14123208400827317,0.5209275396629142,0.044634340121598955,0.5028549130318402,0.49714508696815984,True,0.0008017410291358829,1.9605298660413992
analytic-oracle,test-0212,212,0.0,False,False,False,False,7.879178901639228e-16,False,False,False,False,False,False,False,False,False,False,0.0,0.017280782549384904,,0.0,0.0,False,0.0,0.0,0.0,120.0,0.0,0.0,0.0,0.0,1.0,0.0,False,0.0,0.0
persistence,test-0212,212,1.0,False,True,False,True,0.0,False,False,False,False,True,False,True,False,False,True,0.0,0.5935190165864126,,0.0,0.00842258334159851,True,0.0008147119665554952,0.02498822730641255,0.023664576950416932,20.74554682974652,0.37238829993949507,0.011217724887250802,0.3723693225407493,0.01256656390363114,0.6413623786872066,0.3586376213127934,True,0.0002869951422326267,0.9149453953350103
linear-extrapolation,test-0212,212,1.0,False,True,False,True,0.0,False,False,False,False,True,False,False,False,True,True,0.0,1.956344821955983e-14,,0.0,0.009511352516710758,True,0.0018226905541379697,0.06104046805198986,0.07914184419506715,20.217577218871238,0.42052613196831146,0.02509652739894759,0.46398456018147094,0.013962344984803919,0.5531255962388374,0.4468744037611626,True,0.00031887198565527797,0.9149453953350103
learned-seed-11,test-0212,212,0.0,False,True,False,True,1.8708902185999408,False,False,False,False,False,True,True,True,False,True,0.0,0.4516393655310247,11,1.4477768658177577,0.007557618897408247,True,0.001795881215852118,0.029648241359350656,0.03822461063335301,21.216150117211498,0.3341455630241734,0.02472739107390818,0.3332989437294502,0.013271662224689293,0.6789919761660395,0.32100802383396054,True,0.0003030981752090156,0.7853950090498696
learned-seed-29,test-0212,212,0.0,False,True,False,True,19.483698178603213,False,False,False,False,False,True,True,True,False,True,0.0,0.5445136844596024,29,2.085991307243391,0.005823465529829264,True,0.0007863386558885777,0.018967753104530194,0.023863017949256514,22.348184908545807,0.2574733119824252,0.010827054311307692,0.2569362599759863,0.021344454089027895,0.7525386665097543,0.24746133349024568,True,0.0004874645674135536,0.8233871495021251
learned-seed-47,test-0212,212,0.0,False,True,False,True,2.6447851796307136,False,False,False,False,False,True,True,True,False,True,0.0,0.4934312096588572,47,1.6493906696167144,0.005948592443019152,True,0.0019627393295462456,0.018338846253606197,0.023303112129948175,22.255857849515035,0.26300555744556303,0.027024851392970332,0.2624142207323462,0.017498011080774773,0.7472627141248992,0.2527372858751008,True,0.0003996195155195892,0.5654652184354875
analytic-oracle,test-0213,213,0.0,False,False,False,False,3.666155689246125e-16,False,False,False,False,False,False,False,False,False,False,0.0,0.003046096368342262,,0.0,0.0,False,0.0,0.0,0.0,120.0,0.0,0.0,0.0,0.0,1.0,0.0,False,0.0,0.0
persistence,test-0213,213,1.0,False,True,False,True,0.0,False,False,False,False,True,False,True,False,False,True,0.0,0.5503001901616188,,0.0,0.009596021845936775,True,0.0038669527416760746,0.026876770377965736,0.025889729455335343,20.179087720048535,0.3618589279607257,0.04186875493769683,0.36364575758559187,0.010464685689764636,0.6434011713124753,0.3565988286875247,True,0.0002769912825897336,0.8165208271983528
linear-extrapolation,test-0213,213,1.0,False,True,False,True,0.0,False,False,False,False,True,False,False,False,True,True,0.0,2.936888112579217e-14,,0.0,0.009220784530043602,True,0.0037553247679915896,0.05105832961567981,0.0688154491523547,20.352321263895558,0.3477090046862744,0.04066012256316163,0.3978908395127159,0.009919797543917131,0.6098197095497969,0.3901802904502031,True,0.0002625685592647642,0.8165208271983528
learned-seed-11,test-0213,213,1.0,False,True,False,True,24.64919553499896,False,False,False,False,True,True,True,True,True,True,0.0,1.0098276170182663,11,4.272877145898037,0.01302353572100401,True,0.008563032374427362,0.06821240371852359,0.09159138369550258,18.852710944419766,0.4911079559761747,0.09271473637225436,0.49090744945146725,0.028385050410562208,0.5186056269962945,0.48139437300370547,True,0.0007513280143029988,1.571233536012912
learned-seed-29,test-0213,213,1.0,False,True,False,True,22.811531925050218,False,False,False,False,True,True,True,True,False,True,0.0,1.6997683502867438,29,4.715135549226217,0.008374040015041828,True,0.0014957727624302316,0.03267121882397057,0.04376956043648033,20.770649681796417,0.31577889162750666,0.01619521815141935,0.32249441453282746,0.010581864552893724,0.6837550608476236,0.3162449391523764,True,0.00028009290690533817,1.84214156055325
learned-seed-47,test-0213,213,1.0,False,True,False,True,7.108555591786662,False,False,False,False,True,True,True,True,True,True,0.0,0.5763560751786737,47,1.5686586704038976,0.016783012077212334,True,0.002488159844756541,0.05053321589699078,0.06413363388276465,17.751300929042625,0.6328750450670849,0.02694011583414794,0.6330662273989212,0.019509702903779555,0.37920168058347237,0.6207983194165276,True,0.0005164051544852555,1.0726959083546155
analytic-oracle,test-0214,214,0.0,False,False,False,False,3.173892276768303e-16,False,False,False,False,False,False,False,False,False,False,0.0,0.035792624665262104,,0.0,0.0,False,0.0,0.0,0.0,120.0,0.0,0.0,0.0,0.0,1.0,0.0,False,0.0,0.0
persistence,test-0214,214,1.0,False,True,False,True,0.0,False,False,False,False,True,False,True,False,False,True,0.0,0.5914377263411574,,0.0,0.011624865233898163,True,0.005348706352116513,0.0317695107808591,0.030286051896946598,19.346120731488586,0.43933982578466135,0.05714769510513886,0.43837926264389354,0.014736304964570955,0.5803255178965954,0.41967448210340463,True,0.00040217445348389447,0.8833187458994728
linear-extrapolation,test-0214,214,1.0,False,True,False,True,0.0,False,False,False,False,True,False,False,False,True,True,0.0,1.9129671236706912e-14,,0.0,0.010581125505268574,True,0.004252702259630847,0.06371083063262377,0.08528688839615838,19.75468134311238,0.39989365403864396,0.045437553701214044,0.4423687921809267,0.015093331619569559,0.5765062137347315,0.42349378626526846,True,0.0004119182121939957,0.8833187458994728
learned-seed-11,test-0214,214,1.0,False,True,False,True,29.154525954184983,False,False,False,False,True,True,True,True,True,True,0.0,2.4464601467158644,11,5.399050433866444,0.012322759255766869,True,0.0077505408915331175,0.05633322727305549,0.0745470240944617,19.09292036052968,0.46571541223790214,0.08280984571044503,0.5493013383162196,0.020878090567535635,0.4741362689324336,0.5258637310675665,True,0.000569792406167835,2.6022145994812798
learned-seed-29,test-0214,214,0.0,False,False,False,True,6493.453504184389,False,False,False,False,False,True,True,True,True,True,0.0,11.920016859401715,29,54.43439985612276,0.01476835086941719,True,0.04050362054314048,0.49867171480438643,0.6667456180123721,18.306679981409154,0.5581419283190067,0.43275670883253775,0.7046879518214236,0.12471352810726155,0.3253796964720898,0.6746203035279101,True,0.003403607290238142,15.430551842896925
learned-seed-47,test-0214,214,0.0,False,True,False,True,15.277392159174068,False,False,False,False,False,True,True,True,False,True,0.0,1.334067316589164,47,4.056415732864379,0.00817843433469534,True,0.0020389090967668014,0.026247778529471966,0.03423872880548339,20.87329828955001,0.30908847917813376,0.02178451156942202,0.3094690451912701,0.01459794784466052,0.7037353900264595,0.29626460997354054,True,0.0003983984934166074,1.4830902625759517
analytic-oracle,test-0215,215,0.0,False,False,False,False,5.119407791589786e-16,False,False,False,False,False,False,False,False,False,False,0.0,0.03895760281294861,,0.0,0.0,False,0.0,0.0,0.0,120.0,0.0,0.0,0.0,0.0,1.0,0.0,False,0.0,0.0
persistence,test-0215,215,1.0,False,True,False,True,0.0,False,False,False,False,True,False,True,False,False,True,0.0,0.5703492593142417,,0.0,0.010590755380690098,True,0.004131149560008231,0.029536496870689332,0.028826367408265354,19.750730629363403,0.4433105994304504,0.05432395873968941,0.44192235854818507,0.012924186241899364,0.5714679896932003,0.42853201030679966,True,0.00030787469586357474,0.8409307814935119
linear-extrapolation,test-0215,215,1.0,False,True,False,True,0.0,False,False,False,False,True,False,False,False,True,True,0.0,2.422351609106633e-14,,0.0,0.008898584172129631,True,0.0032548604408396365,0.05485591277208142,0.07406581981965389,20.50679087191628,0.3724792558821294,0.04280089639051155,0.41541226589064434,0.0125471653346751,0.597174820497772,0.40282517950222796,True,0.0002988934575114399,0.8409307814935119
learned-seed-11,test-0215,215,1.0,False,True,False,True,28.46854371353919,False,False,False,False,True,True,True,True,True,True,0.0,2.2837367968521556,11,5.3057659997676385,0.010772483423352242,True,0.005531628319438435,0.05381385151735073,0.0719886640675802,19.67684165529424,0.4509174192114799,0.07274003136983312,0.52327073332723,0.01793391448160624,0.49258448922090164,0.5074155107790983,True,0.0004272143996786326,2.4800830592482908
learned-seed-29,test-0215,215,0.0,False,False,False,True,3553.8021858988536,False,False,False,False,False,True,True,True,True,True,0.0,8.744737317790324,29,39.835428001439986,0.013558208011090755,True,0.0331932283834566,0.3649495637977244,0.49180760845277177,18.67797707395458,0.5675230051633703,0.4364856665069252,0.6850178367474945,0.12883146963981884,0.33573835991959333,0.6642616400804067,True,0.003068970749154687,11.378563224516457
learned-seed-47,test-0215,215,0.0,False,True,False,True,8.797297122153795,False,False,False,False,False,True,True,True,False,True,0.0,0.9520869706493686,47,3.2202100334302948,0.00696068350225687,True,0.0011872849263941257,0.023228157599545753,0.030636590255657962,21.57348112877379,0.2913621044875906,0.015612607681422492,0.2902738605392008,0.012064789983595432,0.7185215036301082,0.28147849636989175,True,0.0002874025085475296,1.1360054038386984
analytic-oracle,test-0216,216,0.0,False,False,False,False,2.3024531465056667e-16,False,False,False,False,False,False,False,False,False,False,0.0,0.0009775991077853488,,0.0,0.0,False,0.0,0.0,0.0,120.0,0.0,0.0,0.0,0.0,1.0,0.0,False,0.0,0.0
persistence,test-0216,216,1.0,False,True,False,True,0.0,False,False,False,False,True,False,True,False,False,True,0.0,0.4910149511944936,,0.0,0.012331469915807247,True,0.007207583998135475,0.03618285715208808,0.03716415949605492,19.089851522546258,0.5759343089048404,0.1285857955016673,0.5763301608683234,0.01391588368868927,0.45358891151645747,0.5464110884835425,True,0.0003026057383976877,0.6835174773940693
linear-extrapolation,test-0216,216,1.0,False,True,False,True,0.0,False,False,False,False,True,False,False,False,False,True,0.0,2.234073722783673e-14,,0.0,0.006994427181780338,True,0.0011884838153091264,0.04667397240309634,0.06683380659491034,21.552478468588454,0.326670754794619,0.021202963000072437,0.3690249019335357,0.011861298599205358,0.6501323164499365,0.3498676835500635,True,0.00025792806991375983,0.6835174773940693
learned-seed-11,test-0216,216,1.0,False,True,False,True,350.82241811492725,False,False,False,False,True,True,True,True,True,True,0.0,5.326249994303592,11,18.439789789175716,0.018660342320799828,True,0.009816106191011795,0.1466195643942061,0.19493656312060165,17.290803934581817,0.8715207053038545,0.175122735111601,0.8721153855707804,0.06993965773105273,0.17315880814738405,0.826841191852616,True,0.001520862220786512,5.613255618217675
learned-seed-29,test-0216,216,1.0,False,True,False,True,13.238268869259219,False,False,False,False,True,True,True,True,False,True,0.0,1.3519861759835168,29,3.689983175020969,0.009058401919901371,True,0.001203090147516771,0.027874706127051632,0.03486031771773834,20.42948413646122,0.42306752440219175,0.021463545026833064,0.42325380338337254,0.017102214227314446,0.5987186041711476,0.40128139582885236,True,0.00037189360591582954,1.4008967566391464
learned-seed-47,test-0216,216,0.0,False,False,False,True,746.3344715943754,False,False,False,False,False,True,True,True,True,True,0.0,2.547785572800836,47,13.829579182628212,0.014917083084583282,True,0.021524954912885624,0.16526025765414804,0.23333145235768127,18.263160913484626,0.6966939055807732,0.38401265269012763,0.7246476177735697,0.14328786079338246,0.3129710702662188,0.6870289297337813,True,0.0031158444471657276,4.153636038500134
analytic-oracle,test-0217,217,0.0,False,False,False,False,8.073691873568107e-16,False,False,False,False,False,False,False,False,False,False,0.0,0.001785319639523542,,0.0,0.0,False,0.0,0.0,0.0,120.0,0.0,0.0,0.0,0.0,1.0,0.0,False,0.0,0.0
persistence,test-0217,217,1.0,False,True,False,True,0.0,False,False,False,False,True,False,True,False,False,True,0.0,0.5244257733380532,,0.0,0.010161296464502811,True,0.004117898914687649,0.02809982783898078,0.027702469332719044,19.93050877538434,0.40694087505232873,0.04736155645004149,0.4073026007536675,0.010050138228376936,0.6096275171270209,0.3903724828729791,True,0.00025558442575857043,0.7606803300346471
linear-extrapolation,test-0217,217,1.0,False,True,False,True,0.0,False,False,False,False,True,False,False,False,False,True,0.0,3.1047858819129705e-14,,0.0,0.008230853825807571,True,0.0033937770482157263,0.04623930065556065,0.06367315256842332,20.845551110085047,0.3296302661774399,0.039033149326375915,0.3802213572339835,0.008917939627213687,0.6355830898449583,0.36441691015504174,True,0.0002267915551783517,0.7606803300346471
learned-seed-11,test-0217,217,0.0,False,True,False,True,11.58178299748321,False,False,False,False,False,True,True,True,False,True,0.0,0.8608116060760557,11,2.9014603901884737,0.011916940100491047,True,0.0012585936953425265,0.035008255867493336,0.046262352325285284,19.238352435946986,0.47725111154674854,0.014475575429260593,0.476992511811735,0.021340617041660043,0.5428343673641786,0.45716563263582144,True,0.0005427118740044534,0.9159626791394523
learned-seed-29,test-0217,217,0.0,False,True,False,True,13.519829942790368,False,False,False,False,False,True,True,True,False,True,0.0,0.630728863839631,29,2.514015584702375,0.009326730854809284,True,0.0024727845307720856,0.029134998686225065,0.03957317524985329,20.302705556653315,0.3735180868595347,0.028440456302904392,0.37356945678959114,0.02903903491360589,0.6419584944888186,0.3580415055111814,True,0.0007384898490272462,0.8939144617223856
learned-seed-47,test-0217,217,1.0,True,True,True,True,33.52748544466081,False,False,False,False,True,True,True,True,False,True,0.0,2.031467370157853,47,5.689298834148732,0.005775453522801399,True,0.0006874659981095828,0.01892003117024732,0.02483023194181576,22.384139067229984,0.23129608693174308,0.007906813729889925,0.23109946390330258,0.008453529177009228,0.7785065173961222,0.2214934826038778,True,0.00021498116257134825,2.033818404137348
analytic-oracle,test-0218,218,0.0,False,False,False,False,1.96046297621617e-16,False,False,False,False,False,False,False,False,False,False,0.0,0.014153338153489289,,0.0,0.0,False,8.85055917443367e-15,0.0,0.0,120.0,0.0,9.322213715045834e-14,0.0,0.0,1.0,0.0,False,0.0,0.0
persistence,test-0218,218,1.0,False,True,False,True,0.0,False,False,False,False,True,False,True,False,False,True,0.0,0.5321214852279273,,0.0,0.009989140555262566,True,0.003544164202489214,0.025824553490472784,0.02507496981250086,20.004718759545405,0.36627316398787657,0.037330360133921776,0.36615475835556394,0.01066493004868245,0.6453696098207479,0.35463039017925213,True,0.0002925734152086079,0.8026043759663716
linear-extrapolation,test-0218,218,1.0,False,True,False,True,0.0,False,False,False,False,True,False,False,False,True,True,0.0,3.078986629669876e-14,,0.0,0.010216946713626385,True,0.004760518936213564,0.05492817743034363,0.07244474381676899,19.906788716711908,0.3746261631211084,0.05014211423623998,0.42618569646997817,0.010552360368954584,0.5872280876350161,0.4127719123649839,True,0.0002894852659665048,0.8026043759663716
learned-seed-11,test-0218,218,0.0,False,True,False,True,80.90074442886208,False,False,False,False,False,True,True,True,True,True,0.0,1.9454213506433125,11,7.452603557466505,0.01870007812976837,True,0.022722402407754774,0.08632780809345603,0.11189915250474171,17.281565789578114,0.6856782868874869,0.23933300392617982,0.6856530136204135,0.06336850561172182,0.335927254257701,0.664072745742299,True,0.0017384024104103446,1.988219789565204
learned-seed-29,test-0218,218,0.0,False,True,False,True,57.22909848339256,False,False,False,False,False,True,True,True,True,True,0.0,1.9796046157728564,29,6.634788695844441,0.01447578426450491,True,0.02161720752234974,0.06992066040960836,0.09186190919635158,18.39357897892743,0.5307855339939967,0.22769208642541572,0.5306968427181347,0.03628610445339182,0.4860063290034547,0.5139936709965454,True,0.0009954448323696852,2.343712307233009
learned-seed-47,test-0218,218,0.0,False,True,False,True,34.31126994232507,False,False,False,False,False,True,True,True,False,True,0.0,1.2112842513278674,47,5.683090143127955,0.016489695757627487,True,0.00495889839892176,0.04598576054916755,0.055933527743927326,17.827873572119078,0.6046298983311212,0.05223162712643553,0.6046514193054862,0.022839913583557962,0.4143794014482871,0.5856205985517129,True,0.0006265724659897387,1.4728206421795424
analytic-oracle,test-0219,219,0.0,False,False,False,False,3.4987911544604887e-16,False,False,False,False,False,False,False,False,False,False,0.0,0.006032765560302697,,0.0,0.0,False,1.4311468676808659e-16,0.0,0.0,120.0,0.0,2.4155119306270187e-15,0.0,0.0,1.0,0.0,False,0.0,0.0
persistence,test-0219,219,1.0,False,True,False,True,0.0,False,False,False,False,True,False,True,False,False,True,0.0,0.4878392469862872,,0.0,0.010173504240810871,True,0.0032973791462937185,0.03040587696486937,0.030589579623959463,19.92529429543869,0.49868213759582786,0.05565367781281627,0.4988493421868053,0.011742545400782378,0.5253765559511469,0.47462344404885315,True,0.0002466842415742576,0.698168793427058
linear-extrapolation,test-0219,219,1.0,False,True,False,True,0.0,False,False,False,False,True,False,False,False,False,True,0.0,2.5606188517840783e-14,,0.0,0.007006594445556402,True,0.002129604394853727,0.04651180981693824,0.06463358615996577,21.54493019534287,0.34344739164316,0.03594379402598113,0.3877181508489425,0.01063949433055458,0.6311108214165643,0.36888917858343573,True,0.00022351164079736918,0.698168793427058
learned-seed-11,test-0219,219,1.0,False,True,False,True,29.22160789169125,False,False,False,False,True,True,True,True,False,True,0.0,1.008059441521268,11,4.563596859043823,0.010115751065313816,True,0.001991416393129256,0.03679699091206816,0.04888807321157965,19.950018665845313,0.49585120772858643,0.03361143545137954,0.4953705253406012,0.03067591794609893,0.5286864290794194,0.47131357092058057,True,0.0006444314494729042,1.027508777160157
learned-seed-29,test-0219,219,0.0,False,True,False,True,77.46855332928328,False,False,False,False,False,True,True,True,True,True,0.0,2.4627752414991204,29,8.108058737270175,0.010104560293257236,True,0.0100460508473436,0.06122711792162041,0.08472292892282655,19.954825803542093,0.4953026614265034,0.16955880787250788,0.4949115965794366,0.0337353974707495,0.5291230706278319,0.4708769293721681,True,0.0007087041740305722,2.6953946643792572
learned-seed-47,test-0219,219,0.0,False,True,False,True,59.590472631371924,False,False,False,False,False,True,True,True,False,True,0.0,1.4214161625367303,47,6.804839531306511,0.013497344218194485,True,0.0019484424892792377,0.0485945840442848,0.05838610469117082,18.697516763085773,0.6616092456712274,0.03288611522185237,0.6612392569642797,0.0260572273293115,0.37087287295015264,0.6291271270498473,True,0.0005474032368510962,1.617805567985342
analytic-oracle,test-0220,220,0.0,False,False,False,False,5.957824401522039e-16,False,False,False,False,False,False,False,False,False,False,0.0,0.0009170634405734852,,0.0,0.0,False,5.065392549852277e-16,0.0,0.0,120.0,0.0,9.170699682416458e-15,0.0,0.0,1.0,0.0,False,0.0,0.0
persistence,test-0220,220,1.0,False,True,False,True,0.0,False,False,False,False,True,False,True,False,False,True,0.0,0.5286970595592078,,0.0,0.010458446107804775,True,0.006277622121306217,0.03062462762418956,0.029874635943090585,19.805328371644404,0.47583722686651453,0.11365395006922491,0.4729854725383766,0.014164432429207223,0.5451124141423448,0.4548875858576552,True,0.00031439034501090646,0.7814817571020395
linear-extrapolation,test-0220,220,1.0,False,True,False,True,0.0,False,False,False,False,True,False,False,False,True,True,0.0,2.7575676870244296e-14,,0.0,0.00847291387617588,True,0.00149195539767478,0.05697137540902261,0.07683530752614975,20.719672080026143,0.3854997005061395,0.027011282456351076,0.4269950431011336,0.01417916151823836,0.5893431075439627,0.4106568924560373,True,0.00031471726833842695,0.7814817571020395
learned-seed-11,test-0220,220,1.0,False,True,False,True,40.23939416621145,False,False,False,False,True,True,True,True,True,True,0.0,2.6199149705910165,11,6.3707737044915485,0.012401621788740158,True,0.002668719986972256,0.054879181839564785,0.07312714777558763,19.065215174309124,0.5642476195577119,0.04831615574926896,0.5643418737931208,0.02092413889494504,0.45725159127945636,0.5427484087205436,True,0.0004644271684810519,2.7709493745469485
learned-seed-29,test-0220,220,0.0,False,False,False,True,3181.3017415019763,False,False,False,False,False,True,True,True,True,True,0.0,7.462878743001987,29,38.29278862910045,0.011633970774710178,True,0.015404129596596188,0.2924040980121078,0.3940867603470123,19.34272031512212,0.5293211184358386,0.2788858810232317,0.6280631585848185,0.1347791710283547,0.39596847987418676,0.6040315201258133,True,0.0029915261548012495,9.441277517056651
learned-seed-47,test-0220,220,0.0,False,True,False,True,4.943295861952264,False,False,False,False,False,True,True,True,False,True,0.0,0.9852890346911184,47,2.255534955798216,0.008112924173474312,True,0.001446346668483154,0.026749299922756587,0.03489697903993502,20.908225830872993,0.3691209287394444,0.026185553839671093,0.3689488233486579,0.02148400293741542,0.645168299446076,0.354831700553924,True,0.0004768537764903158,1.1117814024127746
analytic-oracle,test-0221,221,0.0,False,False,False,False,1.3627989614952403e-16,False,False,False,False,False,False,False,False,False,False,0.0,0.02611479713788661,,0.0,0.0,False,0.0,0.0,0.0,120.0,0.0,0.0,0.0,0.0,1.0,0.0,False,0.0,0.0
persistence,test-0221,221,1.0,False,True,False,True,0.0,False,False,False,False,True,False,True,False,False,True,0.0,0.6382255997291453,,0.0,0.009675501845777035,True,0.0004110823486842681,0.031532819556408846,0.029873438594012286,20.143264998801737,0.47881584852795683,0.007517197808751268,0.4790062018449126,0.018353141205078256,0.5397724624938277,0.4602275375061723,True,0.00037927035009488463,0.9653386557058694
linear-extrapolation,test-0221,221,1.0,False,True,False,True,0.0,False,False,False,False,True,False,False,False,True,True,0.0,2.867195688364402e-14,,0.0,0.008734234608709812,True,0.0008489860626691165,0.06838437687091913,0.09041147784017817,20.587751467517922,0.4322349395485826,0.01552486062800605,0.4655661366441623,0.02061073180209033,0.5526856316499682,0.4473143683500318,True,0.00042592379031702876,0.9653386557058694
learned-seed-11,test-0221,221,1.0,False,True,False,True,13.025230111860578,False,False,False,False,True,True,True,True,False,True,0.0,1.4857986366968927,11,3.1521789642586167,0.009767502546310425,True,0.0013550733600492771,0.03971483797369493,0.05159204147936859,20.10216466886037,0.48336872797475144,0.024779352666108454,0.48211838214654135,0.02651261161370176,0.5367822901933915,0.4632177098066085,True,0.000547887000720948,1.813463273054078
learned-seed-29,test-0221,221,1.0,False,True,False,True,1.4376678470366362,False,False,False,False,True,True,True,True,False,True,0.0,0.2706712904037112,29,0.8264880105010867,0.007936631329357624,True,0.00019058164790527993,0.03915024322140189,0.051569909384690096,21.00363792977003,0.39276359252399545,0.003485043691628111,0.3915935296838788,0.018145725949198686,0.6237582620524983,0.3762417379475017,True,0.0003749840834643692,0.8012780620094312
learned-seed-47,test-0221,221,0.0,True,True,True,True,2.434853493644139,False,False,False,False,False,True,True,True,False,True,0.0,0.48254972021624437,47,1.1699392196459781,0.0031530489213764668,False,0.00033736092409627724,0.011537630504311005,0.01432560208170411,25.01269290869913,0.1560363295675426,0.006169101659294596,0.15556000811567766,0.02121091712112543,0.8505384707050242,0.1494615292949758,True,0.00043832670780830085,0.5724942034663774
analytic-oracle,test-0222,222,0.0,False,False,False,False,2.668109324398135e-16,False,False,False,False,False,False,False,False,False,False,0.0,0.0005890305289275128,,0.0,0.0,False,0.0,0.0,0.0,120.0,0.0,0.0,0.0,0.0,1.0,0.0,False,0.0,0.0
persistence,test-0222,222,1.0,False,True,False,True,0.0,False,False,False,False,True,False,True,False,False,True,0.0,0.45612965312445497,,0.0,0.010436557233333588,True,0.003038651987284525,0.03593821355789722,0.03741552551515434,19.814427409074607,0.6255899639143949,0.07392132325953903,0.6248699379058305,0.014892699502087367,0.4078933467579944,0.5921066532420056,True,0.00024712266167625785,0.6250245418832345
linear-extrapolation,test-0222,222,1.0,False,True,False,True,0.0,False,False,False,False,True,False,False,False,False,True,0.0,2.229214365616463e-14,,0.0,0.005315321031957865,True,0.0011311104688294838,0.04231603310358503,0.06159336748948127,22.74470500059339,0.3186119156186359,0.027516537911705212,0.3561162751313806,0.012447813190941194,0.662555672721724,0.337444327278276,True,0.00020655333355534822,0.6250245418832345
learned-seed-11,test-0222,222,1.0,False,True,False,True,38.16378471826169,False,False,False,False,True,True,True,True,True,True,0.0,2.0207839608627585,11,5.923199012312095,0.008852888830006123,True,0.001808252549425497,0.05132446411776701,0.07173511073503182,20.529149893913612,0.5306614317231769,0.04398938141001787,0.5576825798378249,0.02850250463288751,0.47155792607692176,0.5284420739230782,True,0.0004729575593955815,2.197854917806028
learned-seed-29,test-0222,222,0.0,False,False,False,True,20563.241564785825,False,False,False,False,False,True,True,True,True,True,0.0,15.894760076873355,29,98.76756995625925,0.009065752848982811,True,0.017708112986175237,0.6637661256256484,0.9639003545704259,20.425961248742922,0.543420964486048,0.43078547653536586,0.6963663623653576,0.162209040688926,0.34014563473431186,0.6598543652656881,True,0.0026916228234767914,20.346572952705998
learned-seed-47,test-0222,222,1.0,False,True,False,True,45.7478104388207,False,False,False,False,True,True,True,True,False,True,0.0,1.6984841716179793,47,6.75313477848126,0.004878390114754438,True,0.0004935171273777494,0.0194270064672617,0.025606777617773666,23.117234730032827,0.29242132511879665,0.012005797063852366,0.292506873816574,0.020343891222528904,0.7228298953118877,0.2771701046881123,True,0.00033757725032046437,1.7539328705842043
analytic-oracle,test-0223,223,0.0,False,False,False,False,1.0162836210316724e-15,False,False,False,False,False,False,False,False,False,False,0.0,0.019417763391290758,,0.0,0.0,False,1.7867651802561113e-16,0.0,0.0,120.0,0.0,3.283070283808018e-15,0.0,0.0,1.0,0.0,False,0.0,0.0
persistence,test-0223,223,1.0,False,True,False,True,0.0,False,False,False,False,True,False,True,False,False,True,0.0,0.4957798945905526,,0.0,0.009535528719425201,True,0.0045919110913920395,0.028841738252045328,0.027732748327824398,20.206552214892056,0.42328443582517283,0.08437352046381802,0.4227787954479663,0.0126846832851728,0.5925558389562585,0.4074441610437415,True,0.0002869050658773631,0.7332493359548223
linear-extrapolation,test-0223,223,1.0,False,True,False,True,0.0,False,False,False,False,True,False,False,False,True,True,0.0,2.2306525611913894e-14,,0.0,0.00844639167189598,True,0.0016498212852122914,0.05405971484825827,0.07309315268338394,20.73328783555302,0.37493737775795216,0.03031444363773666,0.418014665151147,0.01248409560836721,0.5971471692045834,0.40285283079541656,True,0.0002823681279551238,0.7332493359548223
learned-seed-11,test-0223,223,1.0,False,True,False,True,46.18705603993047,False,False,False,False,True,True,True,True,True,True,0.0,2.5575409949205423,11,6.787772618297715,0.011941581964492798,True,0.0022755892308176503,0.05585157438580957,0.07465278193461769,19.229381361094998,0.5300897237510589,0.041812541818058636,0.5474778855596734,0.01896664133054008,0.4723797168315726,0.5276202831684274,True,0.00042899182881228626,2.6802533910107527
learned-seed-29,test-0223,223,0.0,False,False,False,True,4207.916340018056,False,False,False,False,False,True,True,True,True,True,0.0,7.8296753911225405,29,43.65805109796542,0.011590353213250637,True,0.018592946629896377,0.31472853814532215,0.42530001329334377,19.359033288139475,0.5144985941776922,0.34163387133104756,0.615471030732689,0.13461523812472778,0.40685275500182705,0.593147244998173,True,0.0030447582248598337,10.08406462453599
learned-seed-47,test-0223,223,0.0,False,True,False,True,3.148367084348728,False,False,False,False,False,True,True,True,False,True,0.0,0.8085359481781575,47,1.8981112805999056,0.00769719248637557,True,0.0016266546778745247,0.027832392233341677,0.03698542599311553,21.13667652751227,0.3416802439487215,0.029888771585428315,0.3409208825302872,0.016462254877659017,0.6714446787293031,0.32855532127069687,True,0.00037234704359434545,0.9353307445478187
analytic-oracle,test-0224,224,0.0,False,False,False,False,7.356393142924369e-16,False,False,False,False,False,False,False,False,False,False,0.0,0.006296682801499196,,0.0,0.0,False,0.0,0.0,0.0,120.0,0.0,0.0,0.0,0.0,1.0,0.0,False,0.0,0.0
persistence,test-0224,224,1.0,False,True,False,True,0.0,False,False,False,False,True,False,True,False,False,True,0.0,0.5493987250943481,,0.0,0.008410974405705929,True,0.002876464893472628,0.026398443487972118,0.024978641325898034,20.751536885650165,0.40644074661626217,0.060506496779075325,0.40635014128450103,0.014059547335350473,0.6070094471246553,0.3929905528753447,True,0.00029530475148931146,0.8430744824011298
linear-extrapolation,test-0224,224,1.0,False,True,False,True,0.0,False,False,False,False,True,False,False,False,True,True,0.0,3.4997117346337835e-14,,0.0,0.008778014220297337,True,0.001869220973618108,0.06248716003894814,0.08141754244868933,20.566037199376552,0.4241770907168011,0.03931910070456778,0.4639310087040032,0.01553122113153348,0.5513216679825069,0.4486783320174931,True,0.00032621558057144284,0.8430744824011298
learned-seed-11,test-0224,224,0.0,False,True,False,True,52.9427595767649,False,False,False,False,False,True,True,True,False,True,0.0,0.6397799753655911,11,2.2438756276242,0.007962185889482498,True,0.004200472244222056,0.03417372858625563,0.0441414529520121,20.989676873605504,0.3847540869252146,0.08835701798146615,0.3849666715303478,0.05547438464412411,0.6276898917641326,0.3723101082358674,True,0.0011651761597022414,1.147948913839927
learned-seed-29,test-0224,224,0.0,False,True,False,True,23.2650688686709,False,False,False,False,False,True,True,True,False,True,0.0,1.3778621256243937,29,4.812522942398346,0.006081986241042614,True,0.0011747585571471638,0.02191757504489735,0.02804746228412504,22.159545666723254,0.2938978184313858,0.024711069832805674,0.2943253510785643,0.014946300051940515,0.7153511942189482,0.2846488057810518,True,0.00031392998062074184,1.4631860631024922
learned-seed-47,test-0224,224,0.0,False,True,False,True,66.73798976726326,False,False,False,False,False,True,True,True,True,True,0.0,2.0813549314399618,47,8.179159769312413,0.012805514968931675,True,0.011284522635779929,0.06258505556608301,0.08062568415690748,18.926029518563595,0.6187966832056345,0.23737016017981802,0.6186900075833617,0.033754952617249485,0.4016506863512925,0.5983493136487075,True,0.0007089842692948878,2.3041517042384507
analytic-oracle,test-0225,225,0.0,False,False,False,False,1.397344023467192e-16,False,False,False,False,False,False,False,False,False,False,0.0,0.037755134824276906,,0.0,0.0,False,0.0,0.0,0.0,120.0,0.0,0.0,0.0,0.0,1.0,0.0,False,0.0,0.0
persistence,test-0225,225,1.0,False,True,False,True,0.0,False,False,False,False,True,False,True,False,False,True,0.0,0.630287140085753,,0.0,0.008966304361820221,True,0.0029067132215714,0.027467252181101156,0.02604507231306327,20.47386523063856,0.4336522384617602,0.048710230466467566,0.43513787789996444,0.01692071523991027,0.5887503041306407,0.41124969586935933,True,0.0003609021659940481,0.9850059139545309
linear-extrapolation,test-0225,225,1.0,False,True,False,True,0.0,False,False,False,False,True,False,False,False,True,True,0.0,2.2045612831141192e-14,,0.0,0.009755189530551434,True,0.0029370619956301807,0.07330487240457173,0.09375171362365087,20.107642884147193,0.4718063993629104,0.04921881031803571,0.5089564949305716,0.02052241736629707,0.5189841786215371,0.4810158213784629,True,0.00043772291974164546,0.9850059139545309
learned-seed-11,test-0225,225,0.0,False,True,False,True,8.46303190725482,False,False,False,False,False,True,True,True,False,True,0.0,1.1948324598576658,11,2.8720884522419445,0.00947077851742506,True,0.0015031810191593307,0.028599158617661005,0.03434423946841758,20.236143196319016,0.4580509581567644,0.025190064617550034,0.4577361387571896,0.019100447337145717,0.5673926417051994,0.43260735829480057,True,0.00040739370160736144,1.2839859588441136
learned-seed-29,test-0225,225,1.0,False,True,False,True,2.742424111754829,False,False,False,False,True,True,True,True,False,True,0.0,0.5411015503586464,29,1.895506041547257,0.009136613458395004,True,0.002420280754605636,0.04100923383654703,0.05217327547891033,20.392147483439068,0.44188917956700974,0.04055867378848701,0.44148327105910756,0.020846876632782656,0.5827532601144702,0.41724673988552985,True,0.00044464331585913897,0.9239404127873425
learned-seed-47,test-0225,225,1.0,False,True,False,True,1.9402835245750454,False,False,False,False,True,True,True,True,False,True,0.0,0.18786730427162907,47,0.5047606598740889,0.00923787709325552,True,0.003119148217566454,0.033639955586255904,0.04280350599986636,20.34427820188195,0.44678676057251576,0.05227018180162821,0.44711240822772996,0.021360516816673444,0.5774331510957488,0.4225668489042512,True,0.0004555987543426454,0.526264676434109
analytic-oracle,test-0226,226,0.0,False,False,False,False,7.432956756126236e-16,False,False,False,False,False,False,False,False,False,False,0.0,0.011055988193216869,,8.977097450168888e-18,0.0,False,0.0,0.0,0.0,120.0,0.0,0.0,0.0,0.0,1.0,0.0,False,0.0,0.0
persistence,test-0226,226,1.0,False,True,False,True,0.0,False,False,False,False,True,False,True,False,False,True,0.0,0.5465618436941987,,0.0,0.010307877324521542,True,0.0012342785192959811,0.030672446748602263,0.030093864538968614,19.86830758689273,0.47128688241740385,0.018608858924679606,0.47188920816247626,0.01318664790821023,0.5496380191270686,0.45036198087293144,True,0.00029409665148705244,0.7963891314363888
linear-extrapolation,test-0226,226,1.0,False,True,False,True,0.0,False,False,False,False,True,False,False,False,True,True,0.0,2.119128564345494e-14,,0.0,0.007977785542607307,True,0.0015856498290023977,0.05217351133518534,0.07148328911570506,20.981176424952306,0.3647526603780719,0.023906382158119795,0.4078868335361489,0.012506056803446776,0.6107206540309796,0.38927934596902036,True,0.00027891769423149526,0.7963891314363888
learned-seed-11,test-0226,226,0.0,False,False,False,True,93.81126080901599,False,False,False,False,False,True,True,True,True,True,0.0,2.243446985078633,11,8.113469686558057,0.015214513055980206,True,0.019299534345611172,0.10359297612576022,0.13923406016095213,18.177419427790277,0.6956233761721282,0.290973476678779,0.6964459586193251,0.08306241315284547,0.3353253770814079,0.664674622918592,True,0.0018525085179135203,2.2923661059597524
learned-seed-29,test-0226,226,0.0,False,True,False,True,58.55624547661186,False,False,False,False,False,True,True,True,True,True,0.0,2.5265553362233697,29,7.1784041879973275,0.011286435648798943,True,0.013372298758087615,0.058549292229017634,0.07988508708988351,19.474431902685392,0.5160275877433379,0.20161026640069712,0.5158535898121921,0.03586005032562411,0.5076792591784786,0.49232074082152144,True,0.000799772678874433,2.7266239517257596
learned-seed-47,test-0226,226,0.0,False,True,False,True,42.75313922442488,False,False,False,False,False,True,True,True,False,True,0.0,1.5531434921852263,47,4.566110468437986,0.011725164949893951,True,0.006735215587262109,0.03614622705973033,0.04761463184999339,19.308810389050038,0.5360867481338435,0.1015448901777479,0.5360858802521321,0.02548875770422684,0.4883699504625425,0.5116300495374575,True,0.0005684657953679562,1.6228736929328038
analytic-oracle,test-0227,227,0.0,False,False,False,False,5.89830536774844e-16,False,False,False,False,False,False,False,False,False,False,0.0,0.026090339599870182,,0.0,0.0,False,3.3089850304257595e-16,0.0,0.0,120.0,0.0,1.3346942111297726e-14,0.0,0.0,1.0,0.0,False,0.0,0.0
persistence,test-0227,227,1.0,False,True,False,True,0.0,False,False,False,False,True,False,True,False,False,True,0.0,0.5313578706306359,,0.0,0.01005134079605341,True,0.0049181457343312855,0.03976139006301401,0.04084148731737055,19.97776001777052,0.6806264777195321,0.19837565237519217,0.6824749754790335,0.019654489142833364,0.3597219887537573,0.6402780112462427,True,0.00029384216759353876,0.7355397144541925
linear-extrapolation,test-0227,227,1.0,False,True,False,True,0.0,False,False,False,False,True,False,False,False,True,True,0.0,2.3682683529484408e-14,,0.0,0.005283232778310776,True,0.0003361147492472441,0.050036369603960566,0.07209876579083725,22.771002539527075,0.3577540737934137,0.013557341782169082,0.38712175388316045,0.01833103670107737,0.6368137212467182,0.3631862787532818,True,0.0002740560448728502,0.7355397144541925
learned-seed-11,test-0227,227,1.0,False,True,False,True,21.141009596175508,False,False,False,False,True,True,True,True,True,True,0.0,1.549217491309939,11,4.145202196192781,0.012087536975741386,True,0.003133770118035269,0.0692131002202869,0.09182617744261541,19.176621844013194,0.8185074890042311,0.12640204767003643,0.8183762728154143,0.03711960110766603,0.23222337633467757,0.7677766236653224,True,0.0005549523048102856,1.7666272141221488
learned-seed-29,test-0227,227,1.0,False,True,False,True,11.41866795009858,False,False,False,False,True,True,True,True,False,True,0.0,0.9090038559999011,29,3.3298189990130753,0.0054632690735161304,True,0.000500731838441148,0.02761963767939646,0.03875806368323583,22.625474093580976,0.36994523037178856,0.020197247190621985,0.36952234674928647,0.020038618680430203,0.6533249689900956,0.3466750310099044,True,0.0002995850518345833,1.052160506043507
learned-seed-47,test-0227,227,0.0,False,True,False,True,60.14288126426062,False,False,False,False,False,True,True,True,True,True,0.0,1.8455035811655116,47,6.706002407562098,0.009684124030172825,True,0.005835532323202006,0.061685917164524276,0.08495558909801897,20.1393965693428,0.6557603967665316,0.23537885904658332,0.6550111879326752,0.04650944679428635,0.3854877089680831,0.614512291031917,True,0.0006953341071493924,2.0081391890451292
analytic-oracle,test-0228,228,0.0,False,False,False,False,1.9936449545847038e-16,False,False,False,False,False,False,False,False,False,False,0.0,0.002261882515764374,,0.0,0.0,False,2.168404344971009e-19,0.0,0.0,120.0,0.0,7.800088575232165e-18,0.0,0.0,1.0,0.0,False,0.0,0.0
persistence,test-0228,228,1.0,False,True,False,True,0.0,False,False,False,False,True,False,True,False,False,True,0.0,0.5276746224621914,,0.0,0.008169889450073242,True,0.002158896433034246,0.030994904984453123,0.030845604198706134,20.877838200340463,0.5414435508186289,0.07765887133308173,0.5413073608683978,0.014686950031772545,0.4886089916381242,0.5113910083618758,True,0.00022377728600986302,0.7550165974347881
linear-extrapolation,test-0228,228,1.0,False,True,False,True,0.0,False,False,False,False,True,False,False,False,False,True,0.0,2.4011753166504748e-14,,0.0,0.0054548573680222034,True,0.0005841743899879682,0.04677137992511925,0.06537467355637411,22.632166007293044,0.36151007435291854,0.021013663783953036,0.3962724376192807,0.013786376104245737,0.6256282915956678,0.3743717084043322,True,0.000210055717616342,0.7550165974347881
learned-seed-11,test-0228,228,1.0,False,True,False,True,32.664426259988716,False,False,False,False,True,True,True,True,False,True,0.0,2.2086656174558263,11,5.6010253673711885,0.007883792743086815,True,0.0008544080702022235,0.047932717246690223,0.0661440654946864,21.032648014038664,0.5224830473926175,0.030734390670387756,0.5283099311828747,0.02046494006798029,0.5008880943318861,0.4991119056681139,True,0.0003118134627584368,2.3809679227805547
learned-seed-29,test-0228,228,1.0,False,True,False,True,64.91104188993528,False,False,False,False,True,True,True,True,False,True,0.0,1.0043957187481998,29,4.956435895371516,0.004759808536618948,True,0.0014388578020631667,0.022155084245889307,0.02834118652113691,23.224105164312377,0.3154470633945581,0.05175795893088668,0.314328875692603,0.050026815344416116,0.7030430910087418,0.29695690899125815,True,0.0007622321136295795,1.281257324061938
learned-seed-47,test-0228,228,0.0,False,True,False,True,5.305909659683694,False,False,False,False,False,True,True,True,False,True,0.0,0.937898742266437,47,2.4933343971078905,0.005674797110259533,True,0.0006731307589438457,0.025744373311143168,0.035374686631282536,22.460496610898808,0.3760861534701269,0.024213563096072126,0.3742329181448605,0.017672099712983516,0.6464497562617932,0.35355024373820676,True,0.0002692604321055114,1.03885346242806
analytic-oracle,test-0229,229,0.0,False,False,False,False,3.5406266905475e-16,False,False,False,False,False,False,False,False,False,False,0.0,0.005601141983110181,,0.0,0.0,False,6.245004513516506e-17,0.0,0.0,120.0,0.0,1.2724503994693387e-15,0.0,0.0,1.0,0.0,False,0.0,0.0
persistence,test-0229,229,1.0,False,True,False,True,0.0,False,False,False,False,True,False,True,False,False,True,0.0,0.5599703672718568,,0.0,0.009690086357295513,True,0.004762754629234868,0.0301771739797518,0.029612707938396664,20.13672352533363,0.47654906082563875,0.09704346918288793,0.4764778341380549,0.012985407093347981,0.5535783779636998,0.4464216220363002,True,0.0002701905323192477,0.8129751361938398
linear-extrapolation,test-0229,229,1.0,False,True,False,True,0.0,False,False,False,False,True,False,False,False,False,True,0.0,2.7191736858392152e-14,,0.0,0.007415028754621744,True,0.0010400806570324671,0.04992051812165904,0.06875989650405558,21.29887160488689,0.36466393164284727,0.02119215518030221,0.4084039097168812,0.012095437859710009,0.61735820061474,0.38264179938526,True,0.00025167272542603314,0.8129751361938398
learned-seed-11,test-0229,229,1.0,False,True,False,True,30.080938730666137,False,False,False,False,True,True,True,True,False,True,0.0,2.378445501756423,11,5.432941913940438,0.010817106813192368,True,0.0013703158994550074,0.045690810815532015,0.06221937329553078,19.65888881843525,0.5319748351671202,0.027920860743763848,0.5318056584405689,0.0208883731085963,0.501740631694665,0.498259368305335,True,0.00043462947360239923,2.5580113143725827
learned-seed-29,test-0229,229,1.0,False,True,False,True,42.223753572181245,False,False,False,False,True,True,True,True,False,True,0.0,1.7532813079137273,29,6.443221437542916,0.005598821677267551,True,0.0006723210079753294,0.017914132146993823,0.023227598123932314,22.51903364584315,0.2753446268333098,0.013698871366997857,0.2754760205672564,0.01682533884758877,0.741901001216128,0.258098998783872,True,0.0003500889288261533,1.80253364969781
learned-seed-47,test-0229,229,0.0,False,True,False,True,37.08579464572778,False,False,False,False,False,True,True,True,True,True,0.0,1.7060303895031224,47,5.815499244949936,0.01230563037097454,True,0.009325760642738143,0.05849190084754715,0.07920116122007625,19.098961341250423,0.6051789818921771,0.19001696202979412,0.6053556548397829,0.03811765977184811,0.4328301675747586,0.5671698324252414,True,0.0007931234431453049,1.9965862486438095
analytic-oracle,test-0230,230,0.0,False,False,False,False,2.487412558582322e-16,False,False,False,False,False,False,False,False,False,False,0.0,0.01320161175804642,,0.0,0.0,False,1.3322676295501878e-15,0.0,0.0,120.0,0.0,1.91650987676174e-14,0.0,0.0,1.0,0.0,False,0.0,0.0
persistence,test-0230,230,1.0,False,True,False,True,0.0,False,False,False,False,True,False,True,False,False,True,0.0,0.4724068710799812,,0.0,0.0104190269485116,True,0.003935433160970017,0.02976592119994496,0.02948188020416303,19.82172838678017,0.45570301641897804,0.056612473012507325,0.4556306037698444,0.011061966241553832,0.5676350027298726,0.43236499727012745,True,0.0002592895179986954,0.6798655442920363
linear-extrapolation,test-0230,230,1.0,False,True,False,True,0.0,False,False,False,False,True,False,False,False,False,True,0.0,1.7172720967504355e-14,,0.0,0.007723208516836166,True,0.002830838615652395,0.04693273786843401,0.06511653112971579,21.12202239603057,0.3377944442362495,0.040722524859724274,0.38570849594492235,0.009822173558559168,0.6339867177128178,0.3660132822871822,True,0.00023022911045700312,0.6798655442920363
learned-seed-11,test-0230,230,0.0,False,True,False,True,26.241444626694605,False,False,False,False,False,True,True,True,False,True,0.0,1.126800600243448,11,4.367284946328416,0.013067488558590412,True,0.0027885083810534053,0.045396636994164845,0.061005898018858695,18.83807871482228,0.571540315866139,0.040113590807021995,0.5714473888881598,0.03327454226004064,0.4577321042695878,0.5422678957304121,True,0.0007799463346600533,1.1532502678865564
learned-seed-29,test-0230,230,0.0,False,True,False,True,27.549018933313658,False,False,False,False,False,True,True,True,False,True,0.0,0.8851086838227695,29,3.4455681904991713,0.011982404626905918,True,0.007087070358495078,0.048406684221998945,0.06643482913080606,19.214560190583377,0.5240813714579928,0.10194978875188168,0.5241126044839367,0.04966911148265551,0.5026498594870404,0.49735014051295956,True,0.001164230634458363,1.2011861186075987
learned-seed-47,test-0230,230,1.0,False,True,False,True,139.45573538374217,False,False,False,False,True,True,True,True,False,True,0.0,2.7002978381124603,47,8.275965973656007,0.007619345560669899,True,0.001484746508226509,0.022506397030845497,0.029072049359992642,21.180823293947185,0.33325172996426833,0.02135855652714721,0.33336593059147096,0.014071604984381097,0.6836565444077521,0.31634345559224786,True,0.0003298346418887377,2.7359222353113357
analytic-oracle,test-0231,231,0.0,False,False,False,False,4.730072299722931e-16,False,False,False,False,False,False,False,False,False,False,0.0,0.024779956551717875,,4.134551432087528e-18,0.0,False,0.0,0.0,0.0,120.0,0.0,0.0,0.0,0.0,1.0,0.0,False,0.0,0.0
persistence,test-0231,231,1.0,False,True,False,True,0.0,False,False,False,False,True,False,True,False,False,True,0.0,0.5933580720883056,,0.0,0.011283272877335548,True,0.00893970760000135,0.03180576573790061,0.031054567812519508,19.47564908650633,0.45186893844093656,0.13915864454886925,0.4514870574782897,0.013073096938131438,0.5614170321276876,0.43858296787231243,True,0.0003321629483252764,0.8632273966303085
linear-extrapolation,test-0231,231,1.0,False,True,False,True,0.0,False,False,False,False,True,False,False,False,True,True,0.0,3.576569216156957e-14,,0.0,0.008859782479703426,True,0.001681759789430054,0.05367371006832423,0.07376745864349296,20.525769405310253,0.3548137625885886,0.02617886660564186,0.39914981463967075,0.012454914035642552,0.6122584082296353,0.3877415917703647,True,0.0003164560766890645,0.8632273966303085
learned-seed-11,test-0231,231,1.0,False,True,False,True,15.535402038286145,False,False,False,False,True,True,True,True,True,True,0.0,0.6862537487095457,11,3.109062654770711,0.011724096722900867,True,0.006427193341027183,0.050083510593660785,0.06767797504107398,19.30920607322578,0.46952291218601633,0.1000479605832663,0.4692641279026285,0.02911240287104518,0.5441480535874632,0.4558519464125368,True,0.0007396917208097875,1.104270788219078
learned-seed-29,test-0231,231,1.0,False,True,False,True,6.65490768495297,False,False,False,False,True,True,True,True,False,True,0.0,0.8011276402307389,29,2.7238650654221197,0.0077145216055214405,True,0.0015342884889282945,0.029693391889804625,0.040075541736707826,21.126910003233256,0.3089487178377824,0.02388327627921097,0.3094762505970481,0.01250144350044418,0.6993689847258232,0.3006310152741768,True,0.0003176383033860475,0.9744272345438879
learned-seed-47,test-0231,231,0.0,False,True,False,True,53.030148191854394,False,False,False,False,False,True,True,True,True,True,0.0,1.550565168404198,47,5.438771515757947,0.015338735654950142,True,0.014385700395944914,0.06117489128347522,0.08196624620932086,18.142104370433838,0.6142808272722715,0.22393289104730044,0.6141878439776105,0.03859312639222995,0.40336644654370785,0.5966335534562921,True,0.0009805791778489947,1.8452987965184504
analytic-oracle,test-0232,232,0.0,False,False,False,False,5.137155456597023e-16,False,False,False,False,False,False,False,False,False,False,0.0,0.005034060598470734,,0.0,0.0,False,8.782037597132586e-18,0.0,0.0,120.0,0.0,1.4065794390768504e-16,0.0,0.0,1.0,0.0,False,0.0,0.0
persistence,test-0232,232,1.0,False,True,False,True,0.0,False,False,False,False,True,False,True,False,False,True,0.0,0.46488310250188286,,0.0,0.010642223991453648,True,0.0008003464643395303,0.03216475072045444,0.03286248556061231,19.72967604532836,0.520363956918768,0.012818789129818856,0.5206785406228908,0.01199078087232117,0.4953875113948902,0.5046124886051098,True,0.0002440116077195853,0.6508376698848763
linear-extrapolation,test-0232,232,1.0,False,True,False,True,0.0,False,False,False,False,True,False,False,False,False,True,0.0,2.9288712236630414e-14,,0.0,0.0063796695321798325,True,0.0011890669589073263,0.042977184101407946,0.0611740166720217,21.952018172142402,0.31194138408148187,0.01904475035077025,0.3558640407811566,0.010160897045688864,0.655116496622225,0.34488350337777496,True,0.00020677359134424478,0.6508376698848763
learned-seed-11,test-0232,232,1.0,False,True,False,True,14.619161577583439,False,False,False,False,True,True,True,True,False,True,0.0,1.0073589504678897,11,3.306547732101065,0.008929044008255005,True,0.0027022554188134013,0.03408773702511201,0.047435077355282615,20.49195036538622,0.4365960231027551,0.04328080891475542,0.4365825712330468,0.02193491804289278,0.576888616365919,0.42311138363408096,True,0.0004463741497602314,1.271230057543818
learned-seed-29,test-0232,232,1.0,False,True,False,True,4.794869998229977,False,False,False,False,True,True,True,True,False,True,0.0,0.5131905326278307,29,1.8359933588911057,0.00951116532087326,True,0.001832537901851516,0.041145135764047526,0.057300246438414595,20.217662694537456,0.46505952376615417,0.029350934854970177,0.4648280092388393,0.019012558009912417,0.5495147193222779,0.4504852806777221,True,0.00038690431392751634,0.827359703584752
learned-seed-47,test-0232,232,0.0,True,True,True,True,4.9803593468401655,False,False,False,False,False,True,True,True,False,True,0.0,0.5155098228134818,47,1.815031164982592,0.004245199728757143,True,0.0006857036705149175,0.015106894198762938,0.020328775582509416,23.72101872191155,0.20757399304323496,0.010982607095199944,0.20750922537087918,0.01735293213780726,0.7988936772818587,0.20110632271814133,True,0.0003531310358084738,0.6855244371311354
analytic-oracle,test-0233,233,0.0,False,False,False,False,1.029636201989387e-15,False,False,False,False,False,False,False,False,False,False,0.0,0.0034747570394965746,,0.0,0.0,False,3.632510958695434e-15,0.0,0.0,120.0,0.0,5.0801997364662006e-14,0.0,0.0,1.0,0.0,False,0.0,0.0
persistence,test-0233,233,1.0,False,True,False,True,0.0,False,False,False,False,True,False,True,False,False,True,0.0,0.5687531831424565,,0.0,0.011739970184862614,True,0.008529757804402316,0.030969049954366515,0.030184731104103593,19.303330060327045,0.45422625421671975,0.11929178973656164,0.4524435481336507,0.01381725696587805,0.5671030104932275,0.43289698950677247,True,0.0003657736233435571,0.8464300322140711
linear-extrapolation,test-0233,233,1.0,False,True,False,True,0.0,False,False,False,False,True,False,False,False,True,True,0.0,2.1012677180822786e-14,,0.0,0.010118589736521244,True,0.0026567916979038,0.06026386956731796,0.0806348271080468,19.948800124296085,0.39149410446561334,0.03715620582293783,0.43592387008375383,0.013713954222757382,0.5829090020360862,0.4170909979639138,True,0.0003630389692261815,0.8464300322140711
learned-seed-11,test-0233,233,0.0,False,True,False,True,28.16611643438183,False,False,False,False,False,True,True,True,True,True,0.0,0.9614286034392011,11,4.302591348211357,0.012498857453465462,True,0.006389713968167486,0.06044466089848962,0.0806182245164439,19.031296849386628,0.48358804270189754,0.08936249218870021,0.4831420385939344,0.03961735508248529,0.5377307624912877,0.4622692375087123,True,0.0010487597901374102,1.3308143945681825
learned-seed-29,test-0233,233,1.0,False,True,False,True,10.071142192538986,False,False,False,False,True,True,True,True,False,True,0.0,0.9876348117893019,29,3.182512794204626,0.009424298070371151,True,0.0029813755611257852,0.036123043813099935,0.048066691218845825,20.257509865350862,0.3646315572969782,0.04169563013617846,0.37344021591322546,0.013119711135265682,0.6426932246101118,0.3573067753898882,True,0.0003473080287221819,1.1348101077156514
learned-seed-47,test-0233,233,0.0,False,True,False,True,41.63484070933038,False,False,False,False,False,True,True,True,False,True,0.0,1.428084889857456,47,5.04110162804275,0.01284758374094963,True,0.008417258113209303,0.03911919329388788,0.05141892974027181,18.9117854288865,0.49708046498377667,0.11771844031504598,0.4969859448266793,0.03348718459340237,0.5244849435247213,0.4755150564752787,True,0.0008864804985933006,1.6077332748737625
analytic-oracle,test-0234,234,0.0,False,False,False,False,1.8093735154456766e-16,False,False,False,False,False,False,False,False,False,False,0.0,0.011897897255619643,,0.0,0.0,False,0.0,0.0,0.0,120.0,0.0,0.0,0.0,0.0,1.0,0.0,False,0.0,0.0
persistence,test-0234,234,1.0,False,True,False,True,0.0,False,False,False,False,True,False,True,False,False,True,0.0,0.5538931605553796,,0.0,0.011215196922421455,True,0.004283954098280113,0.03565913906589873,0.03515560281517972,19.501930964394464,0.5584261266923699,0.07705126175803816,0.5593448065967446,0.017593346506030637,0.4668115402478979,0.5331884597521022,True,0.00036217254819348454,0.8036231484758553
linear-extrapolation,test-0234,234,1.0,False,True,False,True,0.0,False,False,False,False,True,False,False,False,True,True,0.0,1.97041224151283e-14,,0.0,0.007782906759530306,True,0.0020906419767169836,0.05915647253792996,0.08134014973965369,21.088581724375246,0.38752582823075354,0.03760231750733145,0.4237772418852708,0.017575924445118032,0.5960396302710275,0.40396036972897253,True,0.0003618139016907662,0.8036231484758553
learned-seed-11,test-0234,234,1.0,False,True,False,True,26.493004576782642,False,False,False,False,True,True,True,True,True,True,0.0,1.1084542552299022,11,4.624140170496207,0.010112754069268703,True,0.005006240938656979,0.07200079377724737,0.09863594669835174,19.951305541811223,0.5035333863647345,0.0900423235494349,0.5033116124070601,0.04277144936617233,0.5202244836642606,0.47977551633573945,True,0.0008804831304587424,1.6126129008107728
learned-seed-29,test-0234,234,1.0,False,True,False,True,20.199676557880302,False,False,False,False,True,True,True,True,True,True,0.0,1.7180674479335403,29,4.395258408188046,0.008768616244196892,True,0.0029202999231534594,0.05315152292055569,0.07274506294735678,20.57068936271928,0.4366061906509479,0.052524557600001416,0.43998586497360265,0.025566788855309948,0.5805889624946471,0.4194110375053529,True,0.0005263119819574058,1.9793893675226644
learned-seed-47,test-0234,234,0.0,False,True,False,True,43.8240205779579,False,False,False,False,False,True,True,True,True,True,0.0,1.380342919205743,47,5.650640758316974,0.013454693369567394,True,0.0016887558647416647,0.05115811770517607,0.06345754768794323,18.711261952931878,0.6699349423976778,0.03037398795469632,0.6702178293899245,0.03130469364996064,0.36112321427444377,0.6388767857255562,True,0.0006444311584345996,1.5089045846030587
analytic-oracle,test-0235,235,0.0,False,False,False,False,4.1925996064821375e-16,False,False,False,False,False,False,False,False,False,False,0.0,0.008535933401556006,,3.114054369625058e-17,0.0,False,0.0,0.0,0.0,120.0,0.0,0.0,0.0,0.0,1.0,0.0,False,0.0,0.0
persistence,test-0235,235,1.0,False,True,False,True,0.0,False,False,False,False,True,False,True,False,False,True,0.0,0.6302444788692061,,0.0,0.00898779183626175,True,0.002735550879481952,0.02975425474151917,0.028447913224778066,20.463469947097135,0.4848255032343242,0.0624430267743978,0.4821145959594207,0.01683429600811257,0.5455984615216544,0.45440153847834563,True,0.00031449971720576286,0.9484110388376031
linear-extrapolation,test-0235,235,1.0,False,True,False,True,0.0,False,False,False,False,True,False,False,False,True,True,0.0,2.6064968311706923e-14,,0.0,0.007912875153124332,True,0.0014711058262925965,0.062090202102491755,0.08244582658480948,21.016656863812887,0.42684162562219796,0.03358018349728423,0.46169421064050964,0.018426594976284332,0.5648450360560101,0.4351549639439899,True,0.00034424717887304723,0.9484110388376031
learned-seed-11,test-0235,235,1.0,False,True,False,True,99.11096217051458,False,False,False,False,True,True,True,True,True,True,0.0,3.2848076238579544,11,9.63422058040684,0.014645925723016262,True,0.0053275094743083316,0.11823396933162027,0.15442469817806878,18.342831727231314,0.7900403612315149,0.12160834559512637,0.7864635617460467,0.05699772115622271,0.25874417532747207,0.7412558246725279,True,0.0010648361640051007,3.6715568298414802
learned-seed-29,test-0235,235,1.0,False,True,False,True,7.972234220668555,False,False,False,False,True,True,True,True,False,True,0.0,1.0785185205918566,29,2.85160812590601,0.009566203691065311,True,0.0021223225169747324,0.04508550441267809,0.059008347953073435,20.192603760289856,0.5160265839547777,0.04844517524618569,0.5144480503542097,0.02101313382321022,0.5151236085625288,0.4848763914374712,True,0.00039256911259144545,1.3183843822067443
learned-seed-47,test-0235,235,0.0,False,False,False,True,1287.1681214019561,False,False,False,False,False,True,True,True,True,True,0.0,4.1841868117837935,47,19.290470417691754,0.012582491151988506,True,0.016497839524728393,0.2561314073400749,0.33897285207973227,19.002333663267233,0.6787331878440049,0.3765877808704563,0.7511058556689338,0.16169533952942747,0.29206943901614396,0.707930560983856,True,0.003020805772393942,7.760313870084322
analytic-oracle,test-0236,236,0.0,False,False,False,False,0.0,False,False,False,False,False,False,False,False,False,False,0.0,0.02063603600552685,,3.1272208738646286e-17,0.0,False,1.6046192152785466e-17,0.0,0.0,120.0,0.0,5.144648324841879e-16,0.0,0.0,1.0,0.0,False,0.0,0.0
persistence,test-0236,236,1.0,False,True,False,True,0.0,False,False,False,False,True,False,True,False,False,True,0.0,0.6275909673528474,,0.0,0.009083135984838009,True,0.002497242041031492,0.03106528666969195,0.029857523691195178,20.417641838824437,0.5477705557536295,0.08006530123028091,0.5426626055795375,0.020674601591225555,0.48447275191363026,0.5155272480863697,True,0.0003484090557321906,0.9575591624276854
linear-extrapolation,test-0236,236,1.0,False,True,False,True,0.0,False,False,False,False,True,False,False,False,True,True,0.0,2.902313760470524e-14,,0.0,0.0076139396987855434,True,0.001530713084861923,0.07110471852847229,0.09285705524129358,21.18390567052568,0.45916872622410276,0.04907694257220655,0.4880903711719326,0.024653430553710328,0.5363161506236477,0.4636838493763523,True,0.0004154604102950543,0.9575591624276854
learned-seed-11,test-0236,236,1.0,False,True,False,True,22.237534049596807,False,False,False,False,True,True,True,True,True,True,0.0,2.1616835612513396,11,4.648751039024178,0.009391499683260918,True,0.002200248114071355,0.06173443985887059,0.08011817521246924,20.27265051806281,0.5663668373397819,0.07054323335102741,0.5850778337407352,0.025395925662231415,0.44417845924250426,0.5558215407574958,True,0.0004279729619156569,2.4039963524498185
learned-seed-29,test-0236,236,0.0,False,False,False,True,885.0731089514017,False,False,False,False,False,True,True,True,True,True,0.0,4.670080801611669,29,19.91879962189755,0.009899250231683254,True,0.01075760337672815,0.1695653703246621,0.22104430694101543,20.043976975815994,0.5969874072132025,0.34490479525879675,0.64892216739879,0.15255452526182758,0.3835266042994223,0.6164733957005777,True,0.002570853801444173,5.833023301807186
learned-seed-47,test-0236,236,0.0,False,True,False,True,4.319334525639209,False,False,False,False,False,True,True,True,False,True,0.0,0.9768065527542629,47,2.3468161430216257,0.00659700995311141,True,0.0012635200237113547,0.03208097733594893,0.041680745899154444,21.806528606856375,0.39784142991584964,0.040510334860114405,0.39582401598357225,0.01769423311989368,0.6239688093698993,0.3760311906301007,True,0.0002981837897095829,1.1462213168349196
analytic-oracle,test-0237,237,0.0,False,False,False,False,1.1447374028557441e-15,False,False,False,False,False,False,False,False,False,False,0.0,0.008823360807139436,,0.0,0.0,False,0.0,0.0,0.0,120.0,0.0,0.0,0.0,0.0,1.0,0.0,False,0.0,0.0
persistence,test-0237,237,1.0,False,True,False,True,0.0,False,False,False,False,True,False,True,False,False,True,0.0,0.4924046921591455,,0.0,0.01095804013311863,True,0.0057933816582408934,0.03529828757611147,0.0367881201439975,19.60267113322732,0.5964792730135964,0.16150414638188476,0.5967276750263408,0.013326683584815374,0.42780087981287496,0.572199120187125,True,0.00024604046484455466,0.6748394468158965
linear-extrapolation,test-0237,237,1.0,False,True,False,True,0.0,False,False,False,False,True,False,False,False,False,True,0.0,1.5092232933914018e-14,,0.0,0.005671129561960697,True,0.000505412745822614,0.04186557270954298,0.060829266884784045,22.46330430759876,0.3086967374814242,0.014089569598525434,0.348916479520788,0.010914840549046338,0.6654257696498307,0.3345742303501693,True,0.0002015124337049201,0.6748394468158965
learned-seed-11,test-0237,237,1.0,False,True,False,True,6.435997721320569,False,False,False,False,True,True,True,True,False,True,0.0,0.7206290640550697,11,1.8670455232801968,0.011045826599001884,True,0.0020680236292126178,0.03539761130123087,0.041365550749949784,19.568017787556272,0.6012577559096592,0.05765102502067255,0.601551035915328,0.02649505904099955,0.4231757836885808,0.5768242163114192,True,0.0004891582066193223,0.8707030956588641
learned-seed-29,test-0237,237,1.0,False,True,False,True,12.796745692596208,False,False,False,False,True,True,True,True,False,True,0.0,1.0033343978880116,29,3.533283617622899,0.005463254172354937,True,0.0006247624169525737,0.02432944266899957,0.034067138920955344,22.625485939054485,0.29738145119270953,0.017416722528176477,0.2974263639112882,0.013269461936990313,0.7147993785557502,0.28520062144424985,True,0.0002449840249028057,1.071423654065222
learned-seed-47,test-0237,237,0.0,False,False,False,True,92.09258448273759,False,False,False,False,False,True,True,True,True,True,0.0,1.9864903401049943,47,8.101415898264955,0.012199112214148045,True,0.012451932942038014,0.07941413096054319,0.11126735283805739,19.136717737945787,0.6640345806833099,0.3471269319444343,0.6637265591481073,0.046893278327406585,0.363555991981417,0.6364440080185829,True,0.0008657550788484514,2.2716785645026873
analytic-oracle,test-0238,238,0.0,False,False,False,False,3.0018354905311885e-16,False,False,False,False,False,False,False,False,False,False,0.0,0.013601807037618832,,1.6135914130356556e-17,0.0,False,8.2798351508373e-15,0.0,0.0,120.0,0.0,1.5893559936485755e-13,0.0,0.0,1.0,0.0,False,0.0,0.0
persistence,test-0238,238,1.0,False,True,False,True,0.0,False,False,False,False,True,False,True,False,False,True,0.0,0.6081513441071316,,0.0,0.011812048964202404,True,0.00340093057889623,0.03786901648349962,0.038796174548384625,19.2767476143276,0.6212067988130201,0.06528257267301792,0.6175566667611524,0.016517098305633585,0.41325545288215565,0.5867445471178443,True,0.000320180639391765,0.8485987708286187
linear-extrapolation,test-0238,238,1.0,False,True,False,True,0.0,False,False,False,False,True,False,False,False,False,True,0.0,2.6724828383082238e-14,,0.0,0.0065878015011549,True,0.0014465711515711196,0.04972458120250396,0.07100725363105846,21.81259495150711,0.3464586960442199,0.027767660685323936,0.38164702840396175,0.01474054819121689,0.6373947122712206,0.3626052877287794,True,0.00028574257157742977,0.8485987708286187
learned-seed-11,test-0238,238,0.0,False,False,False,True,35.300030078185934,False,False,False,False,False,True,True,True,True,True,0.0,1.6469108132243038,11,5.646659417925517,0.015046345070004463,True,0.01766592129188284,0.10460053767020502,0.14039491446043934,18.225689823759073,0.7913014823338635,0.3391062427823655,0.787097207153229,0.04771541050923237,0.25217389884083635,0.7478261011591636,True,0.0009249536669813097,1.9062851535546388
learned-seed-29,test-0238,238,1.0,False,True,False,True,1.0332101887372664,False,False,False,False,True,True,True,True,False,True,0.0,0.297042185436636,29,0.5827064524925364,0.005630685016512871,True,0.000708527217250397,0.02513204720368571,0.03551164090872931,22.494387666416742,0.29612303714900695,0.013600536229108227,0.2945319075501238,0.01516968887210553,0.7201633469304113,0.2798366530695887,True,0.0002940613776445389,0.7018160437649551
learned-seed-47,test-0238,238,0.0,True,True,True,True,2.7910530762443,False,False,False,False,False,True,True,True,False,True,0.0,0.34270495624145464,47,0.8644005643562905,0.0039444053545594215,True,0.0005641165074340817,0.01540472827854935,0.021461423517267767,24.04018460312382,0.2074399988480108,0.010828500035001203,0.20635153014764918,0.017328844585949927,0.8039440886638762,0.19605591133612377,True,0.00033591617830097675,0.4922531396044081
analytic-oracle,test-0239,239,0.0,False,False,False,False,0.0,False,False,False,False,False,False,False,False,False,False,0.0,0.006935051949201969,,0.0,0.0,False,2.1250362580715887e-17,0.0,0.0,120.0,0.0,6.06787540347831e-16,0.0,0.0,1.0,0.0,False,0.0,0.0
persistence,test-0239,239,1.0,False,True,False,True,0.0,False,False,False,False,True,False,True,False,False,True,0.0,0.579215600800357,,0.0,0.008025550283491611,True,0.00199438426306644,0.028620555010015616,0.027596416710818635,20.95525179871312,0.48943347193111036,0.05694808815133817,0.4889789769748431,0.015507410068480932,0.5354568968417134,0.4645431031582866,True,0.00025664016720838845,0.861591206429844
linear-extrapolation,test-0239,239,1.0,False,True,False,True,0.0,False,False,False,False,True,False,False,False,True,True,0.0,3.24837155262638e-14,,0.0,0.0066247074864804745,True,0.0008430910578228954,0.05540332402252656,0.0744050641022375,21.78833293211838,0.4040038964437879,0.024073808026685045,0.4393877674952652,0.01623782844144962,0.5825698718893113,0.4174301281106887,True,0.0002687282394617796,0.861591206429844
learned-seed-11,test-0239,239,1.0,False,True,False,True,136.30708858544588,False,False,False,False,True,True,True,True,True,True,0.0,3.638935415054289,11,11.33408701690344,0.013237200677394867,True,0.003645261318847334,0.1213973920842852,0.15888731991814226,18.78203847139449,0.8072629112439585,0.10408759573804642,0.80703942674633,0.05956464467180757,0.23329096479517375,0.7667090352048263,True,0.0009857661789283156,4.004420433046055
learned-seed-29,test-0239,239,1.0,False,True,False,True,11.826687654650842,False,False,False,False,True,True,True,True,False,True,0.0,1.1348554993019566,29,3.4220051688362836,0.008471771143376827,True,0.0012088308854873867,0.036798022669502585,0.04814679740354502,20.720257847833686,0.5166459890778712,0.034517223737491234,0.5184780011585306,0.018163870483868517,0.5074320350793302,0.4925679649206698,True,0.000300603307550773,1.2841810917545424
learned-seed-47,test-0239,239,0.0,False,False,False,True,503.681409017195,False,False,False,False,False,True,True,True,True,True,0.0,2.6438413841122155,47,12.024272414270262,0.011917684227228165,True,0.013221626276214203,0.16051073611207628,0.21355560625792877,19.238081258913585,0.7267929752691343,0.37753323300105296,0.749246783131794,0.16056830057102145,0.2881955215728748,0.7118044784271251,True,0.0026573280338197947,4.339994149617224
analytic-oracle,test-0240,240,0.0,False,False,False,False,7.881178469642996e-16,False,False,False,False,False,False,False,False,False,False,0.0,0.024398691863264654,,0.0,0.0,False,0.0,0.0,0.0,120.0,0.0,0.0,0.0,0.0,1.0,0.0,False,0.0,0.0
persistence,test-0240,240,1.0,False,True,False,True,0.0,False,False,False,False,True,False,True,False,False,True,0.0,0.5934437196669737,,0.0,0.00917113944888115,True,0.00409768795228367,0.030110238421327352,0.029109815967558364,20.375767029756684,0.4779417353326627,0.10212038428541072,0.47589671183442983,0.014661067092080473,0.5433931502241061,0.45660684977589394,True,0.0002851301396731287,0.8750869514392061
linear-extrapolation,test-0240,240,1.0,False,True,False,True,0.0,False,False,False,False,True,False,False,False,True,True,0.0,2.606247160609297e-14,,0.0,0.007452214136719704,True,0.0009647609441132015,0.05541712388267065,0.07509712735846628,21.277146742991995,0.3883622287532587,0.024043255490328132,0.42521557698569945,0.014856503650754976,0.5920199903574273,0.40798000964257275,True,0.0002889310126192868,0.8750869514392061
learned-seed-11,test-0240,240,1.0,False,True,False,True,3.1149979615095456,False,False,False,False,True,True,True,True,False,True,0.0,0.8163194170139023,11,1.71157343568816,0.012969727627933025,True,0.0027627120644069508,0.04441108765198479,0.055335968018845307,18.870691442650163,0.6759001063976321,0.0688508302663568,0.6734315642939437,0.02353878515328995,0.3538651193309974,0.6461348806690026,True,0.00045778503408655524,1.0190889963115186
learned-seed-29,test-0240,240,1.0,False,True,False,True,6.524599427928369,False,False,False,False,True,True,True,True,False,True,0.0,1.0136678356236775,29,2.678286978358845,0.007174969185143709,True,0.0007651846795195989,0.0282964980085246,0.036518034880949964,21.44179959785717,0.3739139768204396,0.019069522723979455,0.37246284778675565,0.014613231922834391,0.6426344554243572,0.35736554457564285,True,0.00028419983573257923,1.1327740741358403
learned-seed-47,test-0240,240,0.0,False,True,False,True,53.99902288432296,False,False,False,False,False,True,True,True,True,True,0.0,1.4706442013284005,47,5.091007255059913,0.013191239908337593,True,0.00982210852201442,0.06173441695999761,0.08064422698748515,18.797143810995127,0.687443924293343,0.2447813275293743,0.6851560770682924,0.04433680142126406,0.3426158446251131,0.6573841553748869,True,0.0008622672758065164,1.7622421524317982
analytic-oracle,test-0241,241,0.0,False,False,False,False,0.0,False,False,False,False,False,False,False,False,False,False,0.0,0.02863735699605752,,0.0,0.0,False,0.0,0.0,0.0,120.0,0.0,0.0,0.0,0.0,1.0,0.0,False,0.0,0.0
persistence,test-0241,241,1.0,False,True,False,True,0.0,False,False,False,False,True,False,True,False,False,True,0.0,0.5168416271347992,,0.0,0.010692847892642021,True,0.004001432259995334,0.03253402671769149,0.03275669375838712,19.709066110363725,0.5259567914383629,0.0834588608974277,0.5266361823348897,0.01309796093262821,0.4978381115676882,0.5021618884323118,True,0.0002726892416831106,0.7339971515425626
linear-extrapolation,test-0241,241,1.0,False,True,False,True,0.0,False,False,False,False,True,False,False,False,False,True,0.0,2.8092039971712573e-14,,0.0,0.007002349477261305,True,0.0014880436032203288,0.04783115163527786,0.06704217618624844,21.54756218012773,0.3444295944885515,0.031036492940809478,0.3857053013082191,0.011960359364529494,0.6322195303319983,0.3677804696680017,True,0.0002490052720531821,0.7339971515425626
learned-seed-11,test-0241,241,1.0,False,True,False,True,228.79997869883067,False,False,False,False,True,True,True,True,True,True,0.0,4.361081390856265,11,14.801147669745552,0.017089582979679108,True,0.006778268495987569,0.1329807163386929,0.177244907881496,17.67268534811967,0.8405975958188632,0.14137602007854622,0.8389093002437242,0.061034956782673344,0.20007722111669887,0.7999227788833011,True,0.00127069978043437,4.678752913767535
learned-seed-29,test-0241,241,1.0,False,True,False,True,16.164308413259437,False,False,False,False,True,True,True,True,False,True,0.0,1.1568191433086543,29,4.0540867917518115,0.010050402954220772,True,0.0025075797662782503,0.038334575139787934,0.05179283876588315,19.978165255781878,0.49435639069569715,0.052301210492881056,0.4977970788617038,0.014719127916755762,0.5253369791855246,0.4746630208144754,True,0.0003064406628254801,1.3199241117801468
learned-seed-47,test-0241,241,0.0,False,False,False,True,2688.0991965951057,False,False,False,False,False,True,True,True,True,True,0.0,4.953732158760838,47,27.762964814273147,0.012893294915556908,True,0.02028557775219444,0.31167567290651466,0.43508480614125106,18.89636083361426,0.6341917600381503,0.42310130519273714,0.7234556333355076,0.15080742276932657,0.31016542497694527,0.6898345750230548,True,0.0031396918930113316,8.977064848378046
analytic-oracle,test-0242,242,0.0,False,False,False,False,2.3203384753951083e-16,False,False,False,False,False,False,False,False,False,False,0.0,0.010470326604161966,,0.0,0.0,False,0.0,0.0,0.0,120.0,0.0,0.0,0.0,0.0,1.0,0.0,False,0.0,0.0
persistence,test-0242,242,1.0,False,True,False,True,0.0,False,False,False,False,True,False,True,False,False,True,0.0,0.4891189018640814,,0.0,0.012655986472964287,True,0.0104445585387708,0.03412050108304831,0.03487696020870096,18.977039980309836,0.509368771232348,0.15612745792421767,0.506701782200823,0.011541729522743358,0.5107595999822346,0.48924040001776536,True,0.00028821034356951714,0.6805371422026631
linear-extrapolation,test-0242,242,1.0,False,True,False,True,0.0,False,False,False,False,True,False,False,False,False,True,0.0,2.257584785252939e-14,,0.0,0.007485941983759403,True,0.0012742012491271373,0.0438065128664698,0.0629123143719525,21.257535430018248,0.3012886492830667,0.019047028284787167,0.3466285910935001,0.009537523665200985,0.6653165303117756,0.3346834696882244,True,0.0002381630038144067,0.6805371422026631
learned-seed-11,test-0242,242,1.0,False,True,False,True,18.16684246115635,False,False,False,False,True,True,True,True,False,True,0.0,0.7806215030011436,11,3.1344163282104995,0.013652962632477283,True,0.005447596397350158,0.04568568880255319,0.06112061523549055,18.647730984160837,0.5494943293944007,0.08143181678366107,0.5473034874981955,0.03023799121352607,0.4715570646076556,0.5284429353923443,True,0.0007550776354037225,1.0760002376844822
learned-seed-29,test-0242,242,1.0,False,True,False,True,8.756151468702994,False,False,False,False,True,True,True,True,False,True,0.0,0.8606386332593726,29,3.1199922065148398,0.007198671344667673,True,0.0010502699029402637,0.02454946918681343,0.033905348609035886,21.42747653697449,0.2897267933378293,0.015699655420733198,0.28857692221218895,0.011476498938408604,0.7213676884147388,0.27863231158526125,True,0.00028658146038651466,0.9625433921204672
learned-seed-47,test-0242,242,0.0,False,False,False,True,109.13001278453845,False,False,False,False,False,True,True,True,True,True,0.0,1.923054681846554,47,8.955928689769568,0.016235074028372765,True,0.021563930514389817,0.08001498316926325,0.1113107690649425,17.895457267459875,0.653417236685899,0.3223421690412942,0.6508656503713616,0.04314917373101339,0.37156374354471183,0.6284362564552881,True,0.001077484805136919,2.2360803867682137
analytic-oracle,test-0243,243,0.0,False,False,False,False,8.817049429274073e-16,False,False,False,False,False,False,False,False,False,False,0.0,0.006193986785952329,,0.0,0.0,False,0.0,0.0,0.0,120.0,0.0,0.0,0.0,0.0,1.0,0.0,False,0.0,0.0
persistence,test-0243,243,1.0,False,True,False,True,0.0,False,False,False,False,True,False,True,False,False,True,0.0,0.4694209861863676,,0.0,0.012097325176000595,True,0.0009111001485142734,0.03237923996664919,0.03363323510876718,19.1731064536291,0.4847713241059589,0.011048520584534989,0.48340900801446246,0.009840555354744394,0.5314500939435028,0.46854990605649716,True,0.00024218860198743641,0.6421673024084319
linear-extrapolation,test-0243,243,1.0,False,True,False,True,0.0,False,False,False,False,True,False,False,False,False,True,0.0,1.8881993493598026e-14,,0.0,0.006729865912348032,True,0.0019954890443247904,0.03759280710099921,0.05495825276300686,21.719935886894657,0.2696832532745958,0.02419843945628674,0.3145219168314099,0.007735765531753126,0.6951459072114403,0.3048540927885597,True,0.00019038704340346158,0.6421673024084319
learned-seed-11,test-0243,243,1.0,False,True,False,True,25.086026076032905,False,False,False,False,True,True,True,True,False,True,0.0,1.4138053646674391,11,4.379140831546825,0.010647952556610107,True,0.002221988753800324,0.03356539177838078,0.04738568727178677,19.72733892586756,0.4266911887369653,0.02694510425116403,0.42456913899209286,0.017252199516055194,0.5884813338371191,0.4115186661628809,True,0.0004245986056048423,1.667099250866111
learned-seed-29,test-0243,243,1.0,False,True,False,True,2.600594395949457,False,False,False,False,True,True,True,True,False,True,0.0,0.2358880957940014,29,0.9948050518219012,0.0067597124725580215,True,0.00016678575188982403,0.02421619725237911,0.03481388555879912,21.700717765786518,0.27087928266973094,0.0020225392520973754,0.2695119042801621,0.010870724415667903,0.7387723949326993,0.2612276050673007,True,0.0002675423747859895,0.5848483756474572
learned-seed-47,test-0243,243,0.0,False,True,False,True,4.083987702086283,False,False,False,False,False,True,True,True,False,True,0.0,0.41753879975627994,47,1.6875763857414021,0.008528425358235836,True,0.002143103604992761,0.025183628644563614,0.035477108453697684,20.691311471861916,0.34175621414664203,0.025988497898025223,0.34031495866595823,0.01739362900670298,0.6701456959449441,0.3298543040550559,True,0.00042807936551980674,0.6177695817059391
analytic-oracle,test-0244,244,0.0,False,False,False,False,8.524674235262302e-16,False,False,False,False,False,False,False,False,False,False,0.0,0.00868814919891165,,0.0,0.0,False,7.034303695085953e-16,0.0,0.0,120.0,0.0,1.2454788922615663e-14,0.0,0.0,1.0,0.0,False,0.0,0.0
persistence,test-0244,244,1.0,False,True,False,True,0.0,False,False,False,False,True,False,True,False,False,True,0.0,0.5103653917465462,,0.0,0.01112030167132616,True,0.007385500835018001,0.031188602604749868,0.03167025399990337,19.53883431061946,0.48425992303645377,0.13076611129572072,0.4825733280391214,0.010497165261533607,0.5440544772475059,0.4559455227524941,True,0.0002488103345967829,0.7146820305850382
linear-extrapolation,test-0244,244,1.0,False,True,False,True,0.0,False,False,False,False,True,False,False,False,False,True,0.0,1.3586777706281753e-14,,0.0,0.006993237417191267,True,0.0010258386539736888,0.041440481556868275,0.059183100963314264,21.553217274117262,0.30453711720401794,0.018163281623493146,0.35177985112266413,0.00855146521505907,0.667630930276124,0.33236906972387603,True,0.00020269214292056859,0.7146820305850382
learned-seed-11,test-0244,244,1.0,False,True,False,True,17.05159010599046,False,False,False,False,True,True,True,True,False,True,0.0,0.6470317766275681,11,3.0953761244557114,0.011469608172774315,True,0.0047335390058469455,0.04421691588408105,0.06073487693855134,19.404514183069807,0.49947130349239816,0.0838110376382766,0.4980210501921901,0.02647976634718632,0.5294591414857143,0.47054085851428573,True,0.0006276398780755699,1.0194679279876966
learned-seed-29,test-0244,244,1.0,False,True,False,True,9.770970999120054,False,False,False,False,True,True,True,True,False,True,0.0,0.8387985626023532,29,3.226226491718791,0.006366444285959005,True,0.0009122478320702006,0.024437935022148385,0.03410442782941983,21.961030571684198,0.2772419230212045,0.016152066623858295,0.2769352330498194,0.01044803311495383,0.7383457139776954,0.26165428602230456,True,0.0002476457739248872,0.9687211224127978
learned-seed-47,test-0244,244,0.0,False,False,False,True,78.97476424171583,False,False,False,False,False,True,True,True,True,True,0.0,1.7225546814990595,47,6.795128402631507,0.015012561343610287,True,0.01780708322455479,0.07346665548613653,0.10184503354157902,18.23545204992067,0.6537576061971861,0.31528843863283074,0.6517125963377868,0.03967199450651178,0.3842481066472693,0.6157518933527306,True,0.0009403302683494985,2.0494290097162384
analytic-oracle,test-0245,245,0.0,False,False,False,False,3.8563485815026133e-16,False,False,False,False,False,False,False,False,False,False,0.0,0.009349556782399793,,0.0,0.0,False,0.0,0.0,0.0,120.0,0.0,0.0,0.0,0.0,1.0,0.0,False,0.0,0.0
persistence,test-0245,245,1.0,False,True,False,True,0.0,False,False,False,False,True,False,True,False,False,True,0.0,0.5365583689081492,,0.0,0.012106231413781643,True,0.004686710312003627,0.03623304972289507,0.037476931383930066,19.169910286914465,0.5693680274797094,0.07984492917339851,0.5695864142604111,0.01357169544405911,0.44808391160088584,0.5519160883991141,True,0.0002844934933818877,0.7372400473236388
linear-extrapolation,test-0245,245,1.0,False,True,False,True,0.0,False,False,False,False,True,False,False,False,False,True,0.0,1.3535511764879733e-14,,0.0,0.006429219618439674,True,0.0016736585375536272,0.04317791036463317,0.06283308886829439,21.918417387357234,0.30237255238799227,0.028513208305015393,0.34371615818966617,0.011120685473720483,0.6669469762653416,0.3330530237346584,True,0.0002331147697987035,0.7372400473236388
learned-seed-11,test-0245,245,1.0,False,True,False,True,106.50089471458637,False,False,False,False,True,True,True,True,True,True,0.0,2.798859813742228,11,9.963303838272653,0.015879424288868904,True,0.00604679057336857,0.10093746120537617,0.14120326996322172,17.99165247041149,0.746825017286073,0.1030158752975244,0.7459735363056115,0.05059184460216966,0.2771688616526335,0.7228311383473665,True,0.0010605197167024016,3.1211450069688347
learned-seed-29,test-0245,245,1.0,False,True,False,True,12.493911248376461,False,False,False,False,True,True,True,True,False,True,0.0,1.2824638007789233,29,3.430666277949581,0.008962716907262802,True,0.002655351147921678,0.04387593120889122,0.0630931587479876,20.47560320809508,0.42152543363229866,0.045237770252898185,0.42114190542364627,0.018676720423553124,0.5919232143130072,0.4080767856869928,True,0.0003915063862223178,1.5196888425958786
learned-seed-47,test-0245,245,1.0,False,True,False,True,6.303772390294103,False,False,False,False,True,True,True,True,True,True,0.0,0.45399928738717804,47,1.0378103296529693,0.014269888401031494,True,0.0014825682897031847,0.052275477573702656,0.06907526685167255,18.45579423311823,0.6711269538430972,0.02525770790289582,0.6704548687959753,0.024518636922183704,0.3503447073707091,0.6496552926292909,True,0.0005139661952853203,1.0253687565262828
analytic-oracle,test-0246,246,0.0,False,False,False,False,5.145710799327239e-16,False,False,False,False,False,False,False,False,False,False,0.0,0.028755057198173756,,0.0,0.0,False,1.3140530330524314e-16,0.0,0.0,120.0,0.0,4.2499571254448054e-15,0.0,0.0,1.0,0.0,False,0.0,0.0
persistence,test-0246,246,1.0,False,True,False,True,0.0,False,False,False,False,True,False,True,False,False,True,0.0,0.46449648061854004,,0.0,0.010720734484493732,True,0.004234719526802285,0.0421935545117262,0.04560976411848965,19.69775459826498,0.7229658598961333,0.13696080732287705,0.7236432705167323,0.017112480370910763,0.3156267229894937,0.6843732770105063,True,0.000252100988291204,0.6049970033814893
linear-extrapolation,test-0246,246,1.0,False,True,False,True,0.0,False,False,False,False,True,False,False,False,False,True,0.0,2.199720424955557e-14,,0.0,0.004250397440046072,True,0.0004634563119287915,0.03807028753448398,0.05845739653016659,23.715704586676303,0.28663075693067536,0.014989269121344108,0.3192210231174335,0.013059969356810693,0.6981021636178221,0.30189783638217793,True,0.0001923994132084772,0.6049970033814893
learned-seed-11,test-0246,246,0.0,False,False,False,True,250.52079329230372,False,False,False,False,False,True,True,True,True,True,0.0,3.505610641671038,11,15.416081223802712,0.012178261764347553,True,0.008439432143696732,0.12439673678707865,0.17660973140490824,19.144146952847873,0.8212559970808293,0.27295112047719566,0.8201044639840357,0.06746890954561661,0.2244001949925938,0.7755998050074062,True,0.000993951689451933,3.70969924180912
learned-seed-29,test-0246,246,1.0,False,True,False,True,13.746603896390154,False,False,False,False,True,True,True,True,False,True,0.0,0.8724693966280582,29,3.7182155501489436,0.0045577059499919415,True,0.00031824444944092466,0.020284040539179152,0.029359576566712547,23.412536976759093,0.3073544826667956,0.010292775340983901,0.30705528791490816,0.022115399052114126,0.7096077001259541,0.2903922998740459,True,0.00032580396509729326,1.0035804764119252
learned-seed-47,test-0246,246,0.0,False,True,False,True,57.148455131501194,False,False,False,False,False,True,True,True,True,True,0.0,2.0105455024709644,47,6.250750727108204,0.0090008694678545,True,0.0067932468736697825,0.05989878219237928,0.08813503036219911,20.457155364659165,0.6069846561401503,0.2197096101105881,0.6066363764777382,0.05151188634599289,0.42628399677179146,0.5737160032282085,True,0.0007588728913106024,2.064753081601252
analytic-oracle,test-0247,247,0.0,False,False,False,False,5.443874926028533e-16,False,False,False,False,False,False,False,False,False,False,0.0,0.033365222120027405,,0.0,0.0,False,0.0,0.0,0.0,120.0,0.0,0.0,0.0,0.0,1.0,0.0,False,0.0,0.0
persistence,test-0247,247,1.0,False,True,False,True,0.0,False,False,False,False,True,False,True,False,False,True,0.0,0.6386545982629381,,0.0,0.008776364848017693,True,0.002059439892243185,0.029937761037722593,0.028432419421447228,20.566853307173897,0.4832745878456586,0.040847568400434214,0.4804716409610582,0.017155586827346535,0.5425264668511932,0.4574735331488068,True,0.0003155811282340437,0.961619939690509
linear-extrapolation,test-0247,247,1.0,False,True,False,True,0.0,False,False,False,False,True,False,False,False,True,True,0.0,2.7753355080754716e-14,,0.0,0.0077505409717559814,True,0.0014658491711620986,0.0631826093702434,0.08389636816958916,21.106679835776774,0.4267871218403466,0.029074106270003845,0.45993162337667814,0.019126179237999207,0.5620833222703179,0.4379166777296821,True,0.0003518306475598365,0.961619939690509
learned-seed-11,test-0247,247,0.0,False,True,False,True,2.911336487961905,False,False,False,False,False,True,True,True,True,True,0.0,0.7457008976850428,11,1.8503782618233422,0.013745768927037716,True,0.011208982495382443,0.05995801677234257,0.07542730435239119,18.61830961063939,0.7569171209121115,0.2223224289788297,0.753690580988827,0.026482147419128382,0.28238534058687387,0.7176146594131261,True,0.0004871454439125955,0.9490023918539469
learned-seed-29,test-0247,247,1.0,False,True,False,True,1.113198503054413,False,False,False,False,True,True,True,True,False,True,0.0,0.30869724359891293,29,0.8789391360293336,0.006874580401927233,True,0.000650142539036356,0.035641535284706455,0.0470805474302187,21.62753804361524,0.3785519480885793,0.012895128395514066,0.37674730260503875,0.020434497650282723,0.641285967924632,0.358714032075368,True,0.0003758974780794233,0.8404556758497691
learned-seed-47,test-0247,247,0.0,False,True,False,True,2.241328875069371,False,False,False,False,False,True,True,True,False,True,0.0,0.28591838571963507,47,0.6461243903734478,0.005682941991835833,True,0.0012338726318268708,0.020875406105906758,0.027368749439895226,22.454267769579403,0.3129338281185495,0.024473011771697983,0.31146934236484897,0.019217959136051725,0.7034393533941551,0.2965606466058449,True,0.00035351896076463163,0.5303554889893214
analytic-oracle,test-0248,248,0.0,False,False,False,False,0.0,False,False,False,False,False,False,False,False,False,False,0.0,0.025415928197890996,,0.0,0.0,False,1.81603863891322e-18,0.0,0.0,120.0,0.0,4.7147077124203134e-17,0.0,0.0,1.0,0.0,False,0.0,0.0
persistence,test-0248,248,1.0,False,True,False,True,0.0,False,False,False,False,True,False,True,False,False,True,0.0,0.4423079721555021,,0.0,0.008822716772556305,True,0.000390781832144498,0.03092735277251818,0.03170546853872649,20.54397662299987,0.54364514467772,0.010145280383395221,0.5485197597521129,0.0113211422508443,0.4836789964759645,0.5163210035240355,True,0.00018764490960165858,0.6112298952371152
linear-extrapolation,test-0248,248,1.0,False,True,False,True,0.0,False,False,False,False,True,False,False,False,False,True,0.0,2.578741232457636e-14,,0.0,0.005019795149564743,True,0.0007520840879043837,0.03842964361531696,0.05558025455564496,22.993140054105375,0.3093137103557889,0.019525226906809415,0.35144811809795423,0.009601305549861707,0.6691823005519894,0.33081769944801065,True,0.0001591390755493194,0.6112298952371152
learned-seed-11,test-0248,248,0.0,False,False,False,True,173.56992586253506,False,False,False,False,False,True,True,True,True,True,0.0,2.3598240023903747,11,11.035181881097879,0.01122062373906374,True,0.010888522839352774,0.11630444087443184,0.16416336659328665,19.49983000575019,0.6914012739219025,0.28268232573665175,0.6968772575698137,0.10252338261359341,0.3440302585924518,0.6559697414075483,True,0.0016992976889014244,2.5071638875044573
learned-seed-29,test-0248,248,0.0,False,True,False,True,83.54732016440161,False,False,False,False,False,True,True,True,True,True,0.0,2.4239349627259674,29,8.285689391600508,0.009145066142082214,True,0.008897487623129238,0.07000703113464588,0.10024494521352996,20.388131491227806,0.5635079232469916,0.23099207593421833,0.5638592633004482,0.04797593443360965,0.4692399398607275,0.5307600601392726,True,0.0007951883017085493,2.716164260902212
learned-seed-47,test-0248,248,0.0,False,True,False,True,86.4447218498893,False,False,False,False,False,True,True,True,False,True,0.0,1.7310100601563112,47,5.200497121913863,0.00949347484856844,True,0.0043252803811138505,0.041998038579793444,0.058571084414535825,20.225747958614832,0.5849764466652947,0.11229074279730786,0.5850993424009523,0.029951665546252105,0.4492466784309874,0.5507533215690126,True,0.0004964408581145108,1.8860642667821137
analytic-oracle,test-0249,249,0.0,False,False,False,False,1.9083083893040417e-16,False,False,False,False,False,False,False,False,False,False,0.0,0.010573416563162342,,0.0,0.0,False,1.734723475976807e-17,0.0,0.0,120.0,0.0,4.637120870408442e-16,0.0,0.0,1.0,0.0,False,0.0,0.0
persistence,test-0249,249,1.0,False,True,False,True,0.0,False,False,False,False,True,False,True,False,False,True,0.0,0.5393439820766699,,0.0,0.010117883794009686,True,0.003596796133652778,0.035862044133287425,0.03613379283501167,19.949103128608545,0.6165221077529507,0.09614661154322604,0.6155765240034559,0.01787119521883936,0.4154371103337116,0.5845628896662884,True,0.00029637376428581774,0.7674134865386372
linear-extrapolation,test-0249,249,1.0,False,True,False,True,0.0,False,False,False,False,True,False,False,False,True,True,0.0,2.1733655027920893e-14,,0.0,0.0060839299112558365,True,0.001166336463139349,0.05293546697468307,0.07407813785678853,22.158157977962528,0.37071756986667365,0.031177552100033673,0.4038162672240892,0.01727914631349384,0.6165285795378342,0.38347142046216576,True,0.00028655529604293406,0.7674134865386372
learned-seed-11,test-0249,249,1.0,False,False,False,True,39.44094458382834,False,False,False,False,True,True,True,True,True,True,0.0,1.5279266496836703,11,6.094271923699811,0.01337278913706541,True,0.011863866373095175,0.1019508710870954,0.13510528060954644,18.737780033208114,0.8148561807164235,0.31713516951996373,0.8146340754157415,0.05092916438804354,0.22640836585415725,0.7735916341458428,True,0.0008446031715720892,1.8000146503732692
learned-seed-29,test-0249,249,1.0,False,True,False,True,3.7729778587353975,False,False,False,False,True,True,True,True,False,True,0.0,0.4511896132712977,29,2.1113836589544643,0.006992320995777845,True,0.0009935873757364426,0.036098152432939165,0.049795661460659627,21.55378642802841,0.4260693803337075,0.026559764829420063,0.4260454668122959,0.026404938931776985,0.5954193191298174,0.4045806808701826,True,0.00043789634946733713,0.8484481024975834
learned-seed-47,test-0249,249,0.0,False,True,False,True,3.5856036336063846,False,False,False,False,False,True,True,True,False,True,0.0,0.2668742422126006,47,0.8644980149369488,0.005991905461996794,True,0.0002464171216368849,0.02219576753744217,0.029610418917588366,22.224350473875308,0.36511016138313485,0.00658702089060592,0.36510345106583614,0.033570541791717166,0.6532909881063279,0.3467090118936721,True,0.000556729850359261,0.6810544174791867
analytic-oracle,test-0250,250,0.0,False,False,False,False,4.777330354406808e-16,False,False,False,False,False,False,False,False,False,False,0.0,0.015782193990431573,,0.0,0.0,False,0.0,0.0,0.0,120.0,0.0,0.0,0.0,0.0,1.0,0.0,False,0.0,0.0
persistence,test-0250,250,1.0,False,True,False,True,0.0,False,False,False,False,True,False,True,False,False,True,0.0,0.4820726334418855,,0.0,0.013976452872157097,True,0.007834162087471045,0.03804996655090675,0.04042963118748409,18.54603035565742,0.5892859302549678,0.11806098013017043,0.5903715837153445,0.011952867450864877,0.4388601586172535,0.5611398413827464,True,0.0002891802869271487,0.6451501832792578
linear-extrapolation,test-0250,250,1.0,False,True,False,True,0.0,False,False,False,False,True,False,False,False,False,True,0.0,3.0036115497298757e-14,,0.0,0.00660267798230052,True,0.002051394239429086,0.03971647401881697,0.05910891255215391,21.802798830874643,0.27838717538446844,0.030914552422614597,0.3232286850755432,0.008994854974388167,0.6927757058830645,0.3072242941169355,True,0.0002176159614464268,0.6451501832792578
learned-seed-11,test-0250,250,1.0,False,True,False,True,48.73573871930935,False,False,False,False,True,True,True,True,False,True,0.0,2.500406415311808,11,6.949405772135702,0.012354247272014618,True,0.003313466500896531,0.046380285598675075,0.0650360332050936,19.081837104455673,0.5208892530086873,0.0499340067714391,0.5551235388435443,0.021821434062455562,0.47236292679579567,0.5276370732042044,True,0.0005279342876747251,2.60140751834114
learned-seed-29,test-0250,250,0.0,False,False,False,True,9161.596515525267,False,False,False,False,False,True,True,True,True,True,0.0,11.2794866044867,29,64.96492620881857,0.012336933985352516,True,0.02832118143057604,0.4723666722123211,0.7009152046553738,19.08792759159348,0.5201592769317979,0.42680077343377376,0.6568470417169113,0.13178686811628826,0.37567617587185387,0.6243238241281461,True,0.0031883700285106897,14.564424350166156
learned-seed-47,test-0250,250,0.0,True,True,True,True,34.54984144600915,False,False,False,False,False,True,True,True,False,True,0.0,1.6881566705504925,47,5.873474552479607,0.005603122524917126,True,0.0006919133667998975,0.017467125983900298,0.02321232874175268,22.515698805997886,0.23624315122229958,0.010427148345603328,0.2362915896434961,0.015999478692016143,0.775408185640995,0.224591814359005,True,0.00038708149804733694,1.736505576506187
analytic-oracle,test-0251,251,0.0,False,False,False,False,1.4360869981477378e-16,False,False,False,False,False,False,False,False,False,False,0.0,0.018613393754463067,,3.156715906908281e-17,0.0,False,6.136584296267955e-16,0.0,0.0,120.0,0.0,9.343554917570788e-15,0.0,0.0,1.0,0.0,False,0.0,0.0
persistence,test-0251,251,1.0,False,True,False,True,0.0,False,False,False,False,True,False,True,False,False,True,0.0,0.6217270198625268,,0.0,0.011712562292814255,True,0.004467901874710061,0.0347003051216302,0.03450327058794086,19.313480863194435,0.5337090152803202,0.06802821328154715,0.533470737581131,0.014837877111802147,0.49659446518171135,0.5034055348182886,True,0.00034049610258080065,0.8909895672672887
linear-extrapolation,test-0251,251,1.0,False,True,False,True,0.0,False,False,False,False,True,False,False,False,True,True,0.0,2.5648124246554784e-14,,0.0,0.007962115108966827,True,0.00257917538942741,0.05327666382605133,0.07424992796575666,20.98971548074736,0.36281152732586247,0.03927048946075417,0.40332507491127545,0.013866977649814078,0.6194054130092582,0.3805945869907418,True,0.0003182161308359355,0.8909895672672887
learned-seed-11,test-0251,251,1.0,False,True,False,True,10.508113101506167,False,False,False,False,True,True,True,True,False,True,0.0,1.253331271576347,11,3.0014286460200577,0.010817848145961761,True,0.0013416069337267153,0.033569233778829054,0.04475700263381151,19.658591191995317,0.49293937031826307,0.020427288957299703,0.4920832078983281,0.0217457970937794,0.5356494874107621,0.4643505125892379,True,0.0004990174202248454,1.3101979559329762
learned-seed-29,test-0251,251,0.0,False,True,False,True,14.718199523353265,False,False,False,False,False,True,True,True,False,True,0.0,0.8250761260309455,29,2.823694237894663,0.007541653234511614,True,0.00221112278456682,0.026863534046481164,0.03707805088113267,21.225334403473074,0.3436522445516668,0.03366652549636876,0.3427050791637366,0.03605333045400129,0.6766090030662127,0.32339099693378726,True,0.000827343319542706,1.028651918969276
learned-seed-47,test-0251,251,0.0,False,True,False,True,283.7513036712994,False,False,False,False,False,True,True,True,True,True,0.0,3.246478269241475,47,9.483437099714289,0.013582536019384861,True,0.01101412175367416,0.06910887986247642,0.0942601267764081,18.670191345917313,0.6189185374375995,0.16770086827757308,0.6176465538540541,0.06489765370693978,0.4171626073036727,0.5828373926963273,True,0.0014892560429871082,4.259724789933356
analytic-oracle,test-0252,252,0.0,False,False,False,False,3.3978284969800255e-16,False,False,False,False,False,False,False,False,False,False,0.0,0.03575307271578092,,0.0,0.0,False,0.0,0.0,0.0,120.0,0.0,0.0,0.0,0.0,1.0,0.0,False,0.0,0.0
persistence,test-0252,252,1.0,False,True,False,True,0.0,False,False,False,False,True,False,True,False,False,True,0.0,0.5716160147010841,,0.0,0.008169624023139477,True,0.002288649062269243,0.027099774972702783,0.025715417458653318,20.877979298119026,0.4329077130911734,0.04767427556784707,0.43312931361986995,0.013621131556939163,0.5929299204662243,0.4070700795337757,True,0.0002658143057487905,0.8587566018251036
linear-extrapolation,test-0252,252,1.0,False,True,False,True,0.0,False,False,False,False,True,False,False,False,True,True,0.0,2.7035701343313486e-14,,0.0,0.007748361676931381,True,0.0016447587932589551,0.05647896694603186,0.07518132985344901,21.10790115543334,0.4105850555990006,0.03426155859593399,0.4499012922445145,0.014383191073474218,0.5771670282814095,0.42283297171859047,True,0.0002806857810355723,0.8587566018251036
learned-seed-11,test-0252,252,1.0,False,True,False,True,27.74481311088317,False,False,False,False,True,True,True,True,True,True,0.0,2.223960453435739,11,5.209157028315178,0.008999979123473167,True,0.002313123464350213,0.053802152562172176,0.07129570780439626,20.457584979574438,0.4769081623800149,0.04818409570952032,0.5259736817960694,0.01665579518627265,0.5056715356160172,0.4943284643839828,True,0.00032503530383110046,2.434824336307977
learned-seed-29,test-0252,252,0.0,False,False,False,True,1318.6230801906845,False,False,False,False,False,True,True,True,True,True,0.0,5.295243975618999,29,24.029422028880315,0.010953962802886963,True,0.017879484645215576,0.20803307752783853,0.276567297112684,19.604287381679022,0.5804495987639424,0.37244306785153597,0.6500782244417952,0.13844979418636372,0.3890337453379018,0.6109662546620982,True,0.0027018266264349222,6.844844948137765
learned-seed-47,test-0252,252,0.0,False,True,False,True,2.6759791011165186,False,False,False,False,False,True,True,True,False,True,0.0,0.7634672348113737,47,1.8783622699561133,0.006536371074616909,True,0.000837583760539396,0.026456265987728114,0.03492637810180695,21.846633005570443,0.3463617720733624,0.017447497595597373,0.34556284738591,0.012408113500832398,0.6752279484533896,0.3247720515466104,True,0.00024214244331233203,0.9290870152967965
analytic-oracle,test-0253,253,0.0,False,False,False,False,8.639068410483725e-16,False,False,False,False,False,False,False,False,False,False,0.0,0.004069125045735326,,4.470107348783436e-17,0.0,False,2.0686577451023425e-16,0.0,0.0,120.0,0.0,2.2792900184024316e-15,0.0,0.0,1.0,0.0,False,0.0,0.0
persistence,test-0253,253,1.0,False,True,False,True,0.0,False,False,False,False,True,False,True,False,False,True,0.0,0.4390533426202518,,0.0,0.011052620597183704,True,0.004453399776358245,0.02926421146686411,0.02931230791387895,19.56534737728971,0.428668877208721,0.049068482605404556,0.42788280290951486,0.00962567972639209,0.5933048033979526,0.40669519660204745,True,0.00025160476798191667,0.6252349640264377
linear-extrapolation,test-0253,253,1.0,False,True,False,True,0.0,False,False,False,False,True,False,False,False,False,True,0.0,1.8325766407714247e-14,,0.0,0.007986597716808319,True,0.0035771827143226253,0.04308516607293028,0.06042172914782313,20.9763819033531,0.3097551251197674,0.039414141242363435,0.3603534387425767,0.00816008093206691,0.6574902949613796,0.34250970503862044,True,0.00021329561423044652,0.6252349640264377
learned-seed-11,test-0253,253,0.0,False,True,False,True,28.177299975204466,False,False,False,False,False,True,True,True,False,True,0.0,1.2668873393999391,11,4.783242883989317,0.0076363892294466496,True,0.0006539668201657918,0.02035213753413973,0.0243030166973736,21.171119435716157,0.29617251113729304,0.007205542091722496,0.29573899439494883,0.01786736223047882,0.718905205700028,0.281094794299972,True,0.0004670333582907915,1.461040047193867
learned-seed-29,test-0253,253,1.0,False,True,False,True,10.582115069179226,False,False,False,False,True,True,True,True,False,True,0.0,0.6833000751539445,29,3.3380407690530594,0.008758775889873505,True,0.0017291651492406636,0.027077742315932938,0.03646706578299952,20.575565857749393,0.3397035656314482,0.01905230033418897,0.339263138903948,0.014707251347160524,0.6775362598399473,0.32246374016005275,True,0.00038443150697275996,0.8434548587592231
learned-seed-47,test-0253,253,0.0,False,True,False,True,3.9425594710877996,False,False,False,False,False,True,True,True,True,True,0.0,0.37932356532659695,47,1.8729163454552011,0.015582430176436901,True,0.01316395672911061,0.050293857690082926,0.0685763473197632,18.073648104687635,0.6043546676720758,0.14504320613876573,0.6038578167966463,0.023355941295012835,0.4260435992008546,0.5739564007991453,True,0.0006104988278821111,0.5840232952446976
analytic-oracle,test-0254,254,0.0,False,False,False,False,7.363640688156644e-16,False,False,False,False,False,False,False,False,False,False,0.0,0.01153116748987766,,0.0,0.0,False,0.0,0.0,0.0,120.0,0.0,0.0,0.0,0.0,1.0,0.0,False,0.0,0.0
persistence,test-0254,254,1.0,False,True,False,True,0.0,False,False,False,False,True,False,True,False,False,True,0.0,0.5491282900938131,,0.0,0.007893593050539494,True,0.0024538995774846663,0.02931097696474029,0.028785653053039404,21.02725267155197,0.5043461325204462,0.07598826308260216,0.504646125875624,0.013684308462609344,0.5220169773929405,0.4779830226070595,True,0.0002182084135711193,0.7956489118136362
linear-extrapolation,test-0254,254,1.0,False,True,False,True,0.0,False,False,False,False,True,False,False,False,False,True,0.0,2.359201036866843e-14,,0.0,0.00578214880079031,True,0.0004398636942184791,0.04799085315720811,0.0662336698544912,22.37910736164046,0.3694394132893662,0.013620964127236344,0.4061355614302303,0.013493473131623588,0.6153227117243714,0.38467728827562864,True,0.00021516537526622415,0.7956489118136362
learned-seed-11,test-0254,254,1.0,False,True,False,True,30.163323258501993,False,False,False,False,True,True,True,True,False,True,0.0,2.314999895146669,11,5.428149362856115,0.008196054957807064,True,0.0005672734297363267,0.04457754326311197,0.06096933227999402,20.86395138143912,0.5236713614989951,0.0175663759895013,0.5228620506490087,0.020691754877009166,0.5047634955245169,0.49523650447548306,True,0.00032994835055433214,2.5070724945587886
learned-seed-29,test-0254,254,0.0,False,True,False,True,89.43825785751692,False,False,False,False,False,True,True,True,False,True,0.0,2.269788371174812,29,9.242238020534312,0.0065222252160310745,True,0.0008102538721443549,0.024140911127354964,0.031400137003427184,21.85604208843341,0.4167251899194099,0.025090588451591626,0.41584742670792973,0.024688055652443287,0.6061239752582335,0.39387602474176653,True,0.00039367290446534753,2.2777299743532615
learned-seed-47,test-0254,254,0.0,False,True,False,True,5.471808747357838,False,False,False,False,False,True,True,True,False,True,0.0,0.8070588276100958,47,2.5007194339886603,0.005624275654554367,True,0.0001397845577189396,0.021650961501221123,0.027571361842313676,22.49933402014173,0.35935240852193767,0.004328614685088246,0.3589834458059092,0.023871844849047096,0.6599835336207537,0.3400164663792463,True,0.0003806577005889267,1.1282684832526098
analytic-oracle,test-0255,255,0.0,False,False,False,False,1.4122505472793362e-16,False,False,False,False,False,False,False,False,False,False,0.0,0.04202978776510648,,3.13040839401287e-17,0.0,False,1.5812004483528597e-15,0.0,0.0,120.0,0.0,1.8863933892007665e-14,0.0,0.0,1.0,0.0,False,0.0,0.0
persistence,test-0255,255,1.0,False,True,False,True,0.0,False,False,False,False,True,False,True,False,False,True,0.0,0.6269519264989072,,0.0,0.010748941451311111,True,0.005852258531228072,0.027363968461411797,0.026332165943012197,19.68634302677699,0.37932541557203836,0.06981823093145759,0.3774426744872903,0.011565804391977874,0.6320854742692644,0.3679145257307356,True,0.00033079544664360583,0.9448711032026667
linear-extrapolation,test-0255,255,1.0,False,True,False,True,0.0,False,False,False,False,True,False,False,False,True,True,0.0,2.869557404818083e-14,,0.0,0.01082976907491684,True,0.004162976449915375,0.05833653876732983,0.07712045307645884,19.65380803814069,0.38217778685462667,0.04966486863002941,0.4299694620889391,0.011618280739950656,0.5808846709290728,0.4191153290709272,True,0.0003322963311802596,0.9448711032026667
learned-seed-11,test-0255,255,1.0,False,True,False,True,106.39854732057728,False,False,False,False,True,True,True,True,True,True,0.0,3.3161964392940426,11,9.96017565366961,0.021634666249155998,True,0.015445882018155518,0.12110180975272113,0.1573276483142951,16.64849800130979,0.7634778552749905,0.18427144869441225,0.7596541406276563,0.04397865563773727,0.25952254008356723,0.7404774599164328,True,0.0012578406604006886,3.7156753622176475
learned-seed-29,test-0255,255,1.0,False,True,False,True,6.5053853268766915,False,False,False,False,True,True,True,True,False,True,0.0,0.8657249509173123,29,2.7843654835213356,0.013112509623169899,True,0.0044109678795116024,0.04105926333538947,0.053021454309697666,18.82314180072891,0.4627346966704872,0.052623439719837094,0.46061790277370984,0.012548392208546302,0.5510099183345468,0.4489900816654532,True,0.00035889860009774566,1.1239734997284478
learned-seed-47,test-0255,255,0.0,False,True,False,True,66.22789152015639,False,False,False,False,False,True,True,True,True,True,0.0,1.1067730279297188,47,3.6186013416986933,0.019048554822802544,True,0.014621823962448488,0.06159276602545488,0.07806568165720179,17.20137967825121,0.6722151206177591,0.17444032532088485,0.6688737729299801,0.04890521699846019,0.3480112515747132,0.6519887484252869,True,0.001398746040649712,1.6201136184128975
